,Abkhazian,Adyghe,Albanian,Armenian,Azeri,Balkar,Basque_France,Basque_France_inferred,Basque_Spain,Basque_Spain_inferred,Belarusian,Belgian,Bosniak,Bulgarian,Canary_Islander,Chechen,Corsican,Croatian,Cypriot,Czech,Danish,Druze,Dutch,English,Estonian,Finnish,French,Gagauz,Georgian,German,Greek,Hungarian,Icelandic,Ingrian,Irish,Italian,Kabardian,Karelian,Kosovan,Kumyk,Lak_Dagestan,Latvian,Lebanese_Christian,Lezgin,Lithuanian,Macedonian,Moldovan,Montenegrin,Mordvin,North_Ossetian,Northern_Irish,Norwegian,Orcadian,Polish,Portuguese,Romanian,Russian,Saami_Finland_inferred,Saami_Norway_inferred,Saami_Sweden_inferred,Sardinian,Scottish,Serbian,Slovakian,Slovenian,Spanish,Swedish,Tabasaran,Turkish,Ukrainian,Veps,Welsh
LUN100,33.14288962846579,32.443159535448395,,22.7834478504698,40.369803061379436,22.641329863865828,18.653058544482366,,1397151182.352204,,22.074173463543264,3.0599126276695268,21.372544980506834,13.574275235279668,,24.250066093381914,13.410523887478785,10.4809917516549,47.710081434451475,9.402970670102492,8.791063296259988,45.38049306394395,3.9654407007570285,4.801391515366906,16.693735426994106,15.781126634519483,2.183031087804765,34.45298036157862,24.575150717462254,3.774636016412113,16.689079663925508,12.648323976063319,11.946562490278364,,6.9585291353459215,5.896072120994146,,32.916647823073745,55.81371171391813,24.2115493791713,64.53517953621383,266416364.72135025,38.71086329715572,37.906829183694285,13.581936243112708,24.202813452746405,153248428.21640477,35.19230690812133,23.86798998309243,46.32290985132476,6.322035847881953,7.831077024479385,9.791351601675471,9.948417951367668,45.09382375537066,11.952767529258931,20.52171017422495,37.65011344936622,87900583.76612327,,29.948411889952443,7.964915201501514,22.008696854321744,23.824909919165158,9.116275718892355,9.072909320556601,10.574855730984035,,20.62590547349904,15.349524442100359,52.23902806471847,4.666166547765693
LUN101,16.5499657348009,11.845406739928174,,12.39564667695283,63.17985991602722,18.235808232421196,50.904702439966535,,1036525714.1847599,,43.42792708505806,29.445636540917523,36.9536305958219,28.79079215269516,,21.038971098934358,65.10548243678508,24.591058825454212,78.43298718480037,21.28429483256102,23.944815554263087,64.88075073847538,28.73661531260104,31.38288910001087,4.834183975308899,9.646869832197394,28.13460929562935,50.06749515069572,16.99345443452833,19.31947115562168,22.768985677421345,23.589807438020337,25.355186394015806,15113771.354110993,30.293404235207422,27.47469681079728,,5.997648683881925,58.81927947068061,30.713691453459848,76.05897012989642,49156732.8341005,51.48934619210037,40.67270171642782,17.980447280967365,22.196636366805443,413396517.5056806,30.695686673188725,17.79031773252873,42.068368490587474,34.06813631355186,14.247365274232603,39.12333575442014,17.68942835629544,81.53062542416096,35.77682046366794,6.444097085860073,14.400834522915956,213961871.27622414,,59.315632501114074,35.500106078438854,50.11640886461267,28.271969811889747,24.35286502390403,34.3764596400837,10.59887533231062,,21.94910748716622,18.525811032379128,6.576807523867287,33.03242433900516
LUN102,31.71539222138476,39.861429039134116,,26.72950033382768,53.426793720029785,22.645487427936022,27.598835756489343,,2748008697.0680394,743649499.5785601,21.64118167186221,9.501362624890177,21.883759512989435,19.379340261835697,,28.66322462296713,24.628467139706398,15.266408371512732,80.06369367177608,14.433783608110984,5.185000509805071,57.8920365912487,8.100329532424613,9.010743391097,13.822732593542474,7.677713431541687,9.551007507835862,34.57970179912211,23.46328137728737,7.455284491784382,21.664244480932247,9.619099459553151,6.040166282467138,,11.222646652160055,13.828161346368491,,29.287803876437625,80.21972252852424,26.036664373446445,91.19277769871894,235396974.06256926,47.91544013035463,42.99577078215457,16.07142482748606,38.203001049518,167281842.3342659,28.14434698587821,31.698528011469843,52.14301662358859,9.734466093852667,2.841018227980286,14.366391718486529,12.372050157845948,65.13516208252194,21.936440459018602,21.288036367918018,29.860981966482235,15974768.318717564,,42.88284506333349,12.723173032966212,29.889689892762185,20.138033865203347,21.073297269361564,19.09169216370346,3.1171672810192748,,25.386606273102167,24.68843689238883,60.03489780352408,9.26491114794937
LUN103,29.561363014777154,37.45490190842304,,24.229408548439682,47.72462924925542,19.93737856186818,24.742779027844158,,2176821228.8612385,535554092.27810436,22.568298544243355,4.795022880194487,17.356739331170647,15.631525828688504,,24.53934783902379,21.896785510036143,11.01425483189294,64.44519285121424,10.905938155742154,2.3478073592440665,52.594049172201416,3.5112867870883564,4.875718730745759,12.551388917302516,8.75139166416763,5.430108542572518,34.919536602837724,23.584487683665554,2.235846073575304,17.973317225329055,8.128481644749932,6.464886264677392,,7.658574534005127,9.32627041664508,,26.66607070328651,73.13334126878758,25.60917712368627,73.72694298105222,109521467.74465756,46.379276986605916,41.181053682913856,13.361680610110524,28.070041298375678,100229593.58797762,21.04685804921285,27.134927509265005,50.78801672346222,5.8995831450011655,3.9593850796008763,10.26976475894988,8.808751496642468,69.849580246635,15.65925939461592,19.02522692783129,27.563347944594277,6660549.872126327,,35.42724336231547,6.41868650461196,23.888026164887215,17.305938399816103,15.007079815788778,14.768966597665475,3.9484153564685927,,21.377262285804633,18.258243299898666,51.29487483905317,4.706998053859594
LUN104,32.24049028323586,38.11958300202855,,26.093760023617705,45.99526688723972,22.636153376552894,25.212673390592112,,2253945624.622372,379084247.2465755,26.516861503968638,4.584100194086879,20.314504881698337,17.811872490735,,24.913372878808094,20.69186728281366,12.723451188420116,63.45220241081677,13.147384462735966,2.649133103461694,51.344353134316286,2.801813341562374,4.270940620023122,13.433495483783236,9.763080902735279,4.938275393018912,35.617267969545395,26.355989884047045,3.153061196337543,20.217200777392133,8.78635002097956,5.185045694490133,,7.012194410470483,9.932242182271318,,27.330179722789417,81.42330595845931,26.65238349685151,70.5577021015941,65352994.31968348,46.540334571021624,40.656389201319676,14.651599574078514,33.01849404647525,141713414.51263863,27.22137208227739,27.397266465506693,51.245807564654704,5.578389831750193,3.25512977537986,8.910465384254774,10.117987850537919,75.53321745401595,19.30675445249079,20.78915340592939,30.115730301016722,38152303.8337955,,35.939890152982294,6.153256411830332,25.846797407306404,19.507672720760453,19.060196651924215,15.084216979122582,4.540134911607474,,24.80123751773127,19.81009021854088,55.47498202941418,4.129961785796423
LUN105,30.443619753300496,33.70692559738538,,23.189083003441937,49.117943848109164,20.479971893856604,25.360998450627797,,2110949320.5917907,460003883.0847099,21.318350847847118,6.947883561409288,16.275669462027654,17.11794960170421,,22.42516094624676,25.6470944326446,10.970200731843725,66.01284208079468,11.554637929995373,3.8794770931252316,53.87664183234674,6.070718599011372,6.651335494670203,11.62714908996743,8.013314967860182,6.479898885051195,38.81992538890399,23.356988642139665,4.744552650649598,18.57677889345419,8.652283821999056,5.3887352184191295,,8.529947482097768,10.08271477542906,,25.666904495544387,76.77200377042351,26.135918585188417,74.77575523303858,155082989.39278707,46.36646235570743,41.46794351030481,13.508810623215133,31.289742800112947,229461778.92871714,25.80936037711942,25.62248728070175,49.438039442498585,7.5554263564330375,2.6804281533651024,10.797088056856996,9.893461669145546,65.54668221890867,19.259355759186928,18.567340490298445,27.008321245603742,18542371.858782403,,38.62546501201477,8.401406207366875,28.253133748056797,20.75277326710737,14.717915736734138,15.7250435969671,3.5923628912774426,,22.66028607744686,19.324210547159556,47.20630934553296,6.320181588388548
LUN106,32.92316833364677,38.024167799618056,,25.079065999594377,48.00488398319997,21.237408808884016,21.870500872423175,,1848063892.0733576,466369062.46476746,21.891527513375735,3.8565545131972465,20.15412629353498,15.455388094715104,,25.887811712269762,19.714604056187255,11.232734586069267,63.10310682042031,10.622216362830077,4.512129817937975,52.73630913258451,3.5886766067424345,3.539313415297476,14.23237585286957,10.81367464927515,4.655366193349063,37.809741842567334,24.62560596581555,3.3940272913295875,18.13201797326833,11.183349588245362,7.376819744176295,,6.839576203717249,7.988131953835609,,31.13487249247099,70.4737488159258,26.208296030095354,77.85628723085215,245550096.38011414,45.06351066309679,42.1473153074389,13.916730127517697,28.569833020560353,175021699.32730928,25.32543726420959,28.26199517167259,51.20548720370439,4.95358487822812,4.7182859719374335,8.510699428996922,9.555253385328989,53.894839918579976,14.47603518565829,20.617857220144312,31.31763423730274,46728160.83889238,,33.44326955556814,5.616559975235895,26.362900486866845,23.221392417335164,11.358286368685679,12.662738567726231,5.8459531725949665,,22.303783012729752,19.02419577148892,53.476810256007376,3.8599112413369
LUN107,39.36714499865254,29.45109276714774,,24.976939312474133,42.99282737109963,25.238540104791532,20.195816682553225,,2221601019.607145,,24.915209351407015,9.249143313205563,27.23010845084355,18.603803020248655,,25.40005212139119,18.443998314953273,15.976297860080626,53.150008091701494,12.347766896935545,11.553510661518594,49.32724569849,9.223045134923174,4.155692618530122,19.55287873692955,16.544258120094508,3.1110571246652112,54.47359099624864,29.108315868699652,9.540390726320739,20.2359566710065,17.99876889312904,11.226616065466851,,3.4745416745361353,9.447322018980469,,35.66310853235572,70.50222906891047,26.137083197136377,69.30069182638957,429794648.9154107,43.039449823429806,43.84710922909792,16.65602124285043,37.41096379893234,314904949.6998453,46.264865251237985,26.42224055929767,48.96654224964454,3.0314521541964066,6.9994739793597995,5.639013445457182,13.715164416408486,29.407560386269132,19.236333386613982,22.6765041105407,39.11447775647358,149366581.88198188,,43.27043155211647,4.350766630899219,26.216620732068062,34.659876213217444,19.38708925474356,11.775727708210802,12.173298565375623,,26.436586446255056,17.450669597711165,41.341466041486434,2.3360198144308892
LUN108,31.961785699430056,41.35110574816786,,26.533697502287637,52.398589780958936,21.88216963780774,25.89979730655206,,2242283407.546868,722922426.0147884,22.35525185459008,6.921511069055812,19.575215247095485,17.878254815640084,,27.114455606491486,24.040526650431968,12.919211436550247,73.5255489719005,13.06813298099582,2.6936858065163403,57.03602709899084,5.438391911696654,6.526111643523117,12.873621384401906,7.798464296404146,7.260298571504949,37.2589645543826,24.54213243144656,4.7158455314721675,19.99443471603438,10.420257410519998,6.3970102921810374,,9.242982390286977,11.09885898465411,,29.177019837006775,80.44856270972562,26.90869415537888,86.04240870333169,189769193.61503023,48.70721106779026,43.60708658954568,15.284243705124213,32.223546368729934,150836794.99862573,24.01523948627341,31.865216484283614,53.5743608891887,7.461687256324969,3.3603137550614925,11.86389513710006,10.733171621351362,66.40245064480035,17.98028486399764,20.806886798805508,27.017659585374965,187211.60479751148,,37.75037815591245,8.593147125137445,28.878627924983626,20.581485504431935,16.8437625462319,16.627958732079744,2.7518777726001784,,23.73601062230868,22.081827668870424,55.42447441043498,6.30054297922182
LUN109,33.427936240513596,35.76836879367897,,25.553452989188322,43.757381833854154,22.830380387375197,23.186570323331797,,2016185274.917941,,29.023618724231333,4.1578317953795,19.404034610299004,17.195668213507894,,24.509843418571677,19.648383821596486,12.22837985133113,55.618864606722646,11.790415432217468,5.685452121751481,49.81018096625022,3.4001855126037723,2.7686880023194016,15.21014318827087,12.236428258218949,3.48935432486592,45.29797511405545,28.044248607914994,3.98399598939475,19.139443143728485,9.912137381234434,6.862605687869796,,5.406154672601201,7.774211563938193,,28.685134955458715,78.06052920742185,27.26805699478656,65.25878104098055,95563986.73208311,46.237964046863745,41.63356552551263,14.424864035815679,30.814682800260417,160338063.9577159,26.76466951937868,26.028699285570095,50.99066880993802,4.0355343921968565,4.780595829415891,6.0450405655402815,10.102805742698829,67.08737170121663,17.048808647412887,20.797351284352676,29.968114090140645,69779758.92153797,,34.573465344515405,4.479545983681331,24.75139565047797,24.813826175660353,13.435745262699863,12.556212311701753,7.354052771387587,,23.934835874700745,17.56829852879021,47.184616909758525,3.3674484870280876
LUN110,32.50989325106385,44.304726784532335,,28.436979508594003,50.70353652210626,25.573444034100966,27.983289906874074,,2193303595.9349313,695010249.241633,27.934716275730352,6.912521080369089,20.293088104694746,19.902057189273087,,25.956341720825755,23.34256653409041,13.826468585754878,68.7423685705068,15.655375958912774,3.1190911380029656,55.80201570618271,4.535117092997899,6.919418443791141,12.550487471777354,8.54315742542163,7.435862452716313,36.26014286146547,27.528286805307552,4.558333044955702,22.48726402483548,11.882005109887132,5.9965494805093815,,9.532511330906033,12.365905023420476,,27.203634291559716,89.0352636866181,27.845219024805868,81.59676187855503,58853093.45764243,49.35538431598813,41.671852143934025,16.600667590011682,33.03648371028312,97689870.72808908,26.346707199490197,31.88504747613075,53.647726967361685,8.49145868570218,4.228961710471745,11.940729661120754,11.876138223163132,84.84752828425447,20.51587644392551,21.798258010449,24.209367464375923,8784563.7973452,,36.459537486847644,9.435062047851908,31.263233952759784,19.787752479377872,23.11698116928345,17.925121396380867,3.7684626725575545,,25.54244469779722,23.33403236302198,56.46949694443711,6.360562599396385
LUN111,29.05663243952277,39.80915369886038,682567768.128501,25.716979645289676,47.88424700721453,21.190659816198924,27.291711515275296,,2657073832.28634,604087089.6348174,28.26093546933099,6.202489901146412,18.371220900148916,17.01353296490888,,24.58120154400873,22.789168800178345,12.416434295617437,66.07547285883861,12.428369733768099,2.8693858280277413,53.843089472598706,3.8631607825451737,6.171399201363143,12.582542558222586,8.135682823343771,6.079604861766002,38.48829775339809,25.431862574588116,2.360127265600792,19.361669048114507,8.911033025994435,6.083552701084174,,8.714633401834082,10.230618843042144,,25.415385966180736,81.14717354357111,26.374052267438454,71.83133497929346,25249085.789122347,49.632203710524394,42.56971430355212,14.49011738772676,30.313055199601678,11173438.098618153,22.667873628567865,28.964232679443832,52.67954314877337,6.854158144277155,4.7814384954242755,11.010717203258238,9.343784485501326,81.18526604958795,17.469600659100344,19.364301648681536,23.67236337644458,37380574.08765812,,37.12725109811053,7.488401113259852,21.87517323619774,14.712877837448604,17.60669018045601,16.23460265883792,3.8986371194371796,,22.251028672913577,18.706312880176927,47.202223780431645,5.820412252611637
LUN113,28.776105005567068,38.85609632376909,,24.64104679848538,47.47409242571534,21.62438321673795,26.62023325533389,,2047367837.1341658,586858578.8594232,24.050368432947725,6.050318253782834,16.89065540627894,17.029814432195895,,24.210429556383428,23.090036326512102,11.658747522737341,63.698088906288575,12.561509842384128,3.370576321528766,52.05971107074977,4.412125214084702,6.352412492920441,11.91190137838919,8.625830120979755,6.341763662573311,31.55406865657155,24.204961752252203,3.8095119333578253,18.917453685872633,9.534849319970895,6.962274544152726,,8.824266682905025,10.91635799795075,,24.35085679055123,76.70101289489448,26.14395389239536,71.75234218770957,4793445.045302452,46.62790025821289,39.59305253083574,14.02401039866091,27.380745052047146,70372503.70541623,20.88989768039282,27.096436007577605,50.71835254096707,7.508637718917975,4.535769194781733,12.661323795330892,9.681417579744469,84.6913878954725,17.20310370725192,19.06700219269795,26.445750088682946,22449623.497339763,,35.238145219332665,7.9699506849019155,25.832672533981768,16.932375026795256,20.93322221158301,16.348263467429533,4.209144085516278,,21.72927362950222,19.20562736217183,54.17614437367384,6.018463251976777
LUN114,22.056203842165345,20.87751749717991,,12.278221013839742,27.347688272732643,24.970793092557138,21.999517264308608,,,303553896.2653142,20.3747643818556,13.408401425228627,14.895095908210136,6.245171684228411,,25.411756387707594,10.414170314859621,7.878523391252863,25.341563301665456,13.26272233377316,19.21886307433901,27.878334372207153,12.767344331337126,18.53330153222919,20.68890404190572,26.031967186882135,7.652486641459776,9.879558819547798,15.291763013946765,7.851773124576291,5.680108608304063,10.884798000103164,26.09017018807377,210701457.83223513,19.74344020635149,3.947201727175238,,36.635297698783695,12.348536166515522,19.262337862121772,31.11181265730214,44612991.967608,26.085077110964328,28.096742862511654,15.708935384984734,5.187728290574238,17976403.506224953,29.91427518591371,27.073927384571775,37.1147516872938,21.396218808320672,19.8564057970443,26.230588372119726,14.33480957902049,59.25269164725469,4.741111486978196,20.28397182156873,55.85216594046177,4722318.160073449,,23.82027524348304,26.048533686209073,6.699523092189752,15.830174439200407,10.227400602215498,9.484929215396088,21.927245801167427,,9.149986643847267,13.301101587238238,63.62446115899525,17.924095728305996
LUN115,33.2249976301586,38.70302787157839,,26.74585042320281,44.2425262891981,22.832583897836592,24.45212705606587,,2242863327.5771785,,28.517599582966355,4.037257759656876,22.235029389838648,17.71081556308323,,25.284131444225146,18.371055848168986,13.314761510686433,60.3831075076422,13.326862063672394,3.8836539532718546,50.110265788842575,2.3854062501201905,3.4230950498195427,14.429884707554278,11.124077122637487,4.664865396843485,35.913536377112315,27.29592163816663,3.1069164427338523,20.728003097436485,9.70728713273143,5.898649457258275,,6.230410551998906,9.543600740886346,,28.87978115635252,79.9401679896034,26.419566764104545,69.27476484525062,89369565.3018079,45.631405247216136,40.28899001358462,14.927169350672122,33.41205913077804,117212871.33245578,30.299837622954538,27.491104541520045,51.020595732315975,4.819621139291014,3.9999171634182957,7.44106209653652,10.330847096052342,72.76027824559668,19.000788027943738,21.567431057648307,31.48391853387929,56733601.11509463,,35.064584089426894,5.026906626585731,24.925859621233425,19.832101457788553,18.310385818102453,14.388794363545657,5.7871724938080575,,25.29226498245958,19.681239039473194,56.18406042797632,3.861690192024231
LUN116,31.142672897464553,37.9608889697985,,25.21198212454651,50.984795249730865,21.46437180178969,26.148928279510947,,2302837219.9509816,625146194.1182972,22.121657283008176,7.01457504116319,18.30948457559593,17.881256899459277,,24.747109339730923,24.609167178569244,12.244981259442195,70.79159067958201,12.76512394378943,2.649460571824149,55.818715305069496,5.652684368802462,6.744432502251188,12.068039628392093,7.454876530757083,7.004093004360097,37.22329071656356,24.031770698373172,4.626947910531723,19.87315126619077,9.280807473363012,5.248251052426646,,9.056921955850974,11.001429236208791,,27.26066385655967,80.14571060748935,26.353674944575435,81.65076416599666,172128676.8873232,47.61210146016699,42.391227637235744,14.62087499186968,33.02343924273862,183173938.08866847,25.242939365987954,28.867277897705552,51.472871170214376,7.624179778195263,2.244737875836428,11.467474489881418,10.5278739450854,67.5155885933603,19.493120516338557,19.859451443995603,26.68253130404063,5929838.217538887,,38.947212696534876,8.94201659378039,28.822092664767837,19.726453150452716,16.99788082096128,16.706351880160675,2.166432207181476,,23.708639212923725,21.360978831152817,52.06550362138623,6.30391707332493
LUN117,30.775300355655236,43.85915632165439,,28.387379851084958,61.81782362839992,29.819815744436454,35.77800504188115,,2686389325.981507,999869519.2311536,26.67962160414795,15.044889310034806,20.95322118601638,25.40017569721495,,29.226331540276234,34.42702144334978,17.18533586076649,90.62985823788136,19.60663111072596,9.939462649227588,65.94931126759721,12.912276419236557,15.43161121076908,12.907162437699736,7.896290121941528,13.885333286644515,40.90945921324741,26.02081261157597,11.143841831351319,25.021170031170623,14.998544482701817,12.675918109423757,,17.102667726770342,18.678590508076667,,25.69384700540184,96.80848930581449,28.440000091937463,106.12136858844359,122853012.70481323,52.90972759790596,44.275278367731794,20.383685217778048,39.03068233500041,181461360.41116875,28.313174703336937,37.50467178391496,55.46697518587773,16.064739147388714,5.255092097629224,23.762989611536874,16.59350131826475,88.31371251167843,28.728750489675534,21.288700315986457,20.47899914158625,82656432.94911252,,48.99381840470477,20.328814587942155,40.71204850461614,25.946201187424847,29.861240609180886,25.63022148926267,5.783611134185965,,27.110568632535553,29.20727115892778,57.526928536584926,13.74130479271276
LUN118,26.12106182598895,34.40149036857431,585263856.815887,22.281146327915238,51.27755343613334,18.829358493568275,28.573450187831703,,2712247107.6218486,524089349.3136187,19.095705695556845,9.374117941744254,16.187626300145862,16.66696488813281,,23.036770155426968,27.21551720265197,11.360173861331809,72.26717877432148,11.101329399604978,4.590918708288846,56.298789777938126,8.06215438996345,9.518861854276954,10.633474286142858,6.011542261928479,8.632196111273856,36.39587808558181,20.57667452880662,4.727447828257616,18.205884452018946,7.804353298055196,7.075635939955101,,11.180773745506078,11.953953540771517,,23.325951262786802,73.97899649312333,24.795831396097004,79.49704782945341,132134046.63499679,48.16706777016016,41.89229977128663,13.053798411912888,30.7957137764157,96025381.56779858,19.684576087314902,26.857719283224913,49.66972956709058,10.072124104964962,5.09957635539117,14.069181714500198,9.461948073539885,71.63620998652306,18.566935010150612,16.992831469647168,22.945740163492125,74117619.24929278,,42.704265412854554,11.487807385601721,23.883839800934837,13.479668139581303,16.28323673253566,18.565622919982644,3.29908209312127,,20.495507954567536,19.22858634770028,44.38024084911219,8.772675870752183
LUN119,33.04168530924487,44.82954999216868,,29.023471029528288,49.54131390411159,25.162833618649298,27.4115238966665,,2456783065.7095814,659646025.645909,28.490899376596644,6.21398059515986,22.65526330743776,19.434424831134645,,27.18989615823897,21.245858175713845,14.596609496252068,69.86258298584002,15.650906416543059,2.5125685756085687,54.9514070810826,3.520828229196263,6.071774600859525,13.509127906332878,8.868972401061315,7.072757243288269,33.90074876039433,27.51054985779837,3.9341891300156906,22.782774427707004,10.61310982877154,5.818939774783047,,8.885351550387,12.279302480874449,,28.64291838147695,87.57287858313116,27.15061730107226,81.37407529653937,83804120.84209123,48.71676826632596,41.69317681998732,16.638082335788436,34.92382647814207,67153576.18623658,27.438203174035408,32.42172903129235,53.766670897100106,7.5397983242145505,3.7360356911794304,11.121250008138048,11.711066518474123,81.70449449469571,20.47378798071713,22.47907215075071,26.869309136690113,12959793.502582533,,36.66549453251947,8.506580928737264,28.91633977709931,18.29725459427933,22.898293575542873,17.571349094281185,3.5999329459615996,,26.23318077705084,23.356909542769742,59.92534514806601,6.078388229950202
LUN120,32.6502440731011,40.29050599235813,,26.930162464906353,49.389709823795016,24.07420391390602,26.65577982640501,,2152754312.115261,595842592.133985,25.86803421602416,6.109669390006683,19.265752484032213,19.193958817429113,,25.591247737053116,23.865769631486486,13.095180779256689,68.3694871884017,14.347710316812215,2.3767212718645085,54.16622087352341,4.290356233510178,6.116293879673358,12.655013462740342,8.517427431749082,6.438918495514959,36.704913133315735,26.741509336236337,4.193784831143279,20.929651812297237,9.668882103999227,5.4090884688838266,,8.686210211985614,11.230341331032667,,26.88545444029942,87.29594111908594,27.902331696613086,76.20152730284656,52611537.04739871,48.61575629369494,41.80689085178841,15.592159653625384,33.43579716214499,174011667.6049622,25.939863012144095,29.379123206497663,52.917856736677194,7.450972076057938,3.035298319368456,11.577317109992915,10.946449009759144,79.74031716853781,20.444390646974156,21.073423621396245,27.856111640453644,28254068.094631005,,36.70957670098442,8.466320082772326,29.706319028038333,21.21485510000303,21.290398651863107,16.59563889402181,3.2187489802108598,,25.457555208453623,21.617809826435536,56.65562018634896,5.593445718117862
LUN121,27.817003162181056,40.104719376170685,473532233.1766976,25.206648396490554,52.19019254889395,22.03324705350349,29.590084833645506,,2819241373.6419535,773153570.7472332,22.908515336551147,9.07089185349013,18.450937101268416,18.217814438342202,,24.998557758810993,25.875614116228306,12.939785450102837,74.15727041750478,13.288669566797397,4.284186792504595,57.62759897832565,6.953446342204799,9.08100670458817,11.499739645757103,6.207826089310503,8.492879568173512,36.2016708609621,22.917114999833984,4.8042368481866085,20.344518167172364,9.472186999039854,7.254810440658546,,11.159982448743223,12.72226021684273,,24.76578836457929,80.7422619914485,25.507439751880586,83.65821998455928,100981580.61574772,49.77075665697923,42.53097319999805,14.918510862236275,32.058800434702896,31039345.037193865,22.19948608375311,31.286713478821532,52.219772088590325,9.776827231404114,4.805748119702654,14.01603860294218,10.789168575169253,79.53106435311038,19.237858489528893,18.973695241166162,21.498199888919395,75442831.29125261,,41.62554905196814,11.000706057790671,25.756749551088248,14.039919231252249,19.454698486096213,19.270864571295974,3.071979077680675,,22.19080769706783,21.386669312341464,48.40130367928468,8.697756650643244
LUN122,32.54029861895798,41.480951843885336,392203897.36738074,27.229297666041525,49.44211911138319,23.50362281059321,25.97122559850611,,2082598752.0132432,569828054.8522735,28.06256002087381,5.512670204338577,18.16542536100495,18.290043388528503,,25.819233497396457,24.09979283429996,12.674272101651574,65.9496242731836,13.392348156516947,3.1211277187438986,54.570283018149105,3.4395818649977894,5.392696071971022,13.417429259328955,9.308933135672149,5.861653561660857,43.105923499786044,27.585074127157096,3.3032212953257267,19.851710507715918,10.434414782582332,6.121086055662034,,8.260938975067463,9.718111002643747,,27.85415992137408,86.42633350379884,28.651124822975895,74.28565844057236,47556227.23089608,50.202736185493265,43.62808351717343,15.41035401294841,30.793162745465175,132828315.98182687,23.315559611747677,30.073043911238738,54.50092787008249,6.860218197917945,4.563104508928432,10.246701198903112,10.256860014194942,77.7709113924334,17.696467875087205,21.055308690452684,25.48341611436615,21749817.29839086,,34.9035337516777,7.396600524021996,27.63778541455453,22.69364134885018,17.755660231148433,15.261366274874495,4.518107918754503,,24.147590497652125,20.212889714570885,50.98727481677032,5.616578540400087
LUN123,30.00999234803969,39.69424135382455,214923566.70493168,26.044822533917873,49.322314700086565,22.265442486017257,27.86016369811337,,2706457136.676611,698524733.8151824,24.59045487072939,6.983924597420767,19.67268543729635,18.10078366270718,,26.868085789919125,23.612152805297946,13.598094768821367,73.0110510445392,13.60395977253087,2.2086255369006382,54.10082080121681,4.862649032217003,6.85312054561302,12.85161334145739,7.133189906405813,6.9504816032512435,31.888549548697377,24.370443398763058,4.230051299147466,19.946758415534042,8.354482265908048,6.175617617437851,,9.517431597765215,11.992986197747108,,25.488219991163707,82.16509528988004,26.173724758175663,75.77786426443801,18060723.07950705,48.87164778951619,41.760184371595166,15.034348623315932,33.41589580359869,72163962.78681582,21.937634224809777,29.594344537965835,52.831421184384055,7.8776625638217,3.1836342503046984,13.541925999355717,10.224890499658818,82.77288785435655,19.605248110940888,19.95306246160202,28.390173801338765,35438536.750178024,,39.18723597036124,9.171911555359209,24.336218594405885,15.577089048013917,22.33804875236545,17.67980102689343,2.1803703278690847,,23.906606862847248,20.50066105399452,57.849310510526564,6.286158459135247
LUN124,29.879219448125543,35.520361554345236,358705972.8616355,23.15094695574363,44.379713526988624,20.566426636034276,22.687680520105857,,1689442374.8181581,353876709.9406235,22.89163987043119,3.169880939465157,16.49759765201507,13.920972250928877,,25.432861692576797,20.354770001842688,10.027638725807007,57.32914106025794,9.530847016292835,5.703327034760566,48.467395921310846,3.1135786822835323,4.747110991017516,14.192027654671291,11.858917392617718,4.09212680339404,34.69741736408925,23.87771716696342,1.9632189838281373,15.53278143750588,7.381264841559763,9.42210966230721,,7.411954305472248,7.340957335515926,,27.874670523127,66.12758812216406,26.188927398357745,64.21097318181891,47734523.0622984,44.50110810382674,40.269503170426944,12.643046834057154,23.36455274690522,117559341.72260702,18.73925473491594,25.091924271005205,50.31068838841167,5.958362793560639,6.238944937409625,11.208975941376055,8.066093509156264,68.59168090197352,12.613740714938775,18.993663680431737,32.785537621858786,19854484.495506678,,30.97142497015004,7.0902856248770565,21.46719297391279,20.968250593226156,13.320699870748426,11.956364008791896,7.159722252559946,,19.870962537501473,15.51829791560597,53.789931497989265,4.878939002195585
LUN125,37.44208751601516,36.75098863335847,,26.021710715831254,41.76419836944042,26.846042320328525,18.844203453757753,,1201306781.259069,,26.38903366157054,3.5359913402184833,24.4069138096475,15.55428540695458,,28.274246402206913,12.99992093378874,12.003433890216497,49.011880127937545,10.805334182784582,9.916844642237978,46.47415654383297,4.669916838786213,5.171140385554049,18.818414241607858,17.03125131989803,2.935473504404665,42.72287853044622,28.490503465750276,4.379731453043794,17.55674425874729,13.778666248272895,12.625017632301942,,7.195948955918136,5.233003746708742,,36.77262105423854,63.100309155049565,27.378105126278342,66.44335176251435,255482857.57154846,41.36820190627006,40.866921327523826,15.179332424092864,25.845810452221983,202055609.3368761,32.74102294372187,27.619004787734955,51.09392362874321,6.313434254122248,8.341533679311686,10.524743849739746,10.912726954833754,43.587973100495816,12.242928436941426,23.056492673631407,40.65419241512103,136387444.65876302,,28.010639712067302,7.75327422866725,25.023480829500617,32.08092192561424,9.611491393739826,8.177504392647032,11.211745574806983,,23.292272305364932,16.560811617779674,57.13283619111351,4.627158171856524
LUN126,19.346226708865824,24.649173991654028,1067662891.3169659,15.325733200728626,50.29539313136685,11.684404717757356,31.172094621677665,,2646512735.678728,,12.561076227334551,12.90582090599735,9.383772226236738,12.198381643118466,,19.55287590170513,33.873066938412386,7.156304751659262,67.53919055060129,4.890705737418624,8.925448717294032,54.40317398854229,12.5944859630138,14.288734966000304,8.324334700627015,8.571922777218475,12.169988430814612,39.61215823122454,15.648341355725032,2.696053763626611,12.388085757780903,5.496114279186568,12.160096271565129,,14.974657223461913,12.326453754055846,,17.4448463248473,58.3060631206584,25.927666494038316,65.70009259442823,70264971.76408933,50.04713872208942,42.83713956495224,8.110217971387518,21.19132316925079,28120660.368923154,23.571082224637195,19.60736866257103,46.44680048246351,14.114204942923342,11.317965998722768,17.608691978452093,4.6515467448526575,67.17696949708893,12.612273978542614,10.72218986361065,21.078517323693358,162712471.31178674,,45.487598022035165,16.324914404252187,12.56814674487808,5.90005635033773,7.695900399024991,19.438096289166126,8.550461527256736,,13.620330313955378,10.977731252948935,26.192385126793216,12.8836124643747
LUN127,22.712804841361063,28.89483325273018,855580419.2794745,18.43208080005413,48.02358130310577,14.889716514604418,27.957971290360224,,2402583714.981896,,16.768675359169126,9.094507945124462,11.337368846228092,13.607386710033607,,20.03898489350677,28.726916389959605,7.98981130967073,64.00096493631575,7.219211457454245,5.675330810794891,52.57581036830313,8.479960751397412,10.040158062839044,9.62135503834436,7.567436768110053,8.502130606207945,35.73092599069938,18.473153969268033,2.2666791218370617,14.378397487509211,5.715332351538011,9.061528921802328,,11.316970752474477,10.385212358007873,,19.672623760922963,63.50749709708742,24.76028186626875,66.2123006408132,48345923.94943484,46.99089153766232,40.697192669006526,10.156964776084243,23.317264697847293,68308925.0219916,16.407012663356973,21.29951666342402,47.186423093915614,10.374193697983598,7.308536106393826,14.191766134404867,6.349284106174831,72.16356844313354,14.27700019836606,13.790037012064735,22.886508024112576,94469750.12703067,,40.48914119711861,11.750431983397641,18.0079466957172,10.226305909338192,11.310259289669258,16.945682113527184,5.662271805828952,,16.44572049983407,13.603937615178747,36.59051953831173,9.292574176875076
LUN128,31.16748956459875,37.247920628356965,,24.967067689901963,49.136077360959426,21.082423705043393,25.386105887013933,,2258079599.310335,563651957.6848558,22.297816736938305,5.7017141096186625,18.030601557049692,17.13836799918794,,25.763765206482436,23.821990402925703,12.075700317869217,69.36306061983564,12.0424258712926,2.089185756607151,53.55729240340432,4.431049681485996,5.555808505818941,12.805072298388712,8.104871294165154,5.98650444272177,35.890863720319615,24.24586139208887,3.6121464350969275,18.586062777148832,7.571294609773675,5.720378819600162,,8.227455036930097,10.110837621724416,,27.10663443873954,79.06835154461628,26.682859634964558,75.04327339664613,99840106.62843014,47.61046126175385,42.24775044351005,14.178385687478436,31.879641825601155,176182938.26324332,22.638855368299016,27.895716429919773,52.08278555486282,6.626317589697146,2.8717459816695494,11.443632061103253,9.51821445073492,70.23114181369273,18.115723465345347,19.761533426752244,30.00731039624824,10446165.224348769,,37.34156702633821,7.494420157750314,25.80180815752881,19.840543841401058,17.33591684318314,15.510600777644326,2.9892673844257196,,23.432919778214703,19.569617266268157,55.09247572443831,5.047389925966498
LUN129,30.474695285941856,40.37758066942824,735549939.3507296,26.29323063881899,48.392305019692245,20.59272453831346,26.018807884359003,,2657536928.269501,618095551.3546786,27.554903245861034,5.6827227061893515,19.949910769471632,16.37086473833388,,26.74550816202481,21.67467323174257,13.08053612874417,68.53974887357951,12.02211586238062,3.0261850451419536,53.98734987321774,3.761717024795277,5.370252465486977,13.549118291977242,8.369942019477065,6.10015987043845,38.899852736541156,25.531712968057032,2.78660735803276,18.91708443485502,8.139460479198336,6.614310599505525,,8.194094437789818,9.737624570872539,,27.89235493841101,79.97925518128281,26.46895104621341,74.19470824652689,80902469.38598843,49.818500806813546,43.84842800329671,14.615169933199123,31.100779114853736,34368859.427269526,23.47161091381594,30.031656182705365,53.870436093348076,6.0517183885621355,4.340435607864571,10.752549083798865,9.172698864688495,72.97359651515305,16.673745933605087,20.04796102544627,26.7976796647541,21205784.873210087,,36.58035902338816,6.5884131577750695,21.442590850386498,16.51199893194138,16.09654605851403,15.290264783578646,3.5527059220767314,,22.748053792366427,18.713814600923833,50.73295951429407,5.264778267736844
LUN130,28.60060991095513,37.56479590331007,531085194.9278811,24.78113555598297,51.54994589551639,21.612971369066337,29.00333286298136,,2758084983.00491,682849383.2624904,23.437478220437352,8.613389539428558,17.82393857140837,18.33941749264514,,23.442501590076386,27.014443515106834,12.34075513512485,72.49114574572835,12.991275299975525,3.6333298580008,57.13603513815669,6.658178745799695,8.655415402208382,11.24409841907349,6.427171096642022,7.541338072994492,40.06168459344117,23.739959457615086,4.074310441883382,19.927689347449718,8.965942650677883,6.059258055708847,,10.592081447826553,11.587022891683459,,24.884297422607712,84.0817257243055,26.219702504650872,79.15157135445298,97315680.02402154,50.149056763029606,43.181312637870946,14.632959747375034,33.62508348962059,108561076.49755387,22.0239238167091,29.028389368972142,52.04186683985572,9.309180234011437,4.248661610203839,12.896832055853997,10.400283196212678,76.98555962908492,20.277035007323583,18.825837971185436,21.96332795624852,44842288.69428697,,41.79472491257641,10.538744170863728,25.847868962799637,14.963717624698628,18.098885147270146,18.362512681987738,2.9002896992310943,,23.007037370004177,20.659435112958885,44.85920651316416,7.934257298217143
LUN131,33.866704880016506,37.05358653642957,,25.230871376848707,45.231328921216466,22.167712646295147,21.29461562206567,,1828687325.7559078,295715507.8485463,23.488066692465974,1.8876308738617935,21.15802762785951,15.32745214725972,,26.656654799187322,17.481724573903573,11.612212496414374,59.355897585934564,10.584934302590066,5.421482291611396,49.88600980957714,2.269606526030207,2.145587415848595,15.350195124722468,12.223913853858692,3.424696488709046,37.495665356721105,25.678868452174523,2.486125725409078,17.785219728954132,9.750373622830775,8.205504701629012,,5.843467120420787,7.119397540095263,,31.815614264148135,69.7824221641327,26.374373599955273,71.3676697342263,200461174.35427272,44.12344889283884,41.417750611933904,13.915786900281086,28.867054744123124,179673747.00874263,26.802171257842893,27.209386363096833,51.1861021153479,3.9206708681530444,5.107579128158119,7.854327619685205,9.309719733788544,54.79793378219285,14.325342167174671,21.149730846171074,35.29650975352295,72060574.48074824,,32.18032409895323,4.331879726591476,24.469101706113094,24.565948108999116,11.931260696678178,11.379236629825211,6.893083416580878,,23.02872404565154,17.816351206866216,56.37133792926025,2.518879755845744
LUN132,24.78941520242807,32.09551540279606,777428014.0159193,20.104250782644257,53.573444231284135,16.985078594485607,29.223581832219075,,2114001923.1784563,,17.10271578278866,10.878684937333084,11.812692984062034,16.378329034427306,,21.440078389589047,32.56700606730606,9.676755347356208,71.99302719891473,9.956953720254852,6.313469874637487,57.69913595698701,9.974710733076217,11.527722250249868,9.197304320864964,6.051973077246142,10.228744560272663,39.686629413416725,19.048911855646946,5.2831932931251355,16.13117982365417,9.970765700197935,9.37345267602261,,12.710850310353585,11.935198828887712,,21.902010566903066,70.04140532726969,26.006434404824564,79.72100177304632,139511344.04132214,48.793884132952506,42.85864913291457,12.173770523225357,25.769587604105304,157452785.21646538,19.26105188280523,25.88506539132201,49.628184646511386,12.009041124340682,6.541911156310043,16.308612680742584,8.829439689258203,67.88630841353968,16.92719458790524,15.193043081013021,20.81514931497733,83668727.54909241,,42.39101611119818,13.470777355056015,25.957072195158876,16.12986260680403,12.557797765373278,18.787268707109845,4.325896741373684,,18.209572248559283,17.661034833846355,38.52463616901481,10.938745796488652
LUN133,28.586938386889287,38.530170449093745,441992954.0884792,24.57314164091671,47.38924356687623,20.108068456683245,25.989361346465028,,2358063844.888321,576352559.0163735,24.752651719506105,5.336831186968828,17.340521667832995,15.912655326759205,,24.360417031224166,22.054733441629548,11.377241519458831,64.35514966083221,11.413510651496612,2.3899942473924582,52.61795333862102,3.5872882510218562,5.483730789624993,12.36290296809856,8.450700859281335,5.7611564132361845,34.66062661717776,23.93551562888151,2.065219544925973,18.34058547087607,8.24895596362711,6.551266307388298,,8.153975349059579,9.856988898191942,,25.45274587253959,74.95628326145594,25.63296933931793,71.95117206512919,50935153.6469505,47.38900222408421,41.14911037915893,13.614295610066774,27.82967081772015,36664543.1174108,20.65975295181639,27.61521152106635,51.22193287879165,6.30983587137885,4.494083680279544,10.870531263256531,8.806254079420162,77.26243634747307,15.933549556909355,18.83566892803217,25.5509117445036,30604310.244737685,,35.76526413128277,6.792802111872936,22.36827409949296,15.02856578740467,16.682385205587376,15.530686551666745,3.925512005202679,,21.153733830997698,18.09919767697103,49.873732664934224,5.25736263298051
LUN134,36.15793955563176,45.58742022540343,,30.744874466109348,46.94066237748753,26.997185573363712,26.43727698272667,,2220879014.9197206,,35.0328140494837,5.600736164400235,23.779498067866015,20.57795568905059,,27.529985380186464,19.78963363449514,15.294271109725065,63.471123584808204,16.462863040981926,4.573421076690536,53.13268676691914,3.1355879745452544,5.617021046672981,15.181159121156641,11.4782711554278,6.442325421827535,42.28066066573014,31.553716790538772,3.5186636841052703,23.60175561003562,12.142137317109414,5.754161542344671,,8.12295336002972,11.08966468415956,,30.2852352996915,94.24766781156752,29.582634480184492,73.6660824238157,31658493.356718604,50.08420099707023,42.75709516679517,17.457214546301877,36.16752276414231,96924465.31145649,29.94326652011879,31.93276680291437,55.392006698991835,7.755592146840447,5.762071301101179,9.074292713915959,12.001581482592055,83.83933718617887,20.953648884197477,24.053163819860014,27.93397840769656,70031790.99453898,,34.69782014725817,8.63181721339472,28.917299343547953,23.441064603730123,22.294297769031964,16.05510385953661,6.220340655628375,,28.230687711959728,22.79753500165906,57.774833088254496,5.1393922657519955
LUN135,29.916746170398532,41.31559033440729,,26.22837640411114,53.86062985930781,23.088469392534936,29.113914115710095,,2489593398.9063168,801606255.0386918,23.00177221382155,8.91034122429478,18.191698378841615,19.29718749296841,,25.79476330523286,27.049796697588217,13.181903334297097,75.91797836077379,14.2449781889103,3.748020943294248,58.712160851022404,6.901316993930311,8.911370345213577,11.597978834538766,6.324463394762645,8.577232824597823,37.39413239290494,24.156567493087547,5.399100051701806,20.865978161786416,10.623212962284752,7.144176815303116,,11.121452698531009,12.812090130873734,,26.09173452281234,84.69386760490313,26.77880823331561,87.17068897655275,120735719.05418147,50.10349788675571,43.21099014879598,15.781890808741608,32.85603434590409,114332719.0619818,23.37953411427686,32.21536879567482,53.409689021260725,9.755558201014882,3.641559109355279,14.43613151312461,11.484331219144952,77.65186489304591,20.26913042222769,19.93230672438905,22.532250326614847,41917647.47307878,,40.768015938327984,11.297544252757323,29.872844611045938,18.03790461140084,20.25967300130479,19.136193346798702,1.9561738502711215,,23.624908913378892,22.785577582870268,51.89708175100029,8.218943470345067
LUN136,30.696037735890005,41.44383817480122,,26.39677908173295,52.47272976983003,22.67013911845891,27.660001487479537,,2366265260.2883153,764016434.2240397,22.905606391462204,7.707386769152933,18.793840433524583,18.647122395787473,,26.43735858358717,25.07019935328547,13.12218746811888,74.0132720650029,13.864762365116517,2.768325767050959,57.14957807077273,5.840814424228657,7.529253247626208,12.158895071784462,6.935607937652116,7.85081479763398,35.29040916004721,24.379818645002988,4.98523169343339,20.583251083836704,10.023788277070873,6.563988120818066,,10.025049289456767,12.245375701423074,,26.973325457406933,82.38232943651636,26.638802020569653,85.4170037704293,125643544.24011597,48.9352783498368,42.59535041533834,15.50972556776212,32.286350239454485,119463384.66869286,23.54170010648,31.613382495770285,53.11576901605237,8.457688828027752,3.031670401799569,13.400275506190958,11.092105574033086,75.40853285178693,19.381760814311704,20.3176182797193,25.11653886381651,23125901.266994562,,38.956081578892494,9.820457589443553,29.32830643616252,18.653070538988576,19.943701230462608,18.051415656945093,1.7042041392676215,,23.728555434369824,22.37583751430503,55.36603179323016,6.982882405035858
LUN137,35.77633394806352,36.26650924794825,,26.353577379945577,42.95007320184492,23.225135462294844,20.803581299858934,,1977943111.6241424,,30.118282928428055,5.284920390903646,23.292916471932056,16.898359976554875,,24.86503624135043,15.923877586822092,13.029085660098142,51.533803821450825,11.679501430586088,8.141836506638793,49.96697619922123,5.492057634727978,3.078589707264749,17.35080067785939,14.646312835547945,3.553687024159753,49.03947452253933,29.296311954052367,5.766216063116897,19.97345244023624,14.340650110137704,9.16872009951757,,4.976746554918041,7.252069264776865,,32.84645698016581,73.30758114503863,26.285960450136013,69.0033340110954,267384068.0308049,44.48591036316313,42.37501289362807,15.604466188931811,30.707454105351236,135606110.45672968,32.50360549626537,26.13403554285341,50.35251826642513,3.8684890503049085,5.922728005106533,7.296886058242266,11.316898095372675,49.31691795428937,15.575613107633828,21.89805747828196,30.90877454961804,95640803.11355327,,34.57820869080357,4.1602632577760374,24.440538248869288,27.212616115165716,11.527105696069507,11.088835270871895,9.544329275830425,,24.00894605076232,17.35669864194588,43.33504482870778,2.6234216987975643
LUN138,36.36686996635718,34.80799936892424,,25.84636832970681,45.620690237078755,22.356812855426632,22.51802886546462,,2237932833.336639,,23.344205398386038,6.713697671313274,25.173343721252753,18.052348617240032,,24.63635336056642,19.356111817719196,14.3136582154662,62.86476722816823,12.951683299122118,6.713665517296047,51.18894860968885,6.267874425629003,4.500198007398502,15.447316798721197,12.303907636149596,5.7164865785442,37.385308815025006,25.803355481329195,6.520205918054789,21.483596404749616,12.732599365132758,5.828897120503643,,6.360595865441273,10.29340020071502,,32.72996263959098,74.18542061066017,26.034201715779396,76.58075707034266,330766458.7330949,42.875860298626684,41.146093649825,15.159687376086614,37.980123362471566,266956021.36041212,46.801365380272216,26.81643413183562,48.6005726336988,4.6780942829519105,3.9207209572590838,5.606236397367644,11.918997235622292,47.78661993168277,21.583652512638803,22.234693784875308,36.04449805944614,105905411.87076284,,39.58474758975808,6.8351001092705195,28.537036423296005,24.69412255656053,16.483313886936667,14.190653926006052,7.052453912283984,,26.72523135351165,21.40523167185021,54.942475872343444,5.397445532591265
LUN139,32.0356075408783,42.99927128924026,,27.8496282894107,54.121462898627826,24.50449421033107,28.935199597850705,,2510974150.8997235,845869961.8721861,24.386872888490146,8.48143489973822,19.609954559004382,20.183981149810826,,27.657514195358765,26.826068751112338,14.282382215018508,78.54359905375274,15.315678660737284,3.1217035107416677,58.70815915218302,6.274270503502008,8.44509050761142,12.602500696824587,6.805767168080657,8.341212713170405,37.52457756878275,25.810463006588318,5.4156534419323,21.5621939243983,10.324401346806138,6.9427688605198234,,10.962002100539156,12.982351243038462,,27.576225704725122,90.22334934388662,27.909280240437074,86.76322557400935,93716115.56892781,51.27870197627914,44.15075284339053,16.77954152057452,35.3772877737124,144169436.75328323,24.772703188079767,33.42973234617811,55.2573739160247,9.445595700135787,3.05298536138328,14.764312974862674,11.907021389955291,79.58736370261443,21.28623147818987,21.283270013989537,25.172126126385677,19745478.66823166,,40.41256399701863,11.215551186435217,30.472321289136076,19.96542922534238,22.376306859171,19.0194471537174,1.7303669086397773,,25.592378820052108,23.699613830257626,57.083171890098804,7.590059737498189
LUN140,28.67955895830125,36.05407239515947,,23.583680589643677,54.310009066434816,21.726397112967007,29.318578817268353,,2165705937.3238835,529640203.0347769,21.71741362129513,10.924245342088696,16.179613024771356,19.803469673974732,,24.72135467308596,30.186426657644063,12.882846361681565,76.6850861831365,14.078860594584208,6.24483787470525,58.19437506154946,9.746478394091753,11.073587508526302,10.707312845375714,5.675993650874107,10.535372448235663,34.60639226053043,22.241735521996105,8.037168490941605,19.973498476832546,10.512303520211224,8.267443515286347,,12.698791550570869,14.166874615315418,,23.648061156992426,79.43664418837841,26.364515366094064,87.44443380239152,129380425.49737911,47.60718292902466,41.36074977877509,15.422163232819813,31.906332488019444,220218333.61932537,24.969540579177476,28.442421955433456,50.41249405571717,11.839931829955555,3.043954158512304,18.43914505367031,12.013268882048544,74.66766935150544,22.69933736566565,18.172188289356413,25.080733325245887,41014633.2573162,,42.62459400811621,14.188497317484714,33.22293113322873,21.280748454244122,21.357382835475818,20.135531356770514,1.5160307643274198,,22.843480402281003,22.606354853774437,53.72931037856174,9.889113324155812
LUN141,33.78237686840232,42.36984369002141,,28.806391159133348,54.42854561723637,27.05597673590266,30.129249095788346,,2537527770.3482428,835481357.5000929,26.046374169410782,10.611463287290551,23.145555835288718,22.31790475622423,,27.835386930890035,26.349610048611115,15.978300548764933,80.23787818858871,17.745753471005514,6.2214282537568675,58.901820137866686,8.951182763844981,10.619912229376691,13.280382268804587,8.159183000685179,10.659784092315602,33.88687580580301,26.585197237836734,8.573719391728806,24.655269390621807,11.12173208905015,7.250853032774046,,12.56594000313038,15.683219511885946,,28.39691390910319,91.59830967158571,27.622125985410623,93.5447412362135,168740415.4381942,48.54160380180586,41.9795906552289,18.24147678868324,40.548925444953525,214367714.4001499,36.309006961913504,32.78834362128353,52.55770422838544,11.047641769977819,2.1976625010061106,16.70324622114706,14.426357815338115,77.58923285457163,26.888773278279196,22.50111918464735,28.17770865098905,14548312.816138178,,42.76546499943844,15.124785223824746,36.742377235941866,23.208065461530214,26.837201389093423,21.07593368541416,3.286789940213357,,28.421822950410576,27.390673186292993,63.92264684083899,9.947962807340565
LUN142,35.26037949771384,32.81127162263637,,22.835003917651548,40.62098261554584,26.890028447486614,17.975824749723994,,1049468888.6791906,,20.348829987074176,4.286653512205912,23.94833403932421,13.300307068089856,,28.550277991076268,11.989300121225686,10.530784215198905,48.13017557432335,9.357418943467813,11.380592743100953,43.89902443442607,5.119018460455198,7.457151629066286,18.859071870538646,18.026629971868708,1.5882191234623768,34.057571754450436,24.700959620659383,3.961719090866811,14.515385161035601,13.167299989937534,15.050417787539468,,9.329493056983216,3.9413477176289398,,37.196963845952276,49.82191852617698,25.666322310165,63.48953015426896,284362605.5592496,37.86458838660159,38.826055179265765,14.275096928022693,21.99861388853549,224624105.6062041,32.2910652819247,26.528311657145146,48.67336125213579,9.07655043615635,10.369233102840537,13.338695611602024,10.490830521962277,35.440398750230095,9.767556811607939,21.939713619789938,46.24932245552391,119912197.79979429,,26.28830330788309,11.807500907164775,22.03723195673653,30.023532820524057,8.569430390722877,6.552026238281964,12.70465640010135,,20.462099366743406,14.669473683503254,61.37046069572503,6.674482462302432
LUN143,34.038712220631695,49.70571292052902,,31.91602835085971,54.19880132424259,29.77256714816457,31.653833151673155,,3020877454.6078396,989741859.7338535,30.985014988704084,9.350305142669725,24.722128599766943,22.539918381325904,,30.519917468050927,24.990041636258017,17.479801728959217,81.94616060378297,18.83692467661352,5.108016285917145,59.434676426908084,5.752236202757379,9.499374047423002,14.421171853514755,8.17343181376604,9.263372194592229,35.20029249202884,29.120481908846052,5.935154354345644,25.244753697818776,12.158112276079873,8.407136019695985,,12.18285923589235,15.339413486260185,,28.861051434406118,100.09156651230113,28.596533050510796,89.12453356357142,18319597.290808935,53.496593824530244,44.3106881216386,19.40873185350975,40.05522679043898,26446791.45823249,27.778663458924683,38.26093746809921,57.89590967424281,11.07852332272503,4.714734287174038,15.920915686088804,13.96852795848815,94.29244328864053,24.071629686940888,24.072469984305396,25.00347293191921,30390958.815174572,,41.12562923391157,13.402550961373588,31.086923998700005,19.012961286306346,29.363635797569636,21.200214434197342,4.259036637422064,,28.83494379780846,26.699763047768325,63.98737650978832,9.035415828396358
LUN144,34.82472186403013,33.76719356541404,,26.135993891624466,53.07719452836268,23.48674711282138,27.372202000151223,,2590280944.124451,517033449.11251813,24.837727958477693,11.6964881134458,22.713811582384388,21.42142766180485,,25.603237371789366,28.049669757353904,15.71983595156123,80.01648382800643,15.907436995681348,8.016372801176697,56.876102120300224,11.00984561611133,10.86676326080124,14.475562376724357,9.568149109526177,10.701833570747102,37.17211476772668,24.440375260216893,10.2412598430294,22.735967689992986,10.770744905228245,4.170672643838978,,12.15233055914648,14.771013350554137,,30.98740417472258,84.3590690556761,27.54503376393272,85.7991276405452,282330813.3589638,46.3169128985974,43.08323687426088,17.078204637395263,43.86277987914404,385153872.367348,45.24474307778183,28.546519855669807,49.66475414359304,10.99298004873073,3.444084269473403,15.91075185162309,13.958251509298771,57.20011442716837,28.77946170974846,21.558401377676052,34.70259301859918,57043507.47388532,,46.46312431764871,15.103993195183463,34.121992856361906,26.378216949012902,22.37681748316948,19.524790453058042,5.1672661148095544,,28.44693801774527,25.667834352760288,58.1199167117413,9.850949586274263
LUN145,42.96632101489356,27.80523372718071,,25.810909084740977,42.755008879799306,27.692832667382916,21.634711987766423,,2196360709.009742,,27.96529703864842,12.330223449748583,28.695037726216952,21.685842670394777,,26.5009157193786,22.249017273153527,18.23832535928733,53.57701787999661,15.011245586355232,14.004728276066432,49.92126475392348,11.92605082561176,5.085396003366434,21.613090498564137,18.251650856590818,3.884389383727865,64.04914890206072,31.687119325723238,12.389430333306349,22.48733812437519,19.774366881323957,12.246919079015962,,1.2023634341595588,11.889352046129897,,36.56269533415262,75.60487225929211,27.601304925323973,68.01666299012963,424519637.16181403,44.26591715001647,45.22665645440472,18.53981837456903,41.18512943818424,406142701.491516,55.48554532015102,29.583639014592787,49.45568080016357,1.4679868606398525,8.14821375548044,6.467964046018825,16.464542197395332,32.57356112357828,23.768056312998088,23.929411807543104,38.662306630353484,188549393.2837641,,48.91026230580929,1.9553512670811144,30.717929612728625,40.73787845752638,21.70179572978379,14.16941290476344,14.372931878051407,,28.961567061658325,18.48037402257199,35.980556126265775,2.5329239636170664
LUN146,39.208763981399365,30.579486489794018,,25.212762961301454,46.080152764156416,23.340983488674787,23.618179867639235,,2372397439.91085,,26.201222504367447,11.082225591489705,26.596065752751112,20.20985855271107,,22.577417638198163,23.937083145613116,15.859270568608963,60.78233503131233,14.942452451842884,10.714923411279479,53.400143155529484,10.558693744690858,6.220738281632633,17.00952248875552,14.222211311522413,5.1565027828048535,54.273475752424694,27.93822867312125,10.221054667091519,23.186395863095274,16.801293943853064,7.603845344081072,,5.821179318976816,11.508776677113401,,33.000306010035445,80.30746242185413,26.62121932332937,73.7548770044919,402787432.3870239,45.1881574664402,44.10152783000086,16.77859331672377,41.426351210317925,359189794.27230245,53.420377524994436,26.79285292389137,48.07684866207106,5.409579128742362,6.069123872637921,5.0190032983430966,14.754541342975688,43.23024842116588,25.641401467255953,22.19391782241888,30.67369469936076,129535208.39825833,,46.92598760654275,6.763328824925686,31.760879214745774,30.6792799271357,17.76652754810539,15.780858332807417,10.530990985069382,,27.904744759712113,21.221749081951028,36.16651358848706,5.141705040907944
LUN147,33.684510742262965,32.86794970727892,,23.72530613914636,44.81508665731825,22.0099466730304,22.201508293661384,,1824412760.8632522,151883226.43507713,22.446865407832654,4.7572975979444685,19.10208041055851,16.49373742091405,,23.454537142531034,20.403825374703263,11.384931627502096,58.6620321773817,11.187560898460667,5.621155040111953,49.68332832826719,4.477385058469234,3.670387995434468,14.064679398082658,11.514518154449984,4.37184064692404,37.74220195356171,24.92284956127953,4.6403162001717515,18.73780710648587,9.48611122041423,6.467408281862438,,5.948937995954513,8.563791228198173,,29.035067610811762,71.6933599925351,26.07072944165385,69.29310235614545,198346613.54942876,43.14807835771682,40.02553538831874,13.5743337017992,31.365147643733984,260085063.28264323,35.59901894633082,25.189441831509072,48.257324343255455,4.792564633346101,3.938786200710546,7.266062940522754,10.19840756269699,57.11829721110412,18.31257810362759,20.169980647962273,33.78829304302627,82895966.21574473,,35.763084637581294,5.0736203486413185,27.49109135857113,24.64140629060227,13.240315666123278,12.956269790995487,6.622517215167811,,23.769091860235747,18.47226275913393,51.987277718991855,3.7079690895360646
LUN148,31.078597977071006,39.96714138276589,,26.13691936673337,49.49568812104811,22.12923650931971,26.29987905291149,,2359116125.4960446,640009946.8994732,24.418145841935267,5.807869317496492,19.052910754450902,17.752977962874937,,25.464431812779303,22.92555605022224,12.578190138983533,68.9023213294007,13.082977812273658,0.9582596034580383,54.54410373176881,3.832278535809818,5.628477773531101,12.537573234640181,7.903672777087581,6.199034298085174,35.82550549516186,25.112281689687354,3.29046311000945,20.056290187516765,8.887438150046876,5.374460421454282,,8.378014357607503,10.742191409241288,,27.053196423819696,81.59234851976254,26.517012957077544,78.00427251431346,99779051.25957495,48.090119427355255,41.99908693393522,14.823746760238862,32.141637864755175,117912139.45585035,23.584479511407594,29.415367945644363,52.381849621689085,6.747566255968178,2.7691269559840292,10.91651467096045,10.166286561797342,74.82145296623904,18.627728764898798,20.307650103374556,26.7228192477608,201028.44849221347,,37.20550157523628,7.540948028954959,26.815941912660076,18.144886050513527,18.64191104966051,16.35907845710868,2.4426375909752163,,23.817562330679383,20.763485937084074,54.054126993816496,5.273127233460289
LUN149,35.11719616285851,36.09354934672848,,25.880882756147344,44.61617083492131,23.120261090775447,21.758419282734785,,1893142274.4440858,,28.30338194720545,4.7634408427942025,20.467693685001734,16.97124797560879,,24.10939680952241,18.626065490817133,12.095310170770706,54.31162940232903,11.614679048713034,6.728997413142212,51.024436860522854,4.542239245131237,2.3925024970580897,15.933333938137345,13.111603604176127,3.464277075646628,48.436030349078266,28.346960398939885,4.856042653157392,19.72709006065696,12.777046087326859,7.265055348543621,,4.994676589081322,7.353427637857631,,30.970427918731914,75.59338677694541,26.869505809868894,69.74928540820093,224722308.62083375,45.43122853502553,42.360097290284116,14.858434039155702,30.68389088256236,178463546.59165952,30.599403060231854,26.2978637517981,50.468662781067096,3.773220458077132,5.0909034484439,5.209069391923642,10.860889638225295,55.17636437562189,16.110497688209843,21.306396496335264,29.014252493088456,86910890.47160159,,34.78049332387478,3.589713792277015,26.550071226122935,26.906432392393967,10.76089353948415,11.921701052296314,8.251494190153778,,23.869191448494853,18.08580596365909,43.42872865563428,2.8600412469834855
LUN150,32.59475603731095,30.17463344420079,,21.82135203376695,41.29220591703079,22.094836177781715,19.684688702977027,,1595947218.4919324,,20.579139885708358,3.2454030649788206,19.20875329196277,13.727129074110744,,23.9992301134731,16.359017369699522,10.168267063115492,50.911370559643196,8.837315281896455,7.943974384461329,45.747122317104164,3.8461163713369464,4.143341524082744,15.785296092326234,14.377179073375498,2.1562100415866152,35.579809758055085,23.76448477122124,3.6597116400968144,15.938770854309404,10.08567500203833,10.598740154991436,,6.193685394247743,6.14817843301311,,30.73718550863023,58.153094116274886,24.58271359652401,62.87643413354989,224516938.54462495,39.8463404909181,38.52248625564609,12.772844619009321,26.026108354046475,215233478.2592866,33.18028122134171,23.561447043564932,46.530905780439284,5.654067443958006,6.803215581478804,8.402847105904947,9.35222018288994,47.44130889062265,13.344233959640674,19.65028779041754,38.324865530817036,84474807.54791144,,32.379610802097645,6.941604367126162,22.227952676421925,24.688882535044126,9.489613217649413,9.805445381038798,9.537167719231201,,20.92923022342123,14.961518329469351,51.86449145642979,3.882566271553862
LUN152,34.8175992525181,36.14136236022761,,25.3260760120319,42.38324597549771,22.713180003677174,20.54663235113661,,1662963758.0161147,,25.784423950308653,3.2104241645764278,22.388497915908957,15.90532967160347,,24.390382763187127,15.385521090211576,11.95682894114673,52.16914693731076,11.3631713609866,6.927600924316655,48.27374452102149,3.506234541737255,2.5119202295038914,15.955287529880083,14.070795213493984,3.442044261681523,38.37631147195531,26.792170522655827,3.937194980620739,19.48354733829853,12.72847602018308,8.81000598156415,,5.421462512984799,7.48135919208282,,32.17199278826275,67.92834971850563,25.60890272129881,69.2153257527243,244438544.48473057,41.82526589676588,39.51210920399257,14.441015784224502,29.132815513331472,155351569.78528908,36.88521528091439,25.656072678920133,48.494936355659064,4.139603043979887,5.823216321266744,6.881373074743143,10.536208347368499,53.31503481507585,15.38898615503819,21.567640266696266,33.65555831192043,95044065.37756546,,32.39587832906873,3.9104284949653656,25.306261315013664,23.982066803089175,11.705560465491498,11.337930298161636,8.665678407115664,,23.4616231578436,18.094256073313314,51.878113670292,3.0087504098093123
LUN153,31.56079764906078,42.66719780452985,,27.74937256052621,48.92262407566542,24.807995407125084,27.875651575973638,,2302217765.864722,586058131.9668862,29.946356087874857,6.323121060438452,19.23330064253224,19.408062116307306,,25.173539519618743,23.686244758171362,13.408102694172262,65.9850413933416,14.8359685800966,2.988603248375308,54.43806556866634,3.5830383749134254,6.476083287021493,12.764252540108867,8.849594703140822,6.390902494390564,39.459880070441656,27.907152190731956,3.5769276599041953,21.404067417103406,11.323408550741584,5.624235463859479,,9.085460460768733,11.242670937011313,,25.896538446433272,89.5728995598018,28.248593470285616,73.73847662078362,14319340.36442883,50.30055935066966,42.16090010733219,16.030750517480804,32.215875803524895,72677074.98254794,23.937220864357467,30.265157078209914,53.91446605980618,8.048267556049343,4.808110065706989,11.190446842179812,10.955896967542047,88.73892134642364,19.690895030010353,21.120200471171298,23.67150420097035,318407.84790543176,,36.10255229946042,8.946125980529938,27.657800740459813,19.118935019578817,22.183587491348714,17.00684743520092,4.314741827517366,,24.79533346946773,21.323815495020405,51.86125615470543,6.055198746947288
LUN154,31.065017931388358,36.51781418421064,577756203.8269905,25.62380154870216,51.46419288854217,21.984111804194647,27.905953529801085,,2768315818.96929,622487709.433124,24.147634370001327,8.394346983151927,18.871583132613925,19.01493612010554,,24.552008503632425,27.472984994007163,13.28552150357436,74.3393564332872,13.361884539148036,4.011588606661488,56.808109162109446,6.659305837424176,8.013414597855459,12.658559281020569,7.366713357992643,6.873737684384819,43.556992244068596,25.176122333671614,4.846981938592195,19.928069102141457,8.59301392289408,5.356310423634855,,10.038375830734067,11.003224801573676,,27.301891411026467,88.4425359793347,27.409108364494937,77.04606477469325,107142568.73810025,50.98897348150203,44.76223628697406,15.249032422051977,37.15056147933972,195235057.46476138,23.521384481321448,28.979272903652195,53.31842445201262,8.754168552659552,4.002178251285117,12.35242220886923,10.741211438215648,72.1252981771696,21.55927787525622,19.97879320133695,25.806349157641726,4562534.631460242,,42.45787676823121,10.110824752102998,26.175393636181393,18.892012541982464,18.066238478699855,17.431785409413973,3.860166071185452,,25.051098984056136,20.943695621901213,47.060920644126014,7.2717119683261044
LUN155,35.17430211666714,44.72368356998051,,30.17104022458493,48.468799001735235,25.391093859548633,26.70134534571705,,2576337526.547655,390398380.63899225,33.47895648998954,5.627306656254359,23.374997256903224,19.858596983259087,,28.418251280619213,21.03207276151052,15.39897812008913,68.96680236433522,15.543535130010147,3.666908718566033,54.47023260988569,2.5111086599239787,5.339354404421084,15.075731305201062,9.953272466352546,6.067120079800435,42.88824425023659,30.2809505886383,3.255976256062611,22.278519573456173,10.343096753103625,5.930768208958392,,8.244400851235621,10.702572501251227,,30.38373700771323,93.77371632856207,29.142948586861507,75.05733977370541,39306469.71451716,51.475244166709196,44.65858177024949,17.125452067846847,36.626981504024506,95928859.51735643,26.55863219135276,32.62460210512233,56.72267282529238,7.22486641327246,4.383677953752324,10.045568898753356,11.257707124520646,80.13349218999514,20.413728278908376,23.357471452140096,28.452662013639,43630180.71531269,,36.116469384015794,8.136977235485274,26.51596785613,22.323754320220615,20.99777578378555,15.837148234524816,4.505950289930586,,27.57395482736695,21.872207919530084,57.09250183493621,5.152104714626429
LUN156,31.09202242835592,32.13524507689748,,23.231898269641718,44.24238014823234,19.15330243250965,22.968310474204856,,2477756410.415345,251376595.35732412,21.259657680166672,6.166427365796245,22.350955996716593,15.73238065188593,,23.0035117530013,18.99832813197864,12.831244273083975,60.87931681012808,10.91925971185421,5.645701224771712,49.901093934917,5.6427093331725455,4.573353080682877,14.087832227331447,11.020530666309885,5.269390009744204,33.90367976430036,22.99277520002932,5.444944700086352,19.08270231973112,10.266719876727873,6.527070758269354,,6.602840136658632,9.638398980261293,,28.82617233666728,67.7935463403128,23.601516177730417,71.43912878981826,250802437.96052945,42.45754090026114,39.46760784709243,13.436859464244598,33.844883141487934,165964018.24624932,35.5828793430916,23.982132077886618,46.72056398643497,5.5332171388794915,4.273538763171889,6.6925288965202405,10.09922159933055,54.032715790405874,18.86136962101814,19.62035557806905,33.191620251497895,40677370.782025,,39.027233508796364,6.818393344528329,22.94184107651193,17.77397411058147,15.204404131933805,14.169299454350005,6.614624630885029,,23.099739701576297,18.468772275585557,50.69922132815863,5.622078702891942
LUN157,31.479657997062645,40.6304128136443,,26.744685092200122,48.40741917621017,22.291920886777316,26.020924067396958,,2439325354.9648814,555452480.5510492,27.42245765962121,5.235382529780679,19.680568563141414,17.647809492658997,,25.134294331211297,21.810207427282702,12.725803294715012,66.1345179385748,13.061550852385055,1.8428728733327446,54.160062493183474,2.846127292778673,4.904839363734229,13.1033696855127,8.726112396328961,5.513295309878825,39.31068267742146,26.40177944014046,2.4456843198978344,20.303569570678405,9.436410087933096,5.155160843723589,,7.756215767012605,9.952302479685988,,27.642434730854795,83.07848432317031,26.770011202845527,75.42385567007204,93673538.20989613,48.759039153018314,42.60915383955749,15.011792760342676,32.198113927914825,85128122.57726586,23.745390428281024,29.52561222139849,52.88515360186028,6.151779478085443,3.594675895500588,9.338401045812574,10.052948985106669,74.94868979853034,18.128672787122795,20.667822370621753,25.492157881792533,6642465.044500608,,36.4536625334306,6.491843887942146,25.341659137303576,18.11126083313242,17.311761101629756,15.641405618318084,3.6752743773464824,,23.945515207466126,20.19930768839386,50.61436454940923,4.758713994649466
LUN158,32.32973139950517,42.151057226298,561449310.947751,27.48604440766451,48.669280963192925,22.077134228397515,25.93085632517204,,2495985955.1751537,653591469.4114076,27.620323447096528,5.15027988526224,21.215387115655314,17.233873802703204,,28.798940773298543,21.409990532265798,13.922763740211822,70.69453118105687,13.200867339152753,2.665735774124228,53.525254749426196,3.017479140263363,4.813162819675611,14.254598532757914,8.756855878813216,6.0513141690483225,36.40258320416568,26.362220432031418,3.072484303980565,19.413074679780483,8.196312409633796,6.877001895586403,,8.087195391573514,10.298221500832021,,28.94524759145731,82.49772586115652,27.374135566831026,74.67173412773411,47553188.268786795,49.821553100645176,43.75165311927233,15.340944410718484,32.09554600079764,70606574.26674302,23.630691049003012,31.100703711630477,55.25172370834482,6.040705247642641,3.7619041231479073,11.416538972302535,9.615208280314349,75.994895805841,17.345204494350522,21.225981552685536,30.263759522132954,212511.54322552285,,35.499566226258295,6.637242462730388,23.21323240211965,19.021837976866536,19.061867108325703,15.355070959619466,3.132268800119973,,24.24990079582994,19.721175938526784,58.57458649907212,4.634692531986313
LUN159,19.536776516108933,26.522108718706534,963103319.5231487,16.137076096687583,51.570471500632934,12.387844470730354,31.51391249023074,,2362289019.5748982,,14.487734162396325,13.266507371730661,9.826751626768043,12.696982404290894,,18.021491478276054,33.65263806046653,6.6238484836581835,65.35702010852133,5.782658769907597,9.484097386376181,56.10352433232656,12.94165735176318,14.66274940524147,8.793098678638186,9.549514043948202,12.51448583845443,43.265478664328356,16.448773780014655,3.5648579999125554,13.471641369245312,8.911051519635983,12.628473784503287,,15.024224077529082,12.426047586921246,,19.199131843640313,58.963036767690255,25.736227708125696,69.85343283926979,150234537.117965,49.95804829568662,43.449968722203636,8.73018393185148,18.854136344087447,11548364.039561378,24.04772820239492,21.73606806573576,46.65936848761858,14.164180525464744,11.336653733973826,16.321174535466895,5.656111217907389,61.914152216407956,11.388497791557022,11.323055521325958,18.429856095673145,153702287.73324063,,43.69812005054243,16.614791382545405,15.508311580691627,8.036777471872856,5.700513210360067,19.207709188328238,8.935129885311227,,13.109878116156093,11.49109621686118,20.846249928514794,14.010742255821741
LUN160,30.830117633778002,41.24073101992027,560525712.2995003,26.48142208203238,48.208704380973636,21.318540855189237,25.505979556443748,,2348690131.5850773,597215261.5085152,27.548556110715314,4.854428314082284,19.13681461217916,16.469312391632698,,26.223645259542884,21.52209963420885,12.405266669041815,65.91444987009278,12.202367516499718,2.614757216643579,53.561637228161224,2.799474350949905,4.734113618510344,13.517097398977857,9.066562881952022,5.622647642597264,38.63488760756055,25.977857670526355,2.1971934751809363,18.99011153385468,8.972353869945147,6.602838344053281,,7.781475235335465,9.451052369638214,,27.98267277215184,79.47728485370827,26.878116117360516,73.81784562652199,68639694.505269,49.03613533540637,43.074295823745565,14.65454891355265,29.216020411286546,45727948.78919281,22.935964577808768,29.89365762995487,53.66331979655191,5.662645046200338,4.492208735753975,10.307865719343011,9.250019336463511,74.86834362264648,16.07738136639594,20.286225299110292,26.278895972658976,8681281.800276574,,34.706341235548614,6.023085180812563,23.043507806333047,18.17562269414083,16.220271805002238,14.89496315557783,4.030498233684261,,22.55577941497547,18.858374417935515,51.38934891687582,4.537331012347083
LUN161,35.16675794393439,33.83939121150915,,26.415223005940422,49.748233955653774,25.20879503396458,27.86822563065967,,2565780437.6386824,149777252.8578207,27.882010498902353,10.202473263193681,22.631161432774082,22.189912116250515,,22.942056667663532,28.825482418620172,14.760660764805884,70.21459850966514,16.03694933100863,7.568194746388075,55.89028570045733,8.939007883024791,8.680624087446908,14.147133372986472,10.274130597360797,6.516383363902149,50.22310028819215,28.29898461679223,8.169873267143785,22.844363134275564,11.224229115870608,5.726839832013659,,9.746072702250967,11.904714045267282,,28.80896893058379,96.75192817782748,29.03832702120983,72.6521389367543,120645571.11684236,50.392960381873536,44.34865753088241,17.01100197104024,41.952942272538984,334453358.29007685,35.96135784158159,28.95567184633386,52.1443079705057,9.423009599693609,5.446538077668959,10.799619811198223,13.58835689548126,72.04316750571267,27.33993525856716,21.595742056013158,26.231506953575963,74094258.2584174,,44.739772220206895,11.508282622269263,32.6143411667172,25.736944861544725,19.24777290209862,17.84806462756553,7.274741243289069,,28.803962800998374,22.430369378311156,43.23947178200504,8.180606299733698
LUN162,33.07948583494132,36.46501789679837,,25.570485277017728,51.47940737861031,22.46958923376566,26.059432943136827,,2245476008.0880556,574540441.3405437,22.381613953795082,7.733051128182685,18.46292321050304,19.149054270052275,,25.5352921925385,26.638475042686533,12.980355426645003,73.60057451100393,13.541081773890816,3.9821707139870535,55.679645100268935,6.7231751694216735,7.363340234313245,12.869358128121217,7.922444440465241,7.375947805681753,39.16649117005549,24.9547447877697,5.910868160926599,19.936312145599526,8.684978134377001,5.094040595005316,,9.489865642673351,11.301341225478007,,28.216559252712553,85.10690895788262,27.766745018362695,79.28592372763316,152935369.01599282,48.46401720241583,43.431190411039644,15.37270222315887,36.07008793571883,282408608.369057,27.68451147840556,28.810194436809873,52.424600595676196,8.250650426543768,2.3766107406203303,12.745439257604168,11.09563268908465,66.28745128687596,21.60904320031639,20.53503979185257,30.417416297453165,36505702.6884427,,40.12590163596774,9.781509408973626,30.23687519237705,23.694448448881037,18.218271811907037,16.702990294528487,3.215636980080448,,25.598057807943356,21.843978330795466,54.98344904680604,6.730968015009221
LUN163,31.985115085525038,41.55696515449937,,26.9951680352584,48.22540040572457,23.313392961192204,25.747301901763773,,2051412362.0480673,547925073.0270193,27.72473980544272,4.872684574564503,18.550496643971414,17.87732779499194,,25.68464076027898,22.35624391905144,12.549995529398725,64.20276910195537,13.347868957737948,2.732209120346554,53.28163601889299,2.694702310623393,4.887323416751879,13.274797246064015,9.517176569128385,5.6713764008282626,38.83790648044044,27.08720987134075,2.885715291041366,19.953282874687012,10.218911924864376,6.038247309787637,,7.882495792475721,9.993295778512625,,27.476765949785527,83.4273387599382,27.87280243583696,73.36985534348261,36282908.71439862,48.73079794093981,42.10721391799842,15.119889049279145,29.89693767610764,102869606.61906394,23.138331281793796,29.435761545909283,53.398738132468765,6.444791159412626,4.40387348435471,10.248327974923937,10.088249989923666,79.80435999170282,17.4196104756304,20.923805336431478,26.405705677841606,17760420.952569466,,34.11813745799595,6.728368988764521,26.957050654224577,20.848086852815783,18.931086194564088,15.282838413719656,4.432544753414634,,23.78776069019889,20.114105752852915,53.460061418540576,4.787207000345396
LUN164,34.979563790070635,35.09671213560031,,24.442475002730614,43.71813645516483,23.703827713006316,19.774221946498507,,1676538668.223728,184237846.3640191,21.740295115999857,3.1244057593381656,24.02460139339795,14.408226515156517,,28.83367887427457,14.873203822641123,11.90514125586294,56.95302483913439,9.715355819393954,8.38290241132505,47.5240436264704,4.2646117862088175,4.586449225610628,17.332353290726985,14.619698039226282,3.2151177789647667,36.78129769589244,25.251182999019278,3.8364117660415356,16.12459633213619,11.238494425441672,11.394565969640217,,7.011112728725184,5.818653114176456,,34.893614570898464,61.608125412445084,26.121647194674747,68.88247058180562,262590179.98394746,42.07737405567924,41.341578360939714,14.14835592326872,27.6606097377801,208436307.483565,27.686806957264352,27.03767830408173,51.136506858309254,6.008973283103742,7.430262588607072,9.506943785332465,9.54116124379971,41.90970342256609,12.252365549799407,21.674268630339412,42.220048382913276,96119351.33702305,,30.55539013544645,7.835904506224944,22.34834143143297,27.784778305292807,10.837008485754334,9.162505486826847,9.420282025611115,,22.4880489661535,16.27789107889129,60.13779412794228,4.484489464743414
LUN166,33.44713132249921,38.75114807523179,,26.544080603538212,47.77138166200998,22.32466599170816,24.528146258152155,,2302850406.8749366,492620395.5012496,24.537359394212068,4.652434333925168,21.2283113400796,17.664863152469376,,26.537024202737097,20.64338816563544,13.181969754183797,67.41796812121108,12.874758479159366,2.5216359375965167,52.66636473783954,3.2755955549928104,4.0215280056698,13.98112295574911,9.499793150850818,5.39197614334168,35.85528468615905,25.912312833046304,3.4285581013687403,20.074039425119462,8.428210352018427,5.044297689263437,,7.053261666270265,9.948767892116443,,29.60263611629213,80.38694098446715,26.755212618801036,75.70604730603388,146117100.88779593,46.70840952366992,42.01510316817922,14.848246210784406,34.306468329292734,178407450.38864303,27.82347396766309,28.72299867180512,52.22268429713139,5.287951530561767,2.432614908734326,8.929262030352424,10.181172327305323,66.44147324777663,18.884573066164418,21.384337006832816,32.28909404852827,47249844.49982627,,36.54636786199056,6.0708063649992,26.544510383898828,21.18178615662218,17.617668025958164,14.833785274599077,3.8340096368206806,,25.288120329408525,20.586765452240055,58.1059615460293,4.131596696165449
LUN167,34.106865160713184,40.770167836326706,,26.972089161208505,42.39627306384937,22.945724804136322,22.360534032745157,,1745823361.093062,,27.829621576796505,2.8680949821590143,24.07891184628118,15.926018586801364,,27.95100208654584,14.417398876448827,13.165896142946753,56.1379105551005,12.783549130871275,6.405158450039478,47.340885772047514,3.0283698806761543,4.204112397449723,16.156286907069664,13.797310360352613,4.881272375540922,30.329557318269103,27.020068852719756,2.0818682400694866,19.49684856474238,10.055819503785942,9.703153837875732,,6.823811996330161,8.628893562702062,,32.834518157793745,69.85172661221911,26.10590447482708,68.87049740853517,124053388.7579356,42.73381756130881,38.99857604324968,14.814518663303888,28.554356798180724,77332488.11428507,30.588066249098194,28.183314880877912,51.117694306807415,5.3683746806260295,6.688613755561115,9.783867671435623,10.006195121022534,66.16249998566774,15.070674323308904,22.653419322017392,37.33261134462744,75204539.12382334,,29.655038847217,4.904178896001969,23.538189588514424,21.34942608075803,16.516742606838225,12.356922697973154,8.039480893693323,,24.074046384379052,18.804621456026645,64.43087819393227,4.777930758403906
LUN168,35.4108653170218,29.40915383580043,,21.47293008053847,39.68182099199817,29.92249485393649,17.24153535044878,,849314283.3634546,148616048.79250568,19.449551767545007,6.026990867705015,23.83925012913642,12.977795707608887,,28.25183899406588,12.3137676682845,10.132303946160478,43.63517831144967,9.29551050192007,13.49826253346947,42.441813531806,6.428022614840087,9.438003847251805,20.219625695124197,20.001579167824733,1.9698223775795505,37.58605277444255,24.67381781682875,5.404391014062299,13.170657347278711,15.268558710397244,17.51904559573651,,10.98093834498697,3.458714708901299,,38.12437364006805,43.61717434799605,25.434695046532763,59.59602079663669,328460367.7107086,36.434964866776795,38.71376616937905,14.967334973173275,19.928508140866303,254630862.18339264,32.699085818286136,26.48020935870593,47.35794904182561,11.296160392889112,11.917391423711347,15.409582975846686,11.546133821639783,25.736276160744502,8.715256716724932,21.669431895399132,48.038940970723466,128827777.48053382,,26.061980008264385,15.224317141773051,21.304694345784085,33.143310397565756,10.262963987025556,5.04887363365193,14.83759855589579,,19.13361281601485,13.198144305511374,56.81304536561684,8.36319262802398
LUN169,37.883252371093135,35.17307554247755,,24.819397051735518,42.1563214913017,27.61466460500943,16.601897968438248,,716294109.0505818,,23.452135564734544,4.92520687779208,24.001680068983593,15.121903257774397,,26.33858362901465,12.978577209287632,11.122676991841278,47.02505484313698,10.455126137884145,11.110408419290673,46.916768221850205,5.570846172123021,6.386066576583381,18.831646085055525,17.981679096925006,2.9220974349427116,40.18955190206002,27.011081331913626,5.680993837088049,17.680029882876006,17.894129447936823,13.589488061160692,,8.715662246766092,5.658357810095515,,37.841588333667794,55.34757590225831,26.652901718381898,70.08784204711115,373802431.0899816,38.723115757512275,39.65138384653864,15.19426208080346,23.367790579146853,234508680.30256644,39.88572737723563,27.01735976810403,48.11592436434404,8.161160361777286,9.486914668671188,12.342971467409544,11.874493945692825,33.50884133461539,11.411768418652509,22.75581972095845,39.6154520906277,139854873.6206332,,27.08873403858245,10.087344484993073,27.832697922939513,32.12341190890808,8.873103427363443,7.492967202045201,12.451304441416683,,21.795340613127806,17.1547508787377,53.96560789044244,5.850941740966233
LUN170,32.012953427694306,41.907531004060516,,27.380610855978137,50.402820567699536,23.691096973194743,27.12278564598895,,2371783773.307527,656846240.9394772,26.840537128586565,6.319971099309498,19.518862848965902,18.882824790968897,,25.315961618484042,23.586343266578137,13.08741306136947,69.07557771869214,14.222433479339818,1.8756368310167166,55.83814596862288,3.947770610584041,6.183031310157052,12.578877308959276,8.109305509475645,6.464521560339284,39.177268104925666,26.650909741638053,3.4754280985809283,21.259502105923747,10.36281593493533,5.200900650464373,,8.834827444938556,11.046720296606548,,27.442250955366738,86.98747130175504,27.405276144847857,79.62615196390703,94439863.0180973,49.52635332591706,42.80672459350535,15.738005460348514,33.30181618591826,115334134.74246785,24.754107247491728,30.841521393509,53.491040982921206,7.527594649124339,3.4372813927349584,10.66912553771826,10.9472862418796,77.85304937708656,19.617238259588394,21.073313053164853,24.303010600921557,6841243.548228532,,37.35844278887747,8.317082055925828,28.633624735843316,19.123481722780273,19.389748938450225,16.90254603552176,3.052361750121814,,24.83078530113944,21.878823047313734,52.121453871152205,5.799889660015997
LUN171,38.60232111184988,35.746062268977894,,27.0600287138296,45.97070376417932,24.56552210662196,20.834908660502325,,2128424678.4754286,,27.007062787620026,6.304171466150527,25.25143901374798,17.95958021826052,,27.04618285632558,18.168546786744525,14.377981420535086,58.95686458580983,11.926452319537944,8.499608978078138,51.90009967524479,6.331655506480386,2.9109876840160673,17.923267278127774,13.96527896581963,3.4060126968906617,52.43942122944959,29.481618192816978,6.648636966987819,19.932572791287807,14.41049279362212,8.618096504498345,,4.6829170440873185,7.3009435662336015,,35.48804291136585,77.75431773867551,27.78676191177657,74.03569517149029,339845158.1696318,46.11134717256121,45.22125963747901,16.053552746931388,36.03913489401525,270117127.61944383,34.121609524333834,28.475607891031114,52.89964887974667,3.1639774205201925,5.485885096854687,4.832927107167387,11.922324790183644,39.33097119101287,17.163805258526185,23.173611707528188,36.16253802742878,129823917.34432489,,38.00511628441776,3.3814566419569227,27.179537785698344,32.94466956275422,14.077071815937826,11.124996567060515,9.170809720303044,,26.551753839167958,19.033182529379033,48.16070946375849,3.2975109845399073
LUN172,34.06487257297544,41.72830471999426,,27.38141823596634,47.17765995715533,22.86399136982783,23.034283329812155,,1946394329.121171,409072422.1480639,26.555161117210535,3.208503119909561,21.75608836546098,16.84673435451986,,26.610385516005092,18.31560573984117,12.582818539333386,62.160667912487895,12.623472235975358,3.8364540604964934,52.45959270937162,2.0199687970129463,2.7609810107286825,14.646672551244814,11.148689302860836,4.886567820081183,37.67486989017216,27.05356361798813,2.5889903008459463,20.148512782455235,11.078066391577728,6.673857998216529,,6.529742722759366,8.890460827422721,,31.455814284425376,77.14235035245107,26.9764512887761,77.00329039190356,179398655.8217227,46.11111729740266,41.87986011596466,15.065902079407145,30.212361040818546,121352304.00703725,27.289679679070407,29.78320778834001,52.55175135087095,4.703051916509149,4.551844667090855,8.101963167124818,10.218039754638125,64.10935995155415,16.00027351041274,22.00866986945846,30.140482293412223,55449712.44295397,,32.59988497393744,4.069180344593275,26.973477966861076,22.36861092569417,14.83718144641838,13.49442424154327,5.606231030941075,,24.17632801992901,20.299514459246687,56.23409932502331,3.134633910185579
LUN173,31.254331473154856,41.132509115185,611981629.2258333,27.215705114945376,50.6608737173545,22.819490849854166,28.19982328432634,,2857458859.2781615,754245266.327008,25.8868339701458,7.385626487387497,20.619421584061342,18.628322750089243,,28.377095112776484,24.245838666994246,14.599050903268893,76.5922381008637,14.08037970241181,2.756008793828923,55.51209532017548,5.053274011798058,7.119864074964341,13.529921252123337,7.034502145503657,7.3427532310903905,35.06339722195655,25.28587645180461,4.440519632865427,20.309759947403283,8.626623522412578,6.322015812755156,,9.913652290666178,12.12596969786902,,27.09680045798461,86.06083453830287,27.020634330200522,77.78321032930594,31360683.063660596,50.91240844107128,43.805264418497885,15.75188030566985,35.358626965119775,77721247.24161716,23.613993057174596,31.47241376270448,54.86254739114799,8.232859338638969,3.251016281911307,13.77633309812623,10.512629843524353,81.02144898719115,19.93578200844872,20.7296970168598,28.48970858084715,32951068.575233903,,39.91373031941328,9.55153457520207,24.154576918408317,16.314023699865604,22.07797162980783,17.812761693090486,1.9007722890144965,,24.873618514983068,21.161216948489425,57.92396865313988,6.6312418000819395
LUN174,36.76977607152392,42.8461043485248,,30.057862771149424,46.01315275120305,25.89965488996757,25.7574909955578,,2401248410.9847503,,33.01279994085201,5.655730098455427,25.48766913818687,20.382537113828032,,27.15422270586145,19.18048668937779,15.556986807386087,64.13922035328848,15.859413842262528,4.849407025804762,52.47966474845231,3.712550380397703,4.999656232047429,15.57413531913112,11.643910227875413,5.978324999997431,41.206263672762816,30.69171080176391,3.96685990118818,23.55455891845296,11.528378449082497,5.4953489626721606,,7.255048827863842,10.813249633387226,,31.46117146874675,91.35621590598922,28.592921579173954,73.82471294612719,105039453.34391658,48.47932275419763,42.60767843226336,17.06238307013998,38.59362743866293,141044019.47602615,34.346528999643574,30.930621722524947,54.123635741986575,6.660469189629221,4.657676741284941,7.656806951021254,12.012916124372552,74.55728057485729,21.92946917082029,24.016998914028804,30.913283141396327,89085694.23286608,,36.751050276476676,7.639885762453926,28.251979247321806,23.072694635515127,20.707676621657036,15.656099804742944,6.142395504969706,,28.90532648069112,22.4576466991513,58.25702990401651,5.157447104544788
LUN175,34.24642812708251,46.333528853190764,,30.868334402193074,56.65878373209854,29.66627026290326,32.26205108376526,,2827918866.5035553,1003106187.424159,28.06613296566537,10.620979776586175,22.646390229911553,23.824885808444225,,29.55321981821985,29.17752021009075,16.898856050411787,85.84998686093485,18.999490587539082,5.6548770231511725,61.16657533378475,7.854284010817106,11.09086199281023,13.777180359843669,7.950822585042596,9.88899369826127,38.256591521551826,28.79381439142544,7.17747490439896,24.712198161452807,12.402954877573585,9.006280248625822,,13.514642281164837,15.62775389454674,,28.227465768193476,104.75948596329273,29.755381309857107,90.2564967762836,18882571.28266854,54.42289294691316,45.274511070569346,19.747411650870035,41.498502682074495,162695073.86955172,27.839261707738984,36.66229287933133,57.96652468012364,12.377842456132113,4.360581685848139,18.389948856878124,14.40938247422949,92.27184381861198,26.30513255286584,23.36489996682948,25.152846813118657,18695576.377496004,,43.49582459277298,15.606298227272024,34.180967665838665,21.690721934810693,29.712187220533053,21.85184828073346,4.270693768088337,,29.505074287504055,27.07811239588023,62.376938506399675,9.677952183297995
LUN176,16.555377481380162,17.519821625905983,,9.460129574282687,56.49990255508051,11.410154180004485,45.97059850027267,,2677496274.071017,,8.760410074446392,23.285549967046087,17.539501663517363,16.057213941214094,,18.04363304659702,53.2840641702206,8.693020115170977,73.17409893822396,7.72581715203814,17.795490122288843,59.108490199246056,23.03837532356022,26.312149830338736,4.6457531074141905,15.288607411885005,22.307041234394884,48.590447283330626,13.346106428386173,4.273792943635717,13.112227794816915,11.250162027290818,21.59539512997669,,26.136789858343533,20.270088297477024,,12.862491523368465,50.78734906208507,35.27060674716852,56.199896157189016,114050286.83362593,59.87703568461665,47.62517320723448,4.043877264664648,11.746166665305317,114077020.94330004,58.63672810193678,16.423712712397922,46.187098707506614,24.810405619421644,20.91831985857995,29.228804544075043,3.891123778655112,81.72662905740471,14.085725626658075,5.166861009735434,22.434536318082472,353629196.81556237,,57.632952843336604,28.940904736981633,9.984809067026147,10.901695558902952,7.477942706843024,28.835922556465587,15.98002770234858,,13.788152094222799,5.78326791169422,12.038191369369768,24.73742883067404
LUN177,32.10566662397986,32.61959183729383,,23.197266717277948,43.82735454594128,20.124056962153315,22.291915230748007,,2048294717.3037925,,22.178650722915577,5.460693115805013,20.96375156862428,15.710201321393303,,21.821205014726104,18.802351218174717,11.633456437513718,56.802333366123555,11.073470334022062,5.874842923827147,49.686889093056294,5.047856619361308,4.005229602513792,13.813807758750414,11.694441418092469,4.649677272616143,35.71776559847074,23.84274274744634,5.044223818023556,19.344525686907573,11.188789947780931,6.896181915173899,,6.122437227773952,9.020507992977269,,28.622396097226055,67.59878327394128,24.126541973653715,70.95543588531912,252935451.00034267,41.818764851754615,38.92542225760792,13.485165498198842,31.24681818313113,182064186.05913106,38.122122187054785,23.72304769008044,46.246284295390446,5.023227294425686,4.286101482335707,6.295909428809075,10.334692270466272,54.97265417217109,18.190862105269648,19.628449898063767,31.0476782297822,58919568.14593572,,36.793267972936576,5.7836492731483755,25.49510711367885,19.936230806550533,13.308803668017166,13.523529861098375,7.035104007329022,,22.72712117005344,18.44584995032082,48.14211867100036,4.585227474271856
LUN178,26.719108426523064,33.015137380703024,843579411.7937284,21.485580458209505,49.56846107826543,16.986187951880492,26.100770153663653,,2349521649.851605,354941158.01316017,18.76170046905821,7.521303993805987,14.110426092444188,14.32382324413821,,23.322064209130925,26.702487717170904,9.715579804028446,67.8354616473125,8.648099160628856,4.193140194386029,54.092157013611214,6.800497796752514,7.927229875754556,11.408737109786454,7.591409006813686,7.272531246613933,38.93115196987482,20.963856539825777,2.6369790971406095,15.541958677664587,6.829419779380982,7.7676835405356135,,9.70764708047344,9.404572714577125,,24.41136608877341,69.83090685983267,25.608997996177315,72.44162087458578,121038231.82150958,48.23309025660058,42.969091801724296,11.8920539911058,27.034509650648733,114675586.0194666,19.066653929107645,25.26805231503842,50.326462507053115,8.206338864973153,5.878441452445935,12.310448658415414,7.467830029932867,65.06250358214211,14.601467250321466,16.54672594332734,25.64064410595807,50639741.706177406,,39.07860628633996,9.496859701250322,20.448092862335027,15.38741410931741,11.425536709523735,15.658394941904032,4.657701770657863,,19.01132611892241,16.099636926180374,42.773248768494746,7.284992838701295
LUN179,30.383048484342023,42.169464931292616,688690835.5647663,26.703338429193167,53.43472597709125,23.75269080397176,29.718136765480406,,2453042414.695399,810282137.0286998,23.559960934691663,8.894348597762354,18.170519733908773,19.755007584354953,,27.904683009289712,28.48507469047936,13.991565102515747,78.50426521767943,14.797393188011261,3.8794512098589715,57.50313721509405,6.73176974641204,8.917806383148724,12.406852777558383,6.517970917213685,8.452189717722144,34.84674252333074,24.87460977514772,5.571449749058503,20.140779608035388,10.661323538566354,8.290020345206456,,11.437554556204711,13.278685855905064,,25.016177293738778,88.02887752189744,28.056662868812964,81.37811948307589,18790245.682860624,51.74886768083679,43.623970627445345,16.32834900625943,32.21044394620422,99652789.37162875,24.667875751879922,32.31193423766458,55.472006295031036,9.822462751663151,4.178135203747613,16.97257591435179,11.222245093745709,88.56000699332846,20.18538545059067,20.057127949881018,25.55552754490859,56534901.96979652,,40.370301601399355,11.36494603053738,27.828941680073523,18.62257115351586,24.505374079297933,19.34903322024907,2.470923625727386,,24.022648415855727,21.76953509131656,57.82923801868017,7.676654758853221
LUN180,34.10729464862619,30.625035625833213,,24.116129557338294,44.70833453211923,21.014268095144836,23.678848950779976,,2555068612.006891,,23.569413406187262,8.26735640034293,24.27661411677354,18.062384274224563,,22.01101180503824,21.60270402497548,14.196662413370529,61.435937571422585,12.638184893812126,7.4548875242593695,51.112463484316436,7.635512210428867,4.892841322658856,15.06950941830672,11.988733220904273,4.90408226913174,42.56942510703482,25.275779679233917,7.511853424090711,20.849006332795614,12.425736771730964,5.773399064282532,,5.846806508942267,10.377855944212866,,30.162253471008466,75.28236509871704,24.961296506368125,70.41271453022932,279706062.6632239,43.90657735952685,41.29198634494709,14.776336175355674,38.43434762407466,259907022.01379678,43.41316219852122,24.884461990416018,47.28862342730198,4.892347598782518,4.206401765451037,4.672457367919713,11.933380524798899,51.95201959758059,22.975179487570795,20.54423006258685,32.2372328919155,80237806.43882903,,43.05485530995161,6.1550469975623345,25.936201436621786,22.73099431191325,16.554728803592628,15.021472088165165,7.891835301802062,,25.714051836359385,19.465529330824783,44.62006870205554,4.714560383141902
LUN181,34.70547568986979,40.90780190420625,,27.80958431822156,52.26780037525375,24.03629388336993,26.19132138687249,,2268341937.9711294,653300145.8241793,25.139796891363368,7.054009324301331,20.24735227835107,19.70146693345506,,26.373588996284266,24.94513109700409,13.63401215460317,73.07448185512908,14.558216010651384,3.2145951897887177,57.21877450920888,5.487143532579863,6.61338259052605,13.253937978598746,8.444977524517519,6.921434453049236,42.24982620337459,27.022358095641202,4.969510266574544,21.50062570932456,10.506598432690508,5.0347147769229394,,9.118067069563203,11.002702414894353,,30.041590615890023,89.64601843438162,28.45293916864937,83.7930433473019,182638387.66699454,49.86326216027588,44.550173538285755,16.311921635928346,36.652394879772444,238081792.46843374,28.188233037915744,31.61766424485159,54.31882722726541,7.731868720214781,2.833264128413255,10.806284183806698,11.707005334759323,67.06104298041723,21.071885436033973,22.052527395956883,27.638021650839136,47375603.10079654,,38.83062776456938,9.106451761471797,31.780599677166187,24.32154149442528,18.000788892552553,16.623480166166555,3.3892273837658062,,26.654266924234406,23.279618575129867,54.43744907939901,6.323528649052196
LUN182,28.31599054794069,28.49270641096527,755103137.0865513,20.84468030391873,44.11282372660498,18.560068285524018,23.176217946044826,,2241508394.262588,151470014.0258123,23.02571299197974,6.614584510649438,15.946952277577614,13.150287136394187,,22.180580858758,22.134513970409913,9.779254141467552,54.44161606793933,7.491867782895858,7.472982009770825,49.59034035510475,6.807794250672711,6.4016643006451375,14.460249541425911,12.2197791698476,5.363899205579771,46.27515886587151,23.885504907336983,4.358395079334339,14.87397427485706,8.699857914617876,9.959425420579645,,7.510016081802337,7.2760084075845235,,26.337723421414726,64.29393797791462,24.866591297430595,62.564530362987746,171123482.2735664,45.60130252626477,42.19104185010441,12.13689023963658,25.681356212200438,122092162.79823022,18.37254721840752,21.586477490170125,47.84686432008803,5.9518988846548275,6.954355374044573,8.651994267278686,8.129393447016268,52.58171610398632,12.771085194130409,16.91588615579207,28.936007846077132,6688174.376412921,,36.711820599518944,8.382645927436783,18.164786663950892,21.31973365463196,8.826622422091097,12.034741632257186,8.789945412240348,,18.71053352966701,12.72412134352109,35.24997659059462,5.851420376248971
LUN183,31.901708234067137,36.97929166968939,,25.128013447350114,46.35788639901779,20.844692783384588,23.617290062843104,,2238547781.2592683,333538314.4565112,25.020802614449707,4.536849299567373,19.97486797191279,16.333060146057104,,23.512629417272578,19.774435151739713,11.750846452015562,60.680974798653416,11.499990325763287,3.802221311388171,52.33034659226914,3.4992447880209574,3.459445279379485,13.591380184198421,10.280924195595592,4.46041720911676,39.77222519634082,25.458483915046692,3.1861631834205904,19.548254092525323,10.31054581217725,5.587784077067751,,6.270881845814666,8.686485026795813,,28.661387966064122,75.348253901655,25.523921570156887,73.77545642555478,194788099.91081962,45.648541144334914,41.440060132760905,14.049241593466105,31.137157874733884,129099840.3195424,27.34245486434693,26.66593536627757,50.02854400388121,4.709287371263689,3.659930463177448,6.609948938363072,9.839133589937934,62.06027686653577,16.928591543598795,20.169884755870154,27.48890751599278,35498081.99729509,,36.00227574013628,4.655983020545896,25.060388709354047,19.489515786217805,13.247660724266655,13.902355433802464,5.439099712133934,,23.05248690401078,18.960185948482973,47.45928708774126,3.825817169363812
LUN184,34.035127543752374,39.40077668166624,,26.547599511788107,48.33025093096615,22.279572996253187,22.888179618413087,,2019617052.72118,441557560.8770647,25.479554048279297,4.021844756533222,20.439314820805084,16.573029245286122,,26.36258370976433,20.678510721591834,12.12430822899752,63.99318311598928,11.622374336868425,4.1456922145081005,53.50295385225465,3.2057741190337903,3.152000995926006,14.668324205697571,10.623711401893674,4.545353307979656,43.47252108126521,26.814481970498726,3.214233518798728,18.912780980758253,10.588590252861405,6.608268198221401,,6.512832440035897,7.810874720765478,,31.207850378170757,78.40381818881067,27.454423258911856,76.0437254749181,196596496.7722527,47.61105502420754,43.83468967110883,14.743699334499086,30.92583235271111,174483211.26924688,24.508210879764412,29.28268795816171,53.329739829602936,4.503848160594053,4.267604578040087,7.599188313378522,9.849375319214126,58.75070086797972,15.681152286108443,21.3588252558577,29.9507350697809,55498300.71550906,,34.20922807228292,4.539415510750219,26.392571148605327,24.984181565344652,12.413907399867252,12.910736600424837,5.57106073890242,,23.844578006445893,19.332347871807073,51.55139167943876,3.6610762006629893
LUN185,32.41959100279242,39.9019103660793,,26.7111219578923,47.559268379533464,22.666346600629918,25.93045917457196,,2359188865.3629284,592905609.9036711,25.087207208078645,5.363168548992846,21.036860779602875,17.93861706836078,,27.864349756631903,21.035682793289606,13.66638101075698,69.6463364285625,13.698269645589175,2.5639898285121796,51.90410962828128,3.7843305323243563,5.249310796315185,13.931809518082247,9.11772593688888,6.103987528841829,30.562247473830965,25.5815373375098,3.8333930837871817,19.983014683506614,7.917367684022764,6.183582342968885,,8.130790300848016,11.142213013241347,,27.95626114977736,81.23332578485768,26.742738214478287,73.65638313585367,42676891.93275539,47.11446095847344,41.118325271357065,15.081688263929045,33.45937525705393,132266792.5374331,24.55864784299969,29.096539264609824,52.816907162679776,6.497078445486762,3.1952011468266637,11.876878988187501,10.15599668470031,77.39616439090447,19.10350448803335,21.221915918740006,33.55354414299671,19953397.41752226,,36.1945132772767,7.463659512543257,25.496522950883517,19.073216176477295,21.819971071559788,15.92128180976118,3.618814916697868,,25.087508409935833,20.47921573951532,63.66174548868474,4.968562714163705
LUN186,34.57735849237603,49.330261119185955,545840466.454283,32.49259079385725,55.92520437734253,32.24197344091264,34.078424898047125,,3236739533.468576,1082828317.02393,32.461526955311065,11.032524672281742,24.796900816988078,24.652414247443673,,31.160334939115046,28.86913733654144,18.46704928905487,87.835538626386,20.308641255600076,6.769865582665556,60.8844063001107,7.185593149294426,11.621405641267113,14.968977481052455,8.72510143187687,9.73170421831106,37.388785841115556,30.34146227337559,6.970827156155935,25.596553082615408,14.564532749677088,10.340422988673911,,14.332835210477626,16.442455102144798,,27.765186334612924,109.952531154841,30.424999792361778,85.93477461776993,105727966.2047952,56.933636187513855,45.96316863239327,20.830302070362855,42.64086981850879,54518130.906993024,29.817674443900383,38.872052703036694,60.26559529497899,13.34065751728636,6.051983598666607,19.70787128011707,14.856167246705954,106.0207093505616,26.761746848021115,24.207026172894977,25.122011365462647,52831757.38311989,,43.97394567689984,16.620150645130277,31.049269844319845,19.95424246555524,33.87362556839029,22.746360603092473,5.7608199132410185,,30.250894671733956,26.941426082721698,64.10229433367476,10.102768791772059
LUN187,22.15895338677965,31.893449043898077,966418685.3710961,19.510078717022587,53.25539333419193,17.254145575588204,32.221856666161436,,2684146375.697776,,17.004488944484535,12.30949895815149,13.16040951207686,16.60744595898176,,20.562526247695224,32.82482940432094,9.797701064212472,72.49829751843103,9.939791593462761,7.365523998062451,58.16346824115082,11.091062424705703,13.130182929882077,8.474748133595702,6.042754159043204,11.146926350678424,39.539974756722394,18.17164136953361,4.594142043818913,16.686462739105778,9.012345536657927,10.141134033489688,,14.144635380576013,13.114390468695053,,19.637110026925296,70.52973128483097,25.526609410474688,78.07348413747734,84092660.6144523,50.17524770402372,42.568557217663205,11.75807287369396,25.924273426832567,44861477.67419269,21.3685910172069,26.024976353887464,49.261315739039574,13.270025514290303,8.245658880472462,17.177232749133548,8.599119009162585,76.62741431348277,17.242968094542704,14.146448250174632,17.879076174032857,140891664.0831099,,45.35614228577551,14.6843961447657,22.141938804891545,10.877977747749208,14.040852601650425,20.693723801467893,5.449776677592559,,17.379543967159897,16.953272107600522,33.098934179307996,12.190043831257201
LUN189,31.841742793270253,32.127220851788124,,22.92737025732955,43.61415761186867,21.47448979175844,21.764932694730575,,1827972014.2392414,120293636.62317185,23.37813691650529,3.452368879972741,17.26811341175853,14.844151312761369,,24.005893669611513,20.135007910412337,10.382909717336258,54.95463231358057,9.341089730116973,6.216125065088522,48.478853552794526,3.581712428816646,3.3326028920481288,14.85737977458786,12.367302919158755,3.0011713573004726,41.67337986627082,25.093787363943733,3.3487949241301758,16.38619266067458,8.392839820337498,8.529297575225634,,5.749828085791535,6.6312503953378314,,28.456424802826813,68.02789484040883,26.084720561439482,63.7031728810102,137395759.82763728,44.041763849829124,40.841439387995614,12.876801943856206,27.30777405380269,196523006.1185881,24.19761024437332,24.224955497018478,49.16014822551175,4.468700765758555,5.297459858594542,7.40082237694688,8.89683831718475,58.00955606887624,14.294729746010537,19.287428440657205,33.0955111445679,60620907.3348901,,33.64670579881528,5.304523753095581,22.918873513380476,24.626864017049435,10.17320014927878,11.187754296186847,7.756239489220307,,21.47849779113051,15.459783485562086,47.65882995980388,3.80163385851905
LUN190,27.577814769289937,35.19654203860199,91566165.76628973,22.64139767728173,49.03673768288444,19.45482096872875,26.52708434401376,,2149690628.6191344,511112318.1761396,20.44934819302069,7.071720309247129,15.08740904001803,16.300214711207527,,22.666228692581438,25.38831958791457,10.463665789741768,65.94155516433325,10.996576437173385,3.393275908569751,53.63829285073467,5.893298316536115,7.353474301815927,10.884065406466187,7.288927592771057,7.028945586038386,34.04311502756122,21.9894797573387,3.907780224935508,17.814897352529467,8.355747178862812,6.742156084666642,,9.381349999275313,10.653118477178436,,23.640452698675883,72.84454808598798,25.343437534800543,74.67612975467532,85507446.65243779,46.32102367574873,40.364885975038064,12.974927450772388,27.490587668834166,124852816.42200626,20.195462790418446,25.718845250316015,49.38113341490598,8.27682659314686,3.880246319588645,12.727987472555165,9.102937394890223,74.08285347351143,17.224514525041805,17.536016173978314,24.976376563765495,32145157.47556824,,37.78694945840114,9.124307342020613,25.832010994685998,16.272499382653965,16.47569563541609,16.534143847901568,3.096131793809375,,20.54938308167406,18.429514903341165,48.30641397602678,6.93720481100657
LUN191,33.04617039269541,48.69101532039644,,30.85323447513513,57.1242890652732,30.479096763924918,33.301280653859635,,2679186890.969579,1084321847.6999013,27.990600834763836,11.095283039956296,22.22843519427622,23.86735134245995,,30.13169178846399,29.291047640618203,17.04665606877848,84.67657975156858,19.32487609786144,6.324874803209678,61.32627857717588,8.131703051200647,11.29939968773764,13.469894280655062,7.754706175426101,10.403579678174683,35.70316513432137,28.565934963418872,7.697601473814449,24.751827599287115,14.102978332359747,10.255048909380434,,13.749431312502375,16.52916992644166,,26.413293780558078,102.11609083971082,29.44257486292,92.44363779953446,31619871.000527386,54.26113028128832,44.07904133010146,19.952501756678885,37.828239551006114,83289979.37571093,27.42705363864015,37.981054855832575,58.12326353404679,12.538706721631838,5.031745986783602,19.41394256906675,14.710683072291229,100.24857351613817,25.061204955424195,23.001914677095463,23.539031840000995,53176363.85185549,,42.79608572286187,15.375854568915887,34.887689250802026,22.05781821717927,32.10307970274531,22.746972000094143,4.739779082511063,,28.147093342226928,27.034130722883148,63.83899543802009,9.678183606383909
LUN192,28.386310128082293,36.333616221866784,891863875.3287288,24.056382003998753,51.53023440924646,20.1119976649136,28.594832744014766,,2760844335.8633404,587322027.1352783,21.156831232861176,8.811947155203631,16.77721276010568,17.490936004459428,,26.189779370512856,27.99112896729344,12.680122950584686,76.70736759387742,12.05227311268292,3.954425381384445,55.91990363070222,7.267084991395296,8.909816443302704,12.100823819132804,6.176030221738154,8.215793184020658,36.31861996016779,22.371408109431787,4.697172531564867,18.033592745382713,7.911422581840748,7.150082894823652,,11.121366675368426,11.895294494024983,,24.51154106552765,80.19897758522465,26.597816203115926,76.1247554481163,37836625.959009156,50.59098318244382,43.66104795305966,14.178181124958416,32.714273917126086,110259822.58985655,22.195547719076437,28.46559832583528,52.915935708300466,9.62168211715377,4.91996988476819,15.51712401614434,9.483959411001205,77.74220596259329,18.950295096697964,18.20621899849827,26.72720649583503,65812943.66705872,,42.14879891213202,11.020100028917298,22.539049394785792,14.870972855083236,19.245646648733175,18.25747873209568,3.094341077519403,,22.236429822892806,19.263007390368404,51.10760595912433,7.771378280942368
LUN193,32.170795614455734,43.15542512834796,,29.109213652286506,48.11098895874755,26.095211311543704,29.277320095040732,,3008477659.30871,517536881.966049,33.10104763424911,7.419527066307961,23.75189156982394,20.595096468054162,,26.144755119228684,22.46375796195479,15.562871538467656,70.31711363531495,16.30800315095657,4.153961107216904,54.82627304024476,3.9562230532098575,7.310844190082729,13.791175483847317,8.792473814586911,6.6013428260835205,38.1057499771514,28.69612776836119,4.313548881164399,23.221484382133596,11.569956834426252,5.726010554170796,,9.775003414360842,12.314604054629472,,26.938551414998333,94.19594499797967,27.4877267219506,74.05946246445379,12607306.804539407,51.13793443118985,42.69983122880836,17.15712286312368,38.29246643135673,30199808.6342565,26.057316842537183,31.80084879766473,54.42447635671234,8.8502241416464,4.770761853913909,11.930046094929294,11.935628461131481,90.51515164281064,22.971632514125773,22.171190163720798,25.055880284439187,6972524.603026002,,39.516991924239946,10.509742387216729,25.515280816202154,15.748769639441452,24.56757645334988,18.303834986188203,4.72154834738319,,27.04190292234596,22.468596244723503,54.18008690983079,7.054920534544141
LUN194,28.838042960778306,36.75075283924257,363156369.43283707,23.759753979937226,51.99524811061903,19.324588270082323,26.54798234431768,,2438033845.009677,573953456.1468868,19.21811671204721,8.15552643325506,17.20901513856395,16.676274041411784,,25.41027501078433,25.718229058342768,11.91795527051055,73.6379489492481,11.378435909109944,3.6763259521266916,56.52736034442479,7.0163500144603885,8.050881972485227,11.852611732458634,6.776500149807363,8.015005680770935,36.39236621449731,21.703683169822703,4.919858073651405,18.36928814738466,8.696566648290059,6.656126723673807,,10.129798994256916,11.296381430915694,,26.474229643414073,74.47813636456112,25.566577863272457,83.18001126190356,187656263.384089,47.972857278591945,42.88471337313766,13.76010693167149,31.293337920311448,141391778.515246,21.362818689530055,28.84322450153234,51.252771747233666,8.722926582831217,4.182201174589098,13.069505504444123,9.7831264390809,64.78966981903116,17.637603565285538,18.586262229147547,26.261898173046138,37796569.867284775,,40.50724964086061,10.27111531468693,25.76146271159168,17.290281607666422,15.492942081507966,17.255859703137133,2.8651859519471357,,21.597496356329675,20.34632762093547,50.30875480513992,7.530622203188062
LUN195,30.72558898262225,33.46949030124308,,24.35067405853145,45.59911926945708,20.610059907691497,25.603051055378824,,2678937332.311739,199124234.42472717,26.90450158138866,6.6954232695735865,20.020506931795488,17.479608612806068,,22.522476217779612,22.66310956897433,12.610567682347304,61.93729110558395,11.816890442039837,4.945454395214152,52.26178831773241,5.388302064312061,5.029273915818106,13.609545260764486,9.871912822548952,4.276050604882177,44.450270186893064,25.95527243660633,4.536062440419342,19.387483000111214,9.280014756786212,5.2239444108701285,,6.8754924296617475,9.158034611048631,,26.60446068347636,80.52371782035718,25.87052863859296,67.67450025033898,110209752.37415054,47.697188616154584,42.317727197693884,14.109315721284007,34.33770138854717,144433345.3014498,25.174083688899458,25.352555487438686,50.1480524043197,5.482600562063092,4.241797267233145,7.190708964016872,10.041063928792221,68.44186345890719,19.761537389541022,19.368607583932363,26.610824542283552,22045631.276786625,,40.0160203364523,6.045393982442941,22.820785199902417,18.6625626035664,14.916160768913533,14.963266456154845,6.136005719682221,,23.72509032749508,17.828393003806482,41.89925927841487,4.654990370230701
LUN196,30.933336959647363,40.348903077698694,,25.840937985498993,50.84305430241649,22.28836524223607,26.45187073376019,,2134024888.1626978,681929666.1839548,22.8446666761176,6.8988488740177685,18.581253988215355,18.07544741108687,,25.427096497327785,23.605449502487563,12.476708007080857,69.62673199354661,13.394630867103228,2.97785167087868,55.52197499916993,5.34513201031387,6.698649661690603,12.077680417171555,7.775001666112718,7.354419797400599,33.95633396898928,24.348308054059345,4.858805939151755,20.36916740948232,10.276463871124925,6.233035711530497,,9.23084399774939,11.67212238889045,,27.07966773257691,79.08813560994413,26.289037731787527,83.3093467294894,141175974.9215127,47.05832989998559,41.263322664151616,14.99018175946203,30.89534321453905,137459117.1861143,25.07856181400646,29.90326517382272,51.57388338286225,7.762722333515913,2.9740798087869416,12.325022370802722,10.877312403416884,72.92838153277519,18.895221403883184,20.19151680563277,26.17504692312709,1939558.4735503634,,37.18288148435303,8.894202179543074,30.01840350249715,19.33372592423383,19.012280096005544,17.084689778241703,2.5964031377001997,,23.363513047491477,21.8653183754245,55.58202001329309,6.3402290984943805
LUN197,27.762108335343655,37.77755029977964,347466485.10885197,24.73943720351278,49.34951657539689,21.872535723716005,29.059435169023544,,2893517568.59526,680886571.2974482,24.006511231129206,8.184314563459374,19.09933256481547,18.02421597325739,,24.275001224570058,24.817228962883803,12.909828099193357,71.47509324226772,13.158741192398526,3.483140400862544,54.864643808526964,6.0541247471381,8.172111292474085,11.70763978784144,6.5051597957779,7.435199217221329,33.69667180179867,23.270619215074777,4.417925196021658,19.99553769964063,8.73418579637849,6.262589368345544,,10.366796017027514,12.21044858799924,,23.55492670919048,80.87968186292161,25.260807857166405,75.70037940474192,30213594.939126763,48.770744605093874,41.17950152794426,14.52981267916416,33.13937805637847,42814866.69070138,21.202968457942877,28.429076176790623,51.113384453247036,8.966742364758355,4.162217729598066,13.586558349329245,10.271768337812507,83.8486295316199,20.229330631858275,18.705069738769424,24.176069595676246,62218659.45119318,,41.18825875961099,10.279641276164115,23.791663284839352,13.076292030120163,21.263382962309866,18.62123085517283,3.009858941119405,,22.746752225364016,20.173074653228667,50.408977091136855,7.658104708497875
LUN198,32.62897536859996,38.128959923516156,,25.849169525381576,46.55333281865712,23.20925757739943,25.039930656739227,,1916281008.2040992,324623260.8215154,26.060582877159398,5.372200626470476,19.3295259673424,18.051561433564597,,23.531443945756973,21.263019213013393,12.172231619832244,60.77474630831024,13.39412095885505,3.931847792610805,51.95619218855458,4.07017612127595,5.045442380508057,12.81561400020885,10.091508344707293,5.822924485750242,36.97186551544778,26.407124337343813,4.247193081810655,20.840383800032637,10.57746751281826,5.184823900614316,,7.439644330943309,10.233201226734648,,27.142754006001848,80.43143269801604,26.72258395116429,73.16199594677322,108965674.25473994,45.78531188477408,39.94759348459589,14.726908355867245,31.619090637037207,165288837.289505,31.189473763293282,26.953124028650414,49.97743511212638,6.460258789424577,3.719690813631965,8.801014202879028,10.826081088404138,73.91319960742429,19.480783155750025,20.650958547892667,27.448252860738634,48785850.6805113,,35.2479029531604,6.836918206260092,29.4344221686352,20.941780710164664,18.119938372188106,15.363328174676424,5.128203156279028,,24.412385534809093,20.71374033208431,52.367968388849306,5.048489141614487
LUN199,30.238914117979483,35.993645814913485,467728961.23856974,24.827687258031567,49.46810925072975,20.00298133419841,26.166823213377924,,2780964313.3413067,560267338.9663757,23.073500196824245,7.126387141317866,19.457489991806845,16.947481853933557,,24.807371650555304,23.842726536496354,12.877443867789545,70.61202484541562,11.631705549279596,3.456406704058061,54.96661906825306,5.727784727766671,6.42083608129523,12.910006391878367,7.7801384807098835,6.3180513114754735,40.56055897414455,24.038388019420015,4.051992907751617,18.996713448527725,8.079280759729,5.060073946143246,,8.606282841012014,10.128843339516905,,27.634902067462875,79.99403571278816,25.824245747512588,76.316792215776,160563716.37642998,48.91942640010222,43.70961978436447,14.083068930572699,34.86378295652197,139504018.21033335,22.630001142739367,27.82532489211129,51.79828358165691,7.077726905430032,3.686876625951613,10.13423438236936,9.674223595394396,65.16001877028776,18.80860792579741,19.4711492539798,27.389763768317927,8713715.824015329,,40.796679754620776,7.966329351673177,23.162208563639535,16.882642184509024,15.77200886635295,16.072241340943844,3.771395311635127,,23.424008020320617,19.562260498019594,47.4721095180246,6.116664741851681
LUN200,33.298469278810195,40.57584596901448,,27.908971885473832,50.50437485693377,23.92192303749323,27.25777433689666,,2759598148.8075767,674094128.4340804,24.44802644628641,8.255946262458218,24.446310445238854,19.73679304457733,,27.36173874232691,22.408734695569006,15.606302913940777,75.03920600486383,15.30231198555909,4.627476478329871,55.6753302314729,6.6369004999423,7.673644353431967,14.129424081076024,8.81933101091232,8.484831626367368,32.97850472120882,25.36997594192109,6.6404464055315895,23.047658457832235,9.906943901371688,5.02774365064807,,9.907150972900423,13.3535396079363,,30.004494004866014,83.57923617868535,26.07601381746603,86.17532549878646,211841204.35629603,46.8494769099877,41.786037246726345,16.40757973000049,39.90764482121681,159870675.41718563,34.578919481505636,30.834126502447337,51.51103711690351,8.37590293851651,1.8890414351344738,11.834556548912712,12.551330384244638,68.10549431868041,23.36222547361717,22.340432656310234,30.862736445697855,23586280.48944553,,41.26382272020182,11.292061545158415,30.051732970502613,19.240986808112304,22.3784861455854,18.35384831210805,3.5110946675759527,,27.176871924556572,24.690860817841177,61.376691977093756,8.57987454099818
LUN201,30.45564781286511,32.18011311315185,,22.11378708731033,43.741500988001214,19.625805524462574,20.87004313286041,,1944447425.0312827,244442920.79539105,20.249936773914726,3.0462418147756196,18.789716421969622,13.133934980581632,,24.272889761843444,17.703819843450688,10.032779654841676,56.207448776118476,8.306044196304219,6.073156321241055,48.368609039311785,3.6343423972330835,3.886678467021086,14.605833257459473,12.249247841984134,3.318949565015637,35.30589203688757,22.87257541541878,2.5110157889279248,15.721030700869287,8.927083124540786,9.289927600987538,,6.405822861579301,6.6015991142753885,,29.40698420517712,61.00071246435593,24.302851599881755,67.1019182724803,213399806.72838533,42.332335797111625,40.00797250398013,12.395741354516765,26.067943682783778,148618147.82583365,24.074574127240535,23.775275263813313,47.981341960526905,5.236402735111446,5.992363846726452,8.348138393003113,8.24937834873798,50.857251566746626,12.575587147823617,18.8234650530182,34.393910173816046,37669447.88589008,,33.36064977120804,6.830308691744028,20.407157158145708,20.547342188265105,9.590252442348847,11.013169274047222,7.70515272464874,,20.07177100210676,15.131140652057574,50.079588260087384,3.727828476437288
LUN202,32.390746916215264,42.44523977928675,247689758.943977,27.265819173139313,53.206346140213796,22.631329005108345,26.652924324517866,,2273423490.6912646,767177571.2762625,23.65197992710619,7.207390743554785,19.37744272766313,18.471899251856474,,27.44795469052897,25.33761903874935,13.2451569919026,75.04470811763304,13.652124806237357,2.593523245681446,57.867466066686504,5.422663006813969,6.890685542774078,12.93190386157913,7.624707835743004,7.36300411498953,39.74757412796413,25.466212932242943,4.578651218496551,20.18862174337867,10.560112929716372,6.656870699139011,,9.620525794167133,11.120345182650604,,29.19817716420279,84.95966299452975,27.76844477242401,85.5424246928196,154398879.53358907,50.4615578742404,44.70740258562688,15.832975482509946,32.85761067010727,151486172.91110107,24.193612385807967,32.89336092365148,55.07445495574085,7.860109610998871,3.6903925670761417,12.357599167689271,10.891556832519878,70.0351383547243,18.397010112144418,21.124823623594587,25.96993492504682,1693055.2047538743,,37.97281412496887,8.830784996288191,29.025440007197425,21.271613541914185,17.609319561821614,16.947253229193734,2.792617653867862,,24.305723130895917,22.28146278569574,54.68792516033523,6.553281988151299
LUN203,23.032656087389952,28.514441118997695,863642019.9134853,18.45144055440362,46.98408827292244,14.802778737369074,26.89453201905106,,2239587490.343574,,18.428052223287004,8.636769666124511,10.550016229184058,12.341606469297037,,19.624746688190527,27.530143391210284,7.164168610353866,59.47787762025584,6.016907686075907,6.545118568587579,51.757443221024886,8.36553580780875,9.738679194437282,10.792484953246674,9.499261264295106,8.27165897195652,39.59198708661444,19.494569154181363,1.744439447227982,13.69930961028463,6.394691964089258,9.910428598999014,,10.832619933035232,9.364974960429949,,21.161334000124974,60.84120692159616,24.869447361652135,63.71227141354623,84411543.73835757,46.870298911019084,41.35633596826155,9.954828717460769,20.921456141020265,49474864.60544575,17.139052332800325,20.7564005536248,46.95348320688324,9.628198546053786,8.019743861412762,12.601813298247178,5.899275661370273,65.84222204717118,11.81791823108843,13.83740335425306,22.578002884920693,80662990.17876844,,38.2467215842823,11.653046221208665,16.55090315353818,12.103968253688027,7.037275881118128,15.417019065043807,7.163637830535835,,15.405814558036917,12.127662478591889,31.842629901904324,9.385083977246966
LUN204,35.905414615410194,52.590163027800536,,33.602348697145956,49.85764589140651,30.04347544946167,29.494702277911724,,2546760670.3954706,,40.46138084535002,8.034147695021684,25.27855028996887,22.28455082289561,,28.878155065566247,21.34850454557361,17.115108020169544,67.83851808407157,19.158467428421417,6.187659343448112,56.401485055516126,4.634773495474368,8.391024921128926,15.414347306308063,11.321311725124172,8.642160446552282,42.48715821337645,33.29729407188129,4.885177731351658,26.030595673166026,14.942258515085863,7.136983476378201,,10.863126930793014,13.449766079151171,,30.475062961583557,101.68627338439964,30.408988270372472,79.55010721321754,17118732.846101414,53.41817392146167,43.9758328814034,19.788228315944874,37.16184605873799,36692153.6307989,30.427595746847874,37.08364730273853,58.16411897459922,11.056091444513788,7.903373787281565,12.684692631327216,13.609072491844312,96.85617158542635,22.279704831212317,25.39284239458551,22.964139932835394,22256406.161445696,,35.3085759015282,12.03886497817745,29.681067402324995,21.13503757421375,26.588396845732028,18.815371484757556,7.174899926259121,,28.88712865894274,25.55166519142555,57.69103534804902,7.531659783633104
LUN205,27.19244940292416,33.11882401787744,789922370.0431352,22.39719730955139,50.113377868522335,18.87075091812628,27.92913524237963,,2649636413.0730247,466917754.26655585,20.180612333575745,8.50017669371085,15.563114353832626,16.73910844219925,,23.316307031452116,28.201212506734212,11.23631382562105,71.79774388044942,10.892509047848849,3.8840968601036416,54.781370038354424,7.2789642194977136,8.671801712075395,11.202708711420446,6.4380941490471795,7.576812486965143,37.67518273979932,21.734193023056935,4.075865004056309,17.28425250658807,7.07082561068837,6.626851833109666,,10.52684322294504,10.968408306518175,,23.35162038947032,77.31690999253037,26.02652404578354,72.45904652492976,57398690.99033583,49.073276583749504,42.601495573606236,13.060423298166166,31.51448736638244,141810720.85721722,19.6315185144163,25.59242518798938,50.71474546861307,9.280793689294475,4.8996120901505975,14.020857613998766,8.806788379900153,74.3256279294161,18.78312097208494,17.13976111442226,25.689004015468342,52855188.32015318,,41.866393027219935,10.423297546028277,22.30093567660453,14.551873892701876,16.716946130496837,17.463172358651793,3.5201606735503033,,21.34108073639763,17.907610070518107,45.661933751482856,7.603138000650055
LUN206,28.639608786848413,24.685767811254703,687552403.1042907,19.10716809627293,44.856112678323264,20.503415558571387,23.05579011598978,,1801146653.8822114,,20.000956891231592,8.303972184785627,13.286905858441296,12.791940884955963,,21.077263436130256,25.931091673729068,8.884391740835783,52.09279107642738,7.183407573266206,9.445912634887424,49.4518230898741,8.57325633433812,8.300906960173466,15.03602959878511,13.53784768749208,6.675993674054431,50.706994612324046,23.24929023645842,5.715369887729252,13.777939405559843,10.242495245307275,11.744955334626203,,8.787337033439206,7.947199765191197,,25.854109037475443,59.12758849123068,25.31859712379012,60.477599394206464,215452314.20782095,44.76859247412325,42.24888728205228,11.799992221740926,23.406300646489527,205334260.61267847,17.253811824696047,20.436557081551516,46.16566450814614,8.135712695121173,8.139319604123596,9.63933860150969,8.901583806453845,45.21645908813855,11.41978223048164,16.219158787395013,28.982051544253,19871193.785553716,,37.10092268998524,10.941048965100288,20.83998726333554,26.088394323781245,8.675464097307717,12.02253819153563,10.5148193099423,,17.506196634089083,11.866053312103856,29.63539925275055,8.511036232309134
LUN207,26.12209294829476,35.60295138988706,1097575468.7177534,21.996455853697174,52.49759266889649,17.15461809005734,29.220349750413604,,2286415364.643112,322909111.56446105,19.77546579316568,9.891633691999118,13.154793728507611,15.332503199043321,,25.022962281984736,32.15438695147529,10.503586774793332,74.13801293013037,9.662743901063491,5.949130926697999,56.51500199932762,8.740764809197213,10.568221636867246,11.169969181706337,7.229603443253557,9.453133290639013,40.96893962844789,20.95963991953891,3.9765381176666645,14.997275446292022,8.771415795450524,10.152552893801667,,12.327789875147241,10.930910703741938,,23.230752450019367,74.15598986241967,27.94913523237463,72.86048960495407,7881593.142332084,52.446032098334854,45.47179920708935,12.774984905274382,25.091681645629865,63532653.735686906,31.407031937578644,28.096644107657138,53.69240666935917,10.306787121807837,7.846014643497395,16.6123371045961,7.746699535847667,76.69369763036501,15.00326019334175,16.085534362907044,23.017017650604938,102224996.25856906,,40.50710255621117,12.189343699638226,19.587522530513017,15.050794280462597,14.00466176003785,17.76180387544901,5.415972878880411,,18.337304115725665,15.960034540911762,41.99408667398405,9.91082263170737
LUN208,26.747462442823256,38.4991762149113,867296149.8491873,23.889471757292284,50.185107839453586,19.67888791167366,28.6539813462453,,2706318101.332045,662594486.8064072,22.81769544052078,8.134282873283748,16.373042283673946,16.364394695128397,,25.00203537879611,25.655950734681873,11.806573856250447,71.27636934693487,11.443791023447318,3.790694661117947,55.24701093455266,6.3264009897231155,8.31750092495431,11.483457557249267,6.495776654119343,7.836739047316748,34.635926660313395,22.15366677921034,3.3724717488014986,18.083237110716343,8.100120189934392,7.689631729444809,,10.519275620640803,11.53673095496412,,23.572719816648235,75.74362336934712,25.708729379751293,75.70564580421019,28403137.32078112,49.77573953634323,42.491305965868996,13.622307357257467,28.16876916365543,5404695.184040565,23.075681074810248,29.35980148066902,52.1666629016461,8.677128475002135,5.643269708969882,14.081823536317428,8.95672087583262,81.37746745806729,16.572157093518314,17.711640168586435,22.985313097173236,89771100.22609425,,39.74332003448788,9.689690871375603,21.225790704695264,12.450070198265543,17.80471415253085,17.928585137417762,3.39040652907315,,20.256759736071658,18.28519331595385,47.56001897197866,7.666784374210414
LUN209,29.073463593983703,36.705631707139084,484264935.43567634,23.920924330606624,50.13720899107557,21.04445299553008,27.02204900007475,,2069754014.2039404,566793926.166378,22.721168257337073,7.154512722010698,14.926892228305476,17.488390241980134,,23.13966486048671,27.34892999750053,11.07295360306844,66.82303172655779,11.882950181845892,3.4505861664680277,54.788234615184706,5.750628867126084,7.394969678276372,11.244220168930314,7.490920691087979,6.9518918360287,39.451254786307885,23.972958750387445,3.9674950889095792,18.276589833398152,9.54671451948975,6.628717932399057,,9.502970075443576,10.401191195675532,,24.25632801246037,79.96622967387958,27.143336730758527,74.00160736493648,53773728.75492562,48.72471502943766,42.156765876678726,13.839949887933818,28.598033301691537,154996811.1976773,20.61479793781094,27.093314189432213,51.55179417878708,8.373847620878182,4.021707989823927,12.47664743320447,9.550853926240187,76.88474504599384,17.778530197364102,18.392369830756685,23.767567987270674,16526482.719983486,,37.400791471815374,9.073663625411436,27.402029661067854,19.160094685559557,16.818122697624773,16.42474306264287,3.3213448820095786,,21.773205789510985,18.95210449528541,46.64434839176845,7.386028910957144
LUN210,35.574514882199125,40.211382978943185,,28.58639247502992,53.050660461959794,24.33823418698058,27.021128697918808,,2620810075.079348,699691964.1006999,24.297565932682343,8.474401490072097,22.55157192898764,20.7326566733059,,28.930679552595702,25.365301663404747,15.623111162364841,80.18538185522928,15.365693650963927,4.605045021244176,57.26081535532928,7.114683886785862,7.935799109697641,14.766901455253652,8.667663756943703,8.294341685817809,39.3829254432508,26.697650379266044,6.6753818901224875,21.96077686214462,9.500168991162338,4.802661820781166,,10.300609091597202,12.621985332129926,,31.72021144582382,91.28911013914701,28.57129952834301,84.53415623554852,182341064.46308607,50.30362910472194,45.3278576214179,17.137951467450193,41.47736824059716,271389992.4872287,29.872940190789116,32.192003092211316,55.17887854452223,8.920227498195322,2.4652334001246006,13.09774448363428,12.303952001173283,65.5880510590384,23.26596501813004,22.88150654400399,33.1045073419443,46877656.51723711,,41.84250244412822,11.209463061654876,30.450351365293677,24.224514917293728,21.402553356674666,17.72019097164237,3.6703645350768026,,28.47537956320236,24.49062259480453,61.43414068541356,7.660410560292805
LUN211,31.114554580998437,32.5847842315945,,22.420677722435826,46.86195610627774,19.559771721533366,22.41616796413073,,1958822893.1829293,342354992.3402261,19.940184292080993,5.616448314829517,17.83068567493971,15.084558958923473,,22.265617862819916,21.368203169430817,10.37595630186826,60.59123363402131,9.930388101528909,5.140123487378864,51.8562648139585,5.322113741903627,5.012600264757646,12.89190304537091,10.241671872287522,5.262090217355654,37.283250919091955,22.6188600107184,4.434646807719622,17.85423382403366,10.521055382204581,6.66038996980359,,7.125478176602662,8.71843517351837,,28.03259707472992,66.78664646605496,24.73274916551409,74.65283206699965,265453307.55961925,43.23066018705147,40.46475753656394,12.779775633384643,29.174255309217834,212569466.56163874,29.942426641325554,24.388552885885105,47.40894537111848,6.116308967844187,4.063798903815396,8.099362385390934,9.52388600605042,52.206347404266445,16.436930960482297,18.74300565000838,29.799761638322163,38094946.37008881,,36.63381697445325,7.168212159263817,26.34556277544404,21.230068883385457,11.099961935334488,13.515506030551633,5.8256663824859185,,21.3554132129342,18.175155655023747,46.78280785692251,4.988768714774776
LUN212,33.38258132839919,40.81956175112385,,26.86840440926274,49.05085640139062,22.381094044971547,24.212621812089242,,2078561753.639152,581637077.6678851,24.616095813661598,4.303391688849051,20.358678873199853,17.11040116153719,,27.594263953383845,21.415949115798572,12.712059450161338,67.93517084520198,12.526276689449272,2.7010714229667396,53.622427227605606,2.910610683709829,3.9276347081790965,14.079551075860296,9.554959636526592,5.415315322155585,37.87973619069876,26.146551888749315,2.9624085872525243,19.187364549738,9.065086831408767,6.456906254192192,,7.352510502061948,9.35451524423848,,30.14795908785917,80.07465736629382,27.521060038727896,77.1210189318294,131960632.04185066,47.99429858268513,43.16784828075007,14.955391040010365,31.255964673236967,158869306.76180777,23.77488331458105,30.16825304988007,53.93799416734425,5.3380882241302485,3.6857216426108534,9.917534508878012,9.805485912614602,67.02291561962967,16.675102562750794,21.384379075640325,30.9644652368588,36856579.97824129,,34.44609488161885,5.6308109135860995,26.59397202304806,22.72150862724567,16.29452681040275,14.323412185078155,4.091882031454241,,24.20296938728427,20.16781355811167,57.82201854949661,3.917676100963242
LUN214,23.913749249335773,33.66244159484011,1065075009.4643667,21.06645942712285,49.982528073004254,17.639559732622256,30.38135197012645,,2815818937.533,437342619.2156187,20.886226264308213,9.924475140751957,13.713998279908962,15.73672188684662,,22.382985524442933,29.491327163269123,10.26855668305634,70.17802687157113,9.699834056984892,5.560759420664695,55.093655349517554,8.52043420961795,10.608258236103232,10.009906078418354,6.406224369462182,9.007222206432163,37.01987613726315,20.31410907815099,2.811227830823085,16.30611076707985,7.703118723559981,8.833222846905151,,12.239760875052976,11.63217021548191,,20.226472445378047,72.90523355083168,26.035995824884363,69.98679047198422,17031261.703789655,50.58948613134908,42.63718117840311,12.05374695813491,26.420989853745958,3255034.5781408832,24.316231972901274,25.91936755010444,50.61693039562488,10.564358801013036,7.502899023401853,15.70101779231687,7.701762662048024,83.09571065525894,16.340950811993572,15.203925307246898,21.04168968925148,124532386.604217,,42.28012159015649,11.917517373799056,18.1405340650755,9.610180077374723,15.825473339825784,18.72298984148958,4.929070134071811,,18.25600051070113,15.750952204173306,38.77003031982384,9.588719475765519
LUN215,35.47334809301902,43.02370033845024,,29.829024851154447,51.428388464511535,26.404616328051308,28.27063047810133,,2612589447.321506,680600580.9302859,29.078706523054006,7.5157949333791265,22.67488762306043,21.529714090194854,,28.6943780908563,25.094222523126835,15.742704508139216,76.9289881258121,16.5584452947728,3.686617245693398,56.270095704711665,5.202478125461459,7.492050109889598,14.514222492950841,8.84901460289987,7.216140916540049,40.21028854010001,29.162528369089234,5.137608286170077,22.651850593508797,10.13588012466881,6.152003220374364,,10.118787776653464,12.47109309709615,,29.606947593017235,98.96637154566783,29.764725443233043,78.32326708702006,25947114.62488759,52.316664655388294,44.97738589545042,17.746608881968207,39.959852763760715,200530274.94433248,27.0003970245077,32.90917259358661,56.94640549328109,9.082421111403178,3.7072084402897554,13.143824936407253,12.163228002045907,82.2837090382171,23.315081563927855,23.24464742549321,30.250600907951853,40551535.502006255,,39.493072471619655,11.036318722761855,29.670755565241432,22.92671107094664,24.53754103953306,17.7513945556946,3.876640257495603,,29.00965814641109,23.575137053845697,61.41939829451892,6.91733423168108
LUN216,29.168667210142782,35.313515462000495,,24.13313712815383,49.33469841428962,22.00229015230058,27.97469119071756,,2448175355.4579887,577207133.5031502,22.250544475235294,8.602506224586115,18.886409321768493,18.71672243760235,,24.026014005502322,25.597696303788187,12.698029754542258,71.45760904277134,13.721369341900857,4.301095340826233,53.76260062099738,7.307917516928382,8.638047443586524,11.717065106779254,7.1183860607433695,8.116633285808742,30.594274938277124,23.145048421020814,6.4195331310946635,20.171433704786587,8.459448968428351,6.087370022697047,,10.496203823897119,12.782302691136348,,23.796686211733892,80.05308015351375,25.524016636241935,76.32760587056285,55839701.00010817,46.178707619007405,39.54089629230399,14.751080749290434,33.90938614403343,172591560.02443862,26.9164916432354,26.320366017513177,49.37224552451961,9.443249994777318,2.60548996516974,15.082154365396233,11.079940654693491,79.8856782833699,22.549454891747878,18.854598661676995,28.714714680848086,18169372.90394661,,40.764414663588866,11.403583950043233,28.3922868471062,17.787906585998915,22.90745635571506,18.48164411630915,2.7557519399373187,,23.91017239342875,21.097200123323194,56.5606662001141,7.704537544133938
LUN217,31.42152680850435,42.51262721255067,621489482.3861582,27.98483561665525,50.533437830433336,24.542234418229476,29.2689953973272,,2874497075.5259457,783247842.6985558,28.356819476957686,7.557778771711499,20.88892373636613,19.67292057414111,,27.884629188601124,24.8698211933686,14.870021920439711,75.94681526613795,15.203245444536687,2.90808978190225,55.67036176739991,4.628340416436825,7.550815299701434,13.355446764203231,7.219802435753825,7.149501696122946,35.48597463916084,26.586090461212272,4.275828766425123,21.188719461740387,10.023336151873863,6.651885813203506,,10.33306077762763,12.546904142129275,,26.11954207064297,90.985011189561,27.77678295386149,76.15730207923008,34197218.455602996,51.860100638868445,43.63912813037482,16.45869774895559,35.69283109159796,58416927.88121911,24.35043216280858,32.04857310187398,55.54148188506264,8.7747188936074,3.801183153361242,14.34663681503313,11.019316940828318,89.53993457094955,21.098837683193757,21.09925521488438,26.87763894223522,35822010.3797631,,39.73959682273174,10.32337094739901,24.915658791104057,16.46033614440264,24.60950592218615,18.407621823880508,2.487429691825248,,25.59903950250041,21.582432060761306,57.665351236456836,6.715104049128583
LUN218,31.843167773178966,38.58395035940387,,26.339457038766085,48.028161987793986,23.806985369049325,27.11297143522801,,2339935966.700794,493534100.22654325,26.241745273703167,6.762459371226495,20.741033379520566,19.202599420248028,,23.742085270186866,22.982849765387357,13.108420687693926,66.38388565404661,14.540740916724124,3.249590416774879,53.56121993866008,4.965364958904553,6.544646687221792,12.321401762221823,8.656971073530368,6.535269894513621,35.64538164245451,26.199867224985578,4.835213403025647,21.77525591437682,10.02547102229747,4.670247633656593,,8.686504696340146,11.566713047929493,,26.068827259930778,85.5843556210988,26.597388254916147,75.35227048702107,79180889.37146343,47.20473355773733,40.42551637731746,15.440113545592618,34.97891262942551,153292957.46287483,30.295422154356125,27.947288681355875,50.72691916353919,7.623580096130723,2.8913441809412204,10.578986721504359,11.369048922696756,79.48942207251707,22.09854229513867,20.652907522906926,26.490210493169354,24836015.761269845,,38.30020783159357,9.066320063274334,29.282446583452348,18.586932020378903,21.37790874918967,17.22120509136434,3.8259029127894495,,25.5204248545337,21.839809123907088,53.58029115439442,6.134681029940089
LUN219,29.794089504235913,30.48935718836137,301905520.24962854,21.982765959491108,44.767230657462164,19.651514533898357,23.689284521713176,,2151386816.324454,239528263.94229153,22.57520312180188,5.418826730386008,16.123803669493594,15.322063303527187,,22.02854078050515,23.143260283764516,10.288588878281555,58.07532720393788,9.46721847116312,5.21528008940661,50.03015533504313,4.985360573500559,4.717633522509008,13.301357671094262,10.519626924620336,4.108179559288299,42.005457477844544,23.97200585152326,3.726514797420593,16.69668222287755,7.553980448153389,7.002919810661868,,6.553328466446945,7.882616973610047,,25.59688543694436,71.0182909781103,25.638881447616143,63.99525477294539,112919580.2690263,45.32362562653991,40.99285892614031,12.446956520067902,28.975011131999626,188634408.58324254,22.71051305420319,23.132336031829304,48.41251430583564,5.381665410964543,4.608793287969161,7.590386445434221,8.695581229318577,63.02540222025477,16.33946763436563,17.99072535209121,29.253902105637913,28367108.24988338,,37.03129124289462,5.897208699371757,22.465478203651305,20.993925915208752,11.322550072454124,13.162462605316787,6.605339714297262,,21.253790059933262,15.569660056946889,42.615706740154536,4.7463123057479155
LUN220,33.98481231885508,45.12293022691525,,29.15389626809095,52.87060192046146,23.892400777221855,26.70203517330451,,2570013395.819669,831817289.797216,24.612874644888603,7.341296636640837,23.71659508359819,19.214598446049884,,30.22220107757152,22.351027958518525,15.458928217219682,77.99374122245455,14.976606142769974,3.3697448062092668,57.640884849017816,5.461764887453186,6.7319023405519305,14.393547346187464,8.33708334568339,8.05153267146396,35.361785569560105,26.14348599205998,5.471738091762695,22.128186398083137,10.301091914462903,6.537609882358005,,9.665838120190987,12.567042890790743,,31.494925854331115,85.18355809652519,27.30891844753553,90.02483039590012,199415021.37667197,49.662436000469306,44.28485220821033,16.816107976601227,36.48369103924472,116333217.73533753,26.70688138964398,34.91446217533959,55.44895507298494,7.854365985429902,2.9906051039421353,12.143524533798379,11.943585103971634,68.45727162057719,19.59375742552015,22.911963987132218,29.427035094814112,8126807.698335565,,38.49893515689532,9.309846873450088,29.35466402172705,20.449695621060336,20.33616756426059,17.587536930599498,2.7751383049688303,,26.30802623111317,24.40097163444178,62.60526143581577,7.289204101774968
LUN221,29.095004939951448,39.02774010975744,,24.6385265236036,43.92874931501978,19.31948609546936,23.366708550266807,,2158192202.0620837,446293600.1482087,26.058177529041217,3.756197921700488,19.970736836647266,14.099878710548163,,25.800875219414962,16.82274735334433,11.607677674544277,58.54225152744715,10.909794593772107,5.093454662249791,49.105453081608196,3.2747994939390344,4.4780267870866135,14.313843241713158,11.377021929370713,5.063257251399495,30.075216028038646,24.001969271483105,2.6688570061947483,17.633229915505595,8.441101183592338,9.084981371406695,,7.366406458754904,8.784763145184288,,28.622882589168512,66.07892533417905,24.472750165841354,68.50560862162146,83778362.80444494,44.34494522169736,39.614430135042134,13.61841401263996,24.83967407545701,22155853.221481312,21.155544106767643,27.239494081908266,50.18535083931633,5.4671164106533805,6.256698322943406,10.756256167779492,8.66001852872067,70.80612948855664,13.391271670538215,19.649332954165057,30.24935992346263,11537998.976689786,,31.681769744287774,6.006874985676654,19.489401649355138,14.95573180987652,14.52899540870104,13.33533650125858,6.670395000543593,,20.259822905137337,16.789029917621356,54.61027848182556,4.988343268370786
LUN222,33.04611448487153,39.74564148170684,,26.472013261566,45.27246531816944,22.108986630382788,23.017079876697146,,2031621769.118565,343805918.90583634,27.92180092633585,2.5022138049983838,21.104683271099756,15.778069724630132,,27.598681139742425,18.107158202916576,12.453127345618958,60.655562209125655,11.609371411656179,4.856496857507384,50.25010606750024,1.8288623281383096,2.8874949319126375,15.350270941782872,11.671762225125343,4.263791167059904,38.85148358783147,27.002146604292037,2.174958942669847,18.146863112464274,8.658280298765346,8.172205283567422,,6.353893394418964,7.79786349710482,,30.664017465427765,75.07962536265505,27.120767663159,69.09769444144293,91892020.48168832,46.65381248121982,42.32895884813317,14.487652936097518,28.60154380865235,101140843.49238107,22.73443340576007,28.35371852097905,53.2836228208238,4.259169821552094,5.062715374554556,9.072891945050559,9.072669099596743,66.73921017430555,14.868836502791543,21.2525176038657,32.88507825095905,46283317.12187842,,31.669048557562814,4.7523951053190645,22.619284495649843,22.884704870725482,14.492124071190622,12.273674338026977,6.170768702495874,,23.18097242574844,17.635255781661694,56.26978541804879,2.9612559565335577
LUN223,18.84378783022065,23.335269295455937,1057968330.0567467,14.336110395495462,55.34607753085464,11.66276132882504,33.5330993086313,,2388092991.3397307,,10.288189423158332,15.954712889413294,10.13481987278449,13.372284022085314,,19.18442783406871,39.56076955782191,8.084735684775424,73.62343233534924,7.037864548311988,11.109825132550084,58.883720801347565,15.670787531849045,17.392825387739972,7.464281811317625,9.387941449524149,14.852971277133067,46.65337257477356,14.506692061465582,5.11410675526011,12.69939615412143,9.41641155668574,13.947145137066212,,17.50722486158626,14.126457132153499,,19.005858348474085,59.897701547452115,27.201807064623548,74.30415234961605,194224782.87777945,52.23369715662235,45.32407480102312,8.249676779452306,23.041419475195422,115116773.37825872,25.352778204993673,20.924608392706688,46.964015894972555,17.14209250043229,13.116486090206003,19.88660448933753,6.279956999439975,57.4412434423888,13.807231712792673,10.684732884866511,20.1832929915629,173074918.03042042,,49.79164037881243,19.477276798544167,16.11879720526354,11.07139750687893,9.01458171618237,21.781448207694723,10.025327281207867,,13.703225641583298,13.274723363678655,20.450016238199314,15.918130769611945
LUN224,38.009348103340045,43.087664239279164,,29.00632338849167,48.072227674294844,25.453209033555083,22.13750322725877,,1665976538.5406737,263790897.37580335,27.28001249861964,3.8923318096702437,23.894680263641686,18.09466930672781,,28.845092844048214,18.316605097495017,13.486321896461513,63.15578511026049,13.43507359726607,5.670723689196161,52.9285055039125,3.606138125648155,3.325317662408532,16.131845077904035,12.583451210356127,5.281147760824739,42.12486217004813,29.191609789974756,3.6850887880125,20.738066514527528,12.54189994060645,7.593626893798577,,6.863858066379301,8.550024888685188,,34.773688047422944,81.05812868188978,29.132263649442287,79.01133165871855,223781018.4361887,46.91425467320477,43.551887400898956,16.097998105450568,32.18994668672174,217982179.38481987,30.836018627308626,31.622667242670673,54.719160218986914,5.195014864851923,5.593662556022238,8.062500972476974,11.127480044211923,57.2700805507809,16.4767063298098,23.895686373079705,34.23048907177843,110340242.00631715,,31.712825296398407,4.530159753320025,30.435846949079078,29.61419449771751,14.353779849910145,12.684552747560904,6.913577023724033,,26.41227737137393,21.47973590649349,60.76528091886678,3.6593666157240934
LUN225,31.732497404213138,37.45294556628066,,25.784909024835578,47.00019567183666,21.976945169983082,25.50398720662102,,2426251429.279973,442483915.7735894,26.154582764891966,5.065571005951777,19.716627677689466,17.70350391454891,,24.628225614446357,21.949738649317467,12.619372179425774,65.21594458766027,12.682296861018957,2.305149841885633,52.53687522153977,3.2204708594276625,4.492409610574503,13.253239704339077,9.051543009650842,4.8509902401401215,38.525530949575824,26.034858933970778,3.0649755983350717,19.810697153165293,8.435090375881602,4.766719150891198,,7.194392393510578,9.686635461831345,,27.155207239808526,82.2051061039424,26.647760117254197,71.40595914497382,80893425.24419056,47.64657836888033,41.86429136367669,14.528909649633723,33.51579107788672,144140218.13623872,24.905506932108114,27.480725014483813,51.72878533489739,5.672185653742275,2.8926027084351587,8.824048191690041,9.8908036766253,73.30831084673429,19.208095730079126,20.348848057844982,28.56392361865574,25883486.93368649,,37.30278154901718,6.328832012412072,25.03083458589853,19.11010739475276,17.637449135149776,15.181665220871292,4.036952261546427,,24.465321238617655,19.460163323080543,51.806188940621816,4.254985081660513
LUN226,30.701522992212826,34.90485804694815,,23.17710397687827,43.96257710380387,19.823895118279598,21.52157804664768,,1831294190.2131684,312623114.79963356,21.34495007827767,3.3093725587760323,19.365858855326824,14.19588169782296,,23.59451791290653,17.146179869257377,10.495709590040914,56.25481503345867,9.96217591028961,5.364971689176432,49.027751838453575,3.1983373096601384,3.782626329081889,13.951737910947205,11.862985745387356,4.1601187008776135,31.635480297588913,23.16051964589707,2.957415893305025,17.678005347879868,9.94671681283959,8.364063188396408,,6.644214356128517,8.025249516413576,,29.24680299223652,63.040837593352336,24.116081631022393,71.02093007152618,208289278.1334906,41.59524230353814,38.59527532829082,12.9338039295262,26.395189001113437,121117885.68418959,29.058892819913776,24.66741877963151,47.38869244968612,5.3434515801836975,5.482288319645978,8.671415499632571,9.148715994423819,57.491792256956394,14.155624449068394,19.507314419847553,32.077385084931926,36959206.386459716,,32.763247104758335,6.052767070158466,23.60021254247881,18.631447588027378,11.853327643389253,12.375638393291121,7.053791390957009,,20.803290155509593,17.381203426728366,52.71334078458979,4.391671861682519
LUN227,31.471895413464015,39.99637023700219,,26.027487251983295,43.80505393103449,21.81220938029088,23.703608446370797,,1967042621.0486133,330604949.44204,28.301497205186113,2.7220216316986114,20.135564600093232,15.675806177004839,,26.566162558955543,17.404985477825168,12.21919151775336,58.18219443575477,12.138614380186723,4.683752150611723,48.79214340751889,1.5848573625172577,3.6627012329677906,14.690111056628949,11.790390758932551,4.455178858558012,33.33228148710202,26.353845057534976,1.8257892194523513,18.477637196669374,8.7310869192193,8.224795867339472,,6.778389328376397,8.678787487720099,,28.900577458515425,73.24858754577379,26.38731963104985,66.45422142738398,26499200.723370425,45.379060770832616,40.08169796242495,14.209438551870926,27.115957465932063,47150339.591135114,22.583208016134172,27.473930042260285,51.72051257057059,4.967824731144897,5.634788750280874,10.032062148032056,9.106080661441574,76.07389725135127,15.015238745286586,20.858296107415583,32.086172454695564,27376496.890414484,,31.048835516452666,5.134406761457614,22.014272833150468,19.479507659530935,17.416360218099552,13.158547271601186,6.459006955165539,,22.48766381437339,17.789204206843134,57.85370796500551,3.5794943870343725
LUN228,33.802335634226075,40.635339188996305,,27.27835104283058,46.280173296671364,21.94790326735851,23.60515665031411,,2362170394.76365,420004579.68558997,25.411416685092057,4.274577131670406,24.56632525459349,17.019327228922606,,27.7017013761552,17.460526061529862,14.192088436164527,65.27549946088851,12.942083525158344,4.092963479921822,51.60462384519561,3.2377943625774717,3.5921932345070986,15.044467186376918,10.839011722251376,5.7217934589195005,32.48360399376954,25.96931392547505,3.6374953543150936,20.708921366590936,9.9048038073561,6.676447378586429,,6.798181839461806,10.039523287401973,,31.80202732591367,75.48326114022628,25.754058593801908,77.61850165676522,207185059.80416736,45.039862637404944,41.18826251447339,15.099453889990833,33.93329640594317,108092287.82078212,30.59544255075388,29.471477673783834,51.720370436434216,5.015517256259115,3.7923018072736268,8.134231997432797,10.446098077209156,61.430611192145676,17.5968625308952,22.30723172999315,33.94775039944077,50891833.81248442,,35.057671437384805,5.4289251490373145,25.21579921422396,19.335488335648684,17.02314903693573,14.268439626344252,5.128463758443283,,25.227290794745386,20.847203088158455,61.05961688184462,5.453975196859709
LUN229,30.545813029647938,35.11035666885716,,23.46952461817086,46.644724626762596,20.452038801836327,23.933793338240157,,1935819762.6678383,438099785.87653905,21.39071401562648,5.3258493005322896,17.749790892756288,16.0517000397575,,23.20148075386859,21.255872975332345,10.920376972679902,61.883488367327736,11.324148441762679,3.9496852702172065,51.40393453241852,4.514447615075264,5.246465010380088,12.346046831394197,9.498200517471993,5.805921918484762,32.45609358959228,23.205387283279194,4.112926322907252,18.69273267901932,8.84989012220409,6.237865362948616,,7.63265062873334,9.794680018963911,,26.783193031079655,70.69764217291083,25.072136170962228,74.17423566565583,160066387.87600887,43.629189274178444,39.212976266261705,13.284937199378346,29.114594414349373,174167623.94174698,29.037894831109917,25.306963648247617,48.177938904897445,6.413701033504481,3.4922017130668723,10.179391010940485,9.730048471865757,65.58271877292094,17.65081304732248,19.141750912641005,29.76446534956823,26612679.84856252,,35.573144826967706,7.178610607665419,27.307936787441214,19.31365026242498,15.498067704523116,14.742521563589852,4.66982610136631,,22.096087025963808,19.18469058213034,53.13740015204511,5.189826629553844
LUN230,31.62147307169403,38.07131460794894,,25.44113956970774,46.585250459493466,20.387463376729244,23.49514609121205,,2356286767.113517,458408809.18041444,24.15098905039862,3.9697240645787737,21.108372352726086,15.831505156660869,,25.62740377895593,18.852359615727586,12.405437892533522,63.753243523017424,11.304119982544298,3.2252192895013856,52.02282959644905,2.9009965896678573,3.2718633653814297,13.953781291188747,9.926509876581251,4.80712144910746,35.91876935614514,24.820224339914784,2.738701962493875,19.025688845295786,9.02036080200574,6.256959310271433,,6.513386775843964,8.907789141379563,,29.47965223364783,73.72025286778329,25.327522309925918,74.83859947114263,184966376.16732323,45.73582362160648,41.62402364833778,14.017038247361539,31.230744418052005,104381012.76060733,25.067426720946493,27.7505692968966,50.99697606566623,4.586746823313175,3.6485214724989636,7.900562821808501,9.380231101825034,61.77373328054343,16.165164818297267,20.446443875104833,30.371058278757783,24528533.06408721,,35.507737559661805,4.847767313407891,23.35218140657546,18.30464900476736,14.28682007413417,13.824541434759587,4.759515202956262,,23.0402535444136,18.920355357191326,53.1667098376457,4.048963777760948
LUN231,32.9919572659877,35.372097661245675,,24.592485292207087,45.17464566534525,21.983252721068403,21.61014199551041,,1822115331.7841074,132734861.99938154,25.34710646218803,3.483956515980483,18.595957753469428,15.318898883826476,,24.38466413735654,19.447754015986252,10.813281486170661,55.93141298350255,10.07132615281036,5.936583863838076,50.57403212946513,3.5095670821702094,2.829002490134166,15.173400612903865,12.3313749645546,3.430847514829599,44.62513775376818,26.38154578586355,3.47010941839851,17.61127742034655,10.76320579676478,7.9738465895627355,,5.6945992404320585,6.599319839020177,,30.11776631464287,71.0462676906652,26.5001066337896,68.75199288963157,190461747.61021617,45.206049140021584,42.10814441105713,13.73567098994048,27.662267182260727,168191651.08734334,24.462631939280122,25.84000948112898,50.50336169372304,3.97813515157466,5.157987089341202,6.840936232256673,9.444118944451903,55.75839206907988,13.987819116820164,20.186521713997486,30.24044347482865,61911050.51854182,,33.05841749722903,4.695656297177693,24.48974156364181,25.379303741213402,9.576286270380745,11.327509088669611,7.5037989393298625,,21.989891751388882,16.763223714169538,45.943335537579436,3.4526686029456672
LUN233,29.30370315405314,40.063640148421925,815729246.9906431,25.870212232796554,55.639561190632186,23.437524441886513,31.126986099457604,,2766937812.7613153,770544041.30595,21.640233834287397,10.840850146528435,17.68964791944906,20.203871291837213,,27.667850375034945,30.76797729004368,14.2085726500949,83.52335873469428,14.682063244786411,5.440660071016258,59.86802006472462,8.829954985035336,11.028510591225027,12.229300279976943,5.933637710437148,9.987550020876101,37.43115054594086,23.368631314572255,6.546216666282899,20.25868569975998,10.306356115465762,8.782740966260237,,13.150535620794198,14.176483118564303,,25.035706002897104,87.32599084134864,27.506963971421673,86.19183497027271,45202949.43778387,52.453720781237756,44.56414645205864,16.341318345100845,34.750617945806766,116993550.66161276,25.067508105323228,32.604814252067776,54.89264575644545,11.710251637202866,4.901236400716661,18.58554702181061,11.77753858563544,83.64593361128738,21.614027350018578,19.39116259921322,23.938437195874307,83573201.04935671,,44.59668174135289,13.797283472511467,27.80870528135379,17.74390116446151,23.154600244578518,20.946274705999635,3.2802846907671657,,23.844284934668167,22.664036791403007,53.70350277745302,9.647976580700666
LUN234,28.477792451282827,37.70991701020507,738674054.1114187,23.92631023973586,53.36675701332066,19.403934368376024,27.58883444747401,,2359214592.276147,626574844.7403324,20.496800124018762,8.818997470874992,15.899507967907281,16.800172982870844,,24.26432012228058,27.961085703578423,11.227054196771727,73.31211423901466,11.337990873558915,4.242449870532061,58.251311417824155,7.503283555442842,8.89875104726445,11.289832051969693,6.834510200790661,8.252159044751043,41.69365126300411,22.35800188019772,4.404085594680155,18.15377676596808,10.292331452897711,7.5354293759861966,,10.738240248099418,10.78709778864271,,26.323361039156083,77.75695818415656,26.447071385042822,83.42557704396351,178926616.31308794,50.10217173440316,44.50249964436984,13.87446131086133,29.78370052885394,126200551.22293285,22.020223218780025,30.092212501581827,52.57130746493416,9.274344568386807,5.372452824338221,12.94174387639417,9.686738593610775,66.20335432909792,16.81426142182374,18.317947953703065,22.278651919500764,48001222.36053565,,40.33038560997819,10.37527177998464,25.938858465434244,17.481698931984532,13.416898568265353,17.40302092935042,3.8075968301806196,,20.95660805830198,19.893595546646043,43.714429464068495,8.487782608682666
LUN235,30.86281250383317,32.65129937644575,,22.512192876889575,52.44510543002569,19.38855476914717,25.115355204780016,,2097989871.7560072,365151078.6210052,19.690628798073764,9.207161940776233,16.487753295469695,17.145923992114206,,23.282478236118656,27.677205886970626,11.527862187701675,71.80738721546425,11.546495544233352,5.853322025410036,56.65537987861143,8.681622930553727,8.821071805943042,11.766486446981755,7.825899856327961,8.507107214986437,40.236989469627744,21.618834698335323,6.7947659944442105,18.347906585575004,10.852664460425974,6.269588846737138,,10.312775211043949,11.116348307322534,,27.56263531785452,73.06125430881639,26.087326105862058,83.65602704937906,295100901.5121144,46.275470017890434,43.09422685996368,13.76607862716933,33.06965584129847,295470174.4858297,27.868691257666647,26.635646995279117,49.22099088064556,9.46297866901358,4.083028935224661,12.741718608582032,10.679859372005032,51.962295198847656,19.909583875759335,18.557244508426336,28.447385621614362,13962994.070564844,,41.57578128213718,11.404995575131691,30.06749707742179,23.48072199944227,13.385812321239515,16.622218561423256,4.282625422757613,,22.39782362309933,21.023643717255943,46.86663175793281,8.158566781922863
LUN236,33.01482771908257,35.12995050904937,,24.063407474326148,43.48153152606026,22.659387947603328,19.780341782380006,,1521535770.8568568,,24.019936231612988,2.414846890052351,19.869447381345882,14.008351006890077,,25.034635266510715,16.36810339641493,10.229901654440837,52.1366184984998,9.325321443442295,7.466882803096368,48.43061158850302,3.4557450654936153,3.748511000833501,16.189533615233174,14.205838668001453,2.8268129394860524,40.498573756968405,25.70322439135867,3.380760947479656,16.640910895635063,11.918129848370306,10.34258331129507,,6.4189507018533405,5.711018203827557,,32.141380357581724,62.78675253474993,25.75100689840106,67.32987816520966,223123747.68685034,42.52802173652086,40.660144517020775,13.62258840095809,24.24253409443667,147564108.08165047,25.510621686353083,25.421051945369417,49.35523112397977,5.124670655759225,6.745316606059461,8.952626038331456,9.395165833678133,50.11153147851974,11.677348242543037,20.385864140041566,33.52650530232836,70213214.40187845,,29.89682417781917,6.691625439874377,23.135449490192347,25.451011410298193,8.277948918587045,9.668648843068295,9.092986749469887,,20.714173595825194,15.76958972485638,49.328449679611204,3.770637754216493
LUN237,36.12284395679993,30.59284495983956,,22.351529910908386,41.55335695794145,28.947494758038413,16.57687059020507,,1206734929.6523728,74402303.2025934,18.697680912975123,6.396025440280661,27.641472677760248,13.802765062975357,,28.88311679166742,11.335137296030977,11.69621871668008,48.23610363989774,9.649173954016554,13.066095839490412,44.67092435333864,7.1391088569445795,9.046326388882951,20.245336648584463,19.3067028792652,2.431182858147117,37.628272538261434,24.910630456381845,6.421414551124742,14.541017771800686,18.044359395358505,16.929958097950898,,10.652714769362046,4.650957605235779,,39.174907522438275,48.2854484436971,25.28747756933634,66.20321300055889,440829835.80438685,37.56305885972071,40.15313115523332,15.687720973986767,23.91162031826423,240011088.84864148,34.15034804592792,26.432412185550433,48.27920210031735,10.858261484113823,11.620128256449162,14.180573067739465,11.754861145180971,17.01871574824474,9.798312128903605,22.11925995933937,47.888632889266745,122770300.6503146,,28.64843181089729,15.21958647057774,20.947509931995768,32.38760795077415,14.73465840313387,5.494374168056633,14.28752171881093,,20.47851512417873,14.252366621994037,56.53944386011577,7.844199577002876
LUN238,34.86698873811061,34.687717110228746,,24.641303983664727,44.84890483072012,22.25178195653141,20.42822076681362,,1930284954.3830533,193679729.59318447,21.64682804734874,3.4278143103509104,22.810269970299565,15.446727631931882,,26.561568595373455,16.82151808185523,12.2420660934899,59.30110893711554,10.232866196751361,6.577641609486422,49.42727096962499,3.906753090924926,2.6745258548865447,15.994843878254638,12.8799792737372,3.4446518959104226,37.73052979868774,25.17478788271967,4.0561467131421765,17.86085896653597,11.216285569797702,8.492296673915675,,5.696143748535231,7.1953008350510945,,33.08358538674496,66.93854705421008,25.884303122743503,72.12698001636724,286937297.99157786,42.782701777747654,41.44042708358912,13.989803395237074,31.22806469682053,227847234.9043949,32.3843313626632,26.53200576207811,50.07802912824609,4.150223940367862,5.364094122567086,6.666387854423728,9.830299465531285,44.411887519653085,15.035637956378414,21.376894938170807,38.32137039342534,91216996.6113913,,34.23779124212456,5.292307030470806,24.389884033926005,25.975253382681114,12.054730219533207,10.93447005024158,7.714027094727745,,23.655575601457986,17.92754906718958,56.07837003855815,3.168671116051931
LUN239,32.89128853373804,34.870108244844204,,25.023253067434624,44.70989086716164,21.576618362588807,24.07259292571972,,2267212927.0673995,,28.00253954130186,6.3674953878171365,20.691146612952426,17.520284040873598,,22.033409100685393,20.379514067449012,12.360028289781635,56.37167817093544,12.335710757774143,6.123162000574227,51.84461120334078,5.506749733207155,4.145944527251784,14.400948312267444,11.696043159308248,4.251605973617533,46.23185574674994,27.083890988329884,5.2195874380839165,20.60007271857452,12.097929974831148,5.76329190261863,,5.893960553160573,8.886369668628353,,28.11838204431329,78.04783635227294,25.70285897740232,69.53777337235509,193483989.23658645,45.87646154657081,41.4783084686967,14.692911967429799,32.70443536649583,145554878.54891208,31.658683414618274,25.2062478609317,49.017557821081,5.048024459470881,4.632770164919217,5.091228677104304,11.003174195694683,62.675652623126695,18.769273643376938,20.23534389611978,25.367671719152966,53738492.49404553,,37.92873363665573,4.914598639280812,25.76028058836868,21.373070356595125,12.994552063527761,14.184016323089976,7.493367980731476,,23.755409384568573,18.642143548779863,39.87055454624078,4.234128275946846
LUN240,37.73715150844937,36.367569247195966,,27.252767704321915,49.852735701949584,23.513652192151042,23.283093297578183,,2363741925.21859,300034438.9736848,24.161120773868646,7.4564686184230995,23.543495403237504,19.22255411453201,,26.65460442169451,22.70171631811185,14.70151832619127,69.62108961392114,13.289355114827572,6.622425015090598,54.914956851073,6.879087782305659,5.129876285123866,15.949374809785155,11.171821012446802,5.632165056554019,47.939946574011216,27.561277449499286,6.730226240147008,20.88543376911541,12.044682610326667,4.993347744947168,,7.0353337492502845,9.587964304483384,,34.165902284595255,84.49860468506348,28.31420165238866,79.56093831628108,313864102.211799,47.930473886638275,45.79399150414473,16.104156120322205,40.34191590547854,331879765.35542643,35.09323431201883,29.852356602010556,53.3670410378603,5.6481852835030555,4.093852136310558,6.393122728533383,12.074177270095301,46.95261531278675,21.020389739081256,23.003788358381527,34.8800486912529,106889992.76456866,,41.24547737050187,6.723793619368549,29.771802842607908,30.02225152490271,15.817672273050256,14.217991411929205,6.76058550444305,,27.922627477135702,22.17652158354307,52.17737489176051,5.468840491188891
LUN241,34.68992662088923,47.05989938453716,185765783.9099458,31.0388439942643,47.83009107112317,26.284306751698704,27.588975802941373,,2643586259.2658353,260009217.45939332,37.44551390105906,6.254189984883395,23.738241585769224,20.226768663705126,,28.603304576344165,20.598578979450455,15.980257364644096,67.36826985338932,16.442600925403834,4.666825744237195,54.30586787476412,2.817733647154121,6.227117619756648,15.279609062654277,10.388331624405856,6.76161492575566,42.89146112027985,31.37057385941345,3.729749800315728,22.99230337370249,11.682585892346891,6.53563402444439,,8.967602240781284,11.33739186956072,,29.719234190815065,95.33662973989297,29.463754169083547,73.45218650970868,20319128.921419065,52.32476540830364,44.463710991333556,17.769636722963472,35.71575600076431,15501281.442495326,27.49383183641857,33.585815748045256,57.306843766731205,8.194812049622914,5.6539553075063935,11.27504935098889,11.599357702677748,88.28581269077395,20.643239151209286,23.634024586314474,26.418500365323357,25138379.163669877,,35.19531645622213,9.26235869144642,25.575342059902376,21.258975981060026,22.746933062372257,16.439682937092392,5.260716268333238,,27.35904152735823,22.060418861319146,56.28335027423981,5.7303100966099505
LUN242,32.24088657902548,35.097745953184756,,23.35266470899493,45.106193897289586,20.58453919231746,19.84802415948794,,1709832064.7931542,310977012.02824825,20.182411089575826,3.824572716429502,21.124675337495997,14.046231163917245,,24.39571387590511,16.57407071320925,10.612728538325868,56.86335585326983,9.503091307370987,6.602959086644233,50.088657127986906,4.209131116591705,4.203538976487144,14.892525587106757,12.792360114033617,3.974362099780799,34.00854985063449,23.271616838110393,4.014464403858938,17.543546443971344,12.862201524554292,9.379644667116457,,7.043712331808061,7.476059352527683,,31.81292222402367,60.6299410190985,24.486122595728414,75.31260505906307,314701401.80702543,41.25433481158397,39.81768332084509,13.335373236423965,26.23801685572818,155555776.78383815,30.555760309480085,25.648242599033587,47.783801886231544,5.876301734549353,6.324154624100865,8.672904587748208,9.653297107175337,45.39727809609098,12.986604565874256,20.123144177534897,33.329497434359986,53306421.099139705,,32.3362256142914,7.416205060539811,24.606854350534533,21.638782651466695,9.711834124219656,11.207929813009834,7.99889845300182,,20.76198553645812,17.651603669526974,51.96329833880896,4.711131643121137
LUN243,34.64432511217801,29.726587420804133,,22.50091273216775,44.642338839910934,22.62570523001262,19.210402209223652,,1905828878.1702695,29285444.410186436,19.346040368458183,5.875183592912191,22.029630811639542,14.682130278622592,,24.530794875829056,18.326188812218987,11.868881107698483,55.85617803851962,9.13462866988083,8.714597044333706,49.21197455628384,6.3503088480673275,4.383292428035259,16.558821582931614,14.024828531855322,3.2446499033631135,43.66533669014607,24.502551138230835,6.068647440643507,16.72398557962371,13.982838988507908,10.072734932927558,,5.916011756419406,7.006101372235572,,32.77996808398924,62.0079205374024,25.174780353086774,69.96062928592741,378469256.0577043,41.99423461973669,42.019474592862665,13.797200176306356,30.7814311297705,276818164.00298023,33.970345578384936,24.460223081780846,47.909642941301826,5.320019069067475,6.669339515512554,6.1995233802975696,10.425805458274416,32.17602633290412,14.313835103178784,20.270176941972597,38.04840036119751,94032526.06434341,,37.01444734282164,7.404280852615473,23.572642886445866,28.850830053656406,13.232369520526937,10.197838052408969,9.73295801610897,,22.30571783540154,16.291548641440958,46.437806553629336,3.6886772371815115
LUN245,30.960094639271546,40.178195041689904,,26.576624935649278,53.72512116575894,22.290125214365524,28.02101246590854,,2836999668.3122363,767914555.4326189,21.58298909231881,9.280980907036074,20.95305177994554,18.94206711633131,,28.130757102290925,25.31397784999589,14.784345244224632,80.05644185943335,13.941353131763567,4.600884491312661,58.49492721953977,7.641657173366325,8.89743933539359,13.2952634493625,7.0490934521704895,9.072338359818811,36.80498662155676,23.469274291825652,6.495812860874742,21.075449050628983,9.376979720145165,6.290425927770656,,11.136508882297212,13.167225292099868,,28.731863468791534,82.12767569834261,26.156818896088783,89.4857500428462,207408262.89654067,49.55925003672527,44.02991096198593,15.79255975251495,37.269394886447536,136103576.68021274,24.78128894074096,32.25749530046675,53.14502492631238,9.680459535761733,3.4279518689514963,14.039141265907022,11.772291127931943,67.45217074086861,20.815506341996837,20.81187727039769,27.34840409057665,32603177.151382502,,42.932015006896734,11.91433246625851,27.98919520888701,18.277332437488273,19.883900867819094,18.953334288303022,2.861979507488701,,24.711973852147228,23.77037349734643,55.83779535813014,8.89363797625034
LUN246,34.67029177312334,43.54121838272883,,30.071989213496852,47.32622140011004,26.944196333071282,28.250120808469873,,2690264997.523865,158394303.49675,33.56244543397127,6.753455719425441,24.777932620128357,21.2364219671543,,27.068642300603972,21.480491748645044,15.90694591688639,68.89741986162028,16.91777595776098,4.087927604082669,53.557006438480535,3.845534465033399,6.730612963807803,14.57643095050794,10.086317869809925,6.50614150673142,38.060224762979445,30.189437739861468,4.373598487726761,23.820886850487273,11.698793045036352,5.583831194988392,,9.067206388228238,12.219334323822059,,28.497041567961183,96.41592726565618,28.654724935126946,73.02050079717388,8195716.926173931,50.416220119372106,42.413192230138606,17.50240683062039,39.38852310352872,98757469.6500785,29.371353961652222,31.639074823595855,54.839772158548435,8.416864773225667,4.722592763607605,10.744300364339836,12.220139480608776,88.56951493475519,23.580923516322674,23.376966445913038,28.698807206799756,42573659.2134418,,38.112044975106784,10.329302691087626,27.660739506213346,19.556419431445974,25.42845576420172,17.572021904267338,5.215979053676275,,28.821542723818485,23.00956950607069,59.39820856224879,6.404305134025674
LUN247,32.95373658100836,46.79055884511338,,30.180334492517414,51.241463887257204,27.099731671648556,29.89046254778963,,2840119539.381097,847618594.4429662,30.571505416630416,7.716486418311061,23.124619680153266,20.817771081116994,,29.229837699931373,23.52471740081402,16.118394352707334,76.61936296653619,17.071780845389068,3.432328658383856,56.42371207320187,4.270556257058229,7.717039830261733,13.944479725022186,7.9339379592611845,7.829173219011881,33.74931509233663,28.238064082942916,4.688519369417982,23.269222628084126,11.14527675875284,7.131615266098947,,10.548908487191584,13.718979702423251,,27.505060361976376,94.60642322101225,28.109314476244098,80.87374266976782,23560686.95479201,51.99942387679745,43.25769559568567,17.82280010479881,36.950792085960025,25649954.704826694,25.778226891641594,34.869247752724775,56.53517894936119,9.21260007608995,4.097949840020933,14.340224801292635,12.282752808008823,93.32736335025021,22.02747141467051,22.801431204344222,26.629627934170028,24728718.911606543,,38.891088697651966,10.86693685987467,27.748993164962272,17.82767809854945,27.389179874027874,19.316237581770928,3.1658669867524156,,27.181975594571256,23.884544793517605,62.47368153734208,7.131488738921927
LUN248,36.395546681549135,44.216540431144125,,28.586196347829123,45.85227668653065,25.891533957899163,21.66728477919542,,1239537039.6396117,273621070.5304292,28.218458095371044,4.1005846757239865,23.765168968071315,16.58898911082704,,29.967901381703275,16.59530388319214,13.095517856254565,57.991757398151954,13.022288844923409,7.666516360938222,50.030021379960615,4.368447277368191,4.7721221956151005,17.11034773975127,14.566332115156705,5.352584232166119,38.69357171381423,28.94125396069625,3.8921824203980337,19.029387564040864,12.488590584558533,10.47951257394079,,7.829621808419126,8.241089814606305,,35.43189629988319,73.79492081804388,28.986809236298424,72.92730260664928,125566998.47020653,45.63981431365652,41.93937468409423,15.723700513635121,25.810895992064587,140553545.47231674,25.857800714507626,31.05991417254496,54.61396721989106,6.424259072890093,7.864024424275786,11.414194156317963,10.618046638689847,64.54668321834073,13.81399504357279,23.667542934550784,35.965268648507276,94011736.34947287,,26.789487622613553,6.077253509032766,27.659230816114963,28.920527057855107,15.51271682180451,11.712314725712366,8.88165328858532,,23.979372351460007,19.612146039540313,64.21795905963053,4.490642242570833
LUN249,31.729432245388956,44.019618797843755,,28.37543390198947,46.76046699374533,23.8301873109782,26.663479035397664,,2431314924.499557,416501304.1754492,33.15394941754445,5.406446715862476,20.900044395182487,18.27086068347592,,25.986885701445903,20.132207373110674,13.788562927665968,62.90991520321386,14.454874191448829,3.8067094864139106,52.956976025485346,2.5504472570278143,5.343830562552377,14.029793502355416,10.069534268832626,6.116059728100344,38.892333493694274,28.47132942551842,3.157437524344993,21.339823387722948,11.07799492691483,6.053826574264683,,8.15805868396377,10.574522796803643,,27.71104633957894,85.28765060124485,27.463077820955412,71.81158554736723,7334606.32326109,49.45018492150536,42.124299940962416,16.056549521309357,31.21341374450474,10054406.040760603,24.898805002162828,30.765169310472487,53.907836899565105,6.859575665497234,5.39831074551273,10.300312983946556,10.541966293527373,85.38676687057779,18.18122940449985,21.60590654647836,24.737313085165457,435795.52282446256,,34.28097073430353,7.146020593208092,24.08769543832654,17.945822843128347,20.09385755593258,15.89241944209,5.2613437208659795,,24.241866346464302,20.45498329822779,52.0833426459964,5.078985081415007
LUN250,33.89160907551711,47.239343916207396,551455135.3568567,30.224453501592887,61.45562656438944,28.120666524784614,32.75714785129625,,2489248117.4770246,1068499265.789422,24.686973098171183,12.79244512263093,20.644575748276523,24.03493621968293,,31.83974541626425,33.273613402925484,17.18619187453202,93.02156870752621,18.723675775474614,7.55285115875927,65.2043014345207,10.488883214804837,12.827419061302468,14.018537358001398,8.245146489781924,11.926084367432995,41.603718911001806,27.052640742644066,9.196511771525131,23.546959216997525,14.249866858335777,11.522218001355988,,15.191519907028763,16.45304323409392,,29.513424725198547,100.75193776089482,30.205978110041016,101.2544503922516,103004920.43507038,55.86618603096675,47.608685500422,20.28988267210464,39.011316418663796,192929962.8783261,30.309265134946692,40.00394854620322,59.68615590342652,13.68937627832517,5.619118828424581,21.29537924686286,15.110205822658399,84.09809097722098,24.772596557041396,22.952187971769682,23.95888919081963,50328655.98630453,,45.409283393377926,16.69551989957971,36.39038456057196,25.018226094030616,27.109476502853212,23.033657741738896,5.804864488546814,,27.784666769564648,28.0851025103057,61.89650719338217,11.440668155490526
LUN251,38.28290845660938,24.60312804665217,,23.422581048302458,38.53102302879812,24.289937655159477,22.541032165074256,,2353820905.85797,,27.248990797830228,12.64486272145513,29.7365727079377,20.464172286093856,,23.909902200702394,21.30592069017806,18.06267623156598,49.51900669993347,14.602524528237517,13.910844064543427,46.905851860395515,12.16782325382329,6.106247603397104,20.55680257176739,18.631051280858962,5.000109492332989,55.88763013658406,29.29768650601801,12.46631923494505,21.79838311254846,19.87691018166327,13.520285515641861,,3.976781744433792,12.517788517335411,,33.049352321734986,67.96010781244671,24.26991048197934,61.38150061926346,353998758.3394477,41.72893304552243,41.12493496157966,17.95214977305979,38.17204267742007,283162905.51679105,57.557481699099576,26.673435186964145,45.0278003197023,4.281373525527276,8.589062054535992,8.121800703007557,15.77616975603241,39.713361729454746,24.128460197255198,21.645593460321386,36.34159152310091,139960869.2906162,,48.2685037548017,4.831384646767668,25.145839869479374,32.3063510101006,21.461605527997172,15.115998091270468,14.807081005218548,,26.231170009099376,16.070372783831697,33.123311139681434,3.7885592956497782
LUN252,30.250912201751998,41.74189382028523,921355511.8903735,26.01806687451822,53.606447223875755,20.971820982256343,27.711513237672524,,2233492115.402652,738901087.5644165,22.87668766512163,8.231202624098003,17.531148877835005,17.403368398970137,,27.686631667700546,28.207309917842093,12.687253410496842,76.38838255395922,12.57772165496915,4.000264165756154,57.89140774700846,6.510129195724735,8.124112614712004,12.67350423433137,7.324967513959098,8.079691033508272,40.530409011703895,24.17078904079889,4.682209503278448,18.163442449139183,10.330588371189426,8.565974372118792,,10.631145985840433,11.030520644245335,,27.49257045768977,82.30274604505188,28.129195644065064,81.4896988605629,73139295.42787117,52.22397121362931,45.69003093871397,15.22135099737135,29.234732220475426,96524552.84993193,27.636010113684236,32.745103555993225,56.039697093569146,8.555142573245266,5.554785381801449,14.565584929638746,9.87940738850576,75.26188086012685,16.709353450602116,19.61400804837315,24.530285506801757,47848245.80377433,,38.23397629735374,9.665765286862428,25.26511349151441,19.486372360673414,17.109753042013338,17.276332758418782,3.812267878090321,,21.989844310046323,20.04030658285005,51.51904369936732,7.665172997250402
LUN253,29.223146550033157,34.3563588477332,,22.966762925427467,47.19895773870267,20.578137293848126,25.527665033748175,,1992822945.0274878,455339236.2205683,21.364324419072464,6.253815120287846,15.976123727939791,16.730096985031764,,23.313008135154636,24.448610932671166,10.886572647506158,64.26763694652554,11.545388421777561,3.7738483978050223,51.45913967368363,5.321872711754446,6.581995367185658,11.679339112046772,8.477439165341437,6.2420002267929515,32.45285934466576,23.118938569955052,4.372219167891757,17.951556884260118,7.65395295173846,6.606471006526209,,8.6879588289069,10.325122659075769,,24.16579325274735,74.96416065194424,25.97889926039611,70.00402259029174,44882644.779540844,45.44238308590754,39.58103714094746,13.259674081493882,28.80790674670242,179946286.65841857,23.193346672401177,24.88744365952304,49.215848831275714,7.738300344402258,3.6401579207810864,12.724172605394196,9.400885261596406,75.67241095367419,18.320400541951226,18.339314630482626,29.409958260299597,3960752.0392741016,,36.503772024172186,8.350502360436757,26.473046456586896,18.803289369103023,18.36243853655468,15.624834253116246,4.049054959423965,,21.975383728405983,18.40592252655191,53.422142677858766,6.154032185553115
LUN254,31.231828829730812,34.6000832992242,,24.737553142698278,43.709475835914446,20.56272447382649,24.53762779479323,,2557513975.027179,268875868.8231563,26.892902476589974,4.785646760978886,20.91338638178025,16.52460977624139,,25.68507948817867,19.395521973909645,13.046603103768923,62.18627806546176,11.523646386427423,4.636352260343379,49.10041449358742,3.799814494750714,3.987016607336049,14.597089662752282,10.60423029463895,4.363963535603014,36.03166366500833,25.449994180269865,3.823831504818397,18.254862583645757,8.358352768637332,6.893812828768399,,6.604140256590968,8.954381543184484,,27.600820863373983,75.45653757956696,25.742727946802887,64.68846942285845,53824141.448876366,46.00213691810953,41.0518915662649,13.841931776787636,32.8063519418377,121859602.23978373,23.71402910495695,25.870924870188087,50.853142416319706,5.23288002299147,4.223667373137184,8.54434633060877,9.115684799821079,69.7621860992667,17.995027648454613,19.967214052562415,34.11718699096362,30656372.064854,,36.65050072551803,5.8385867624247325,20.482890038084932,18.404832745109292,16.931807551742352,13.724339458289766,5.924491502366488,,23.727850953815235,16.924882484663218,54.43260428720805,4.151629893363441
LUN255,18.34723298929495,23.884294068990652,1043231576.311309,14.428802310401185,52.125538229566494,12.068344096362518,33.388314290003855,,2648188515.8369904,,10.973729052462936,14.574398197717889,10.269400053654211,13.948425941602727,,19.111899148526042,37.36910436453318,7.66215860172691,71.0722595880723,6.215754888110343,9.868777756003613,55.901958191498615,14.090865062665664,16.101626073019347,7.178034872642939,8.076556015197179,13.593491602096424,38.77891120095395,14.244197522238546,3.9556939694304747,12.846966281582489,6.992396684818936,12.973790286015372,,16.69997377057564,13.868164881245098,,15.572813122835699,58.10875121637914,26.5362880694737,67.70027268153146,37440896.46568995,50.43127839317722,42.450731849054705,8.253195357703394,21.326109189812776,44235645.56464529,24.413117644468976,19.425928897831106,46.30489689857941,16.234041668668358,11.881569573257037,20.441631448662566,5.5239163396102136,72.72581850589971,14.653301524938565,9.916832079208076,19.710734869048157,191516316.21075234,,48.41510839115979,18.230733896704063,14.633019209777178,7.346075415888981,9.885863810097735,21.575608129328728,8.598473247190567,,13.837157316733624,11.680567822292252,25.734756870675223,14.506757199541038
LUN256,30.20800462068303,36.38426710342362,,25.35079371397113,46.33524505445153,21.08828496069128,26.476046252174,,2836582240.786512,496853118.8469408,26.04475739066316,6.235080216891011,21.07535570647562,17.51211112988384,,25.0425315358309,21.55295970640187,13.53624121866908,67.7193664977203,12.65553241636411,3.0887048034826026,52.03142628128416,4.424497076138942,5.536137545899779,13.387607583768608,8.506048366127569,5.6661752886336485,34.68550203423369,24.80055122142293,4.0740060543789465,19.719586160076645,8.50624529725353,5.11985498330911,,8.049146053654297,10.611910306358398,,26.376946613245032,80.0830272025773,25.435011097291,70.29629060321362,59237236.2477143,47.49029061427393,41.34953585654408,14.371502837949544,35.03062507641164,94440738.08883664,23.716757759345256,27.129945122254558,51.04957387870555,6.6182560590939525,3.2342086943125152,10.229429047991136,9.811840327400184,75.43408932801174,20.009526533542243,19.841211719225285,29.742863956958956,3929140.1552604116,,39.324615547844,7.580791556284622,22.13908955440251,14.839839111821425,19.46168610690651,16.14700076825758,4.043034396689146,,24.190907615611213,19.11279454787301,53.3344594035454,5.600199004910614
LUN257,29.296952652230306,38.92598307687879,692488725.6566753,24.60380890674435,50.07875889103098,20.58875111134844,26.633212260423814,,2117089930.7418876,612583362.7926322,22.451692479585958,6.554264735095449,16.149320584297104,16.6999807048179,,25.950106118767962,26.115888908099233,11.635219473609007,69.65208211161635,11.755884331502545,3.091973128462504,54.23932133050624,5.0617452816591655,6.759568874902791,12.257822168224118,7.801619437636976,6.706703920118324,35.85280303267895,23.723239050775373,3.519930667993342,17.53926903806912,8.75529041697712,7.677901490408969,,9.355940463577461,10.438149718696623,,25.4204832427747,78.05757750178455,27.25572517288085,74.04577172379848,17803629.015462402,49.20256943661749,42.72527040727674,14.039462758662905,27.498963580425404,104936267.01943131,21.6256527874762,28.711773063982623,53.25904491432679,7.584320523901283,4.666657525577242,13.685180631883325,9.027661702011384,78.79142001661099,16.280034606655278,18.837924616920755,26.748182250690427,32733997.247948423,,36.436854097334795,8.480162118982584,24.49244396326092,18.36900185458045,18.22562716534875,16.153447949793872,3.4572799241030565,,21.417338495767474,18.474384638591403,53.03129252300022,6.276516905222997
LUN258,32.4266403345773,43.310681231111886,,28.20414305243869,53.111118338138475,24.63180706491303,28.56154370418433,,2613864101.0045624,846666178.7110637,23.906750725554012,8.487918150279091,21.60515517983142,20.077562368337357,,29.377987190785497,24.53001249093885,15.248270082467078,79.45303385171464,15.62558741876175,3.6856789729477777,57.43761753838826,6.493225227398329,8.165712903793777,13.641365295589887,7.344721696245189,8.791726858217851,32.60116199065007,25.388836286797464,6.265908325249955,22.13496719484452,9.49809089195654,6.7819343896477635,,10.759596782150766,13.88009015864842,,28.303277897641813,86.39939999990334,27.000268641982608,88.16447304717478,112212215.3682528,49.44574041265596,42.797237538772116,16.867046841435172,36.50021131825666,124264138.85730991,25.736523982567185,33.386716714360816,54.338090353414316,9.054588118584572,2.194604571308499,15.017910991727819,12.284488735348392,78.33458063033176,21.626593547655236,21.8617965319398,28.904213332438427,17682419.52615675,,40.4759181399023,11.355730632487054,30.27922062571796,19.822220807753162,24.170068455643193,19.26178111886431,1.9726149592085258,,26.082852053762277,24.391279969319186,63.796367640843165,7.785520128936526
LUN259,30.35225666159281,36.3628982948638,,25.21121876139741,46.8517328202956,23.043859367380435,27.410793324401663,,2432310711.4159474,462783864.7562409,26.764313568269145,6.728690624247627,19.391046072171154,18.96735381043682,,23.287883483925253,24.528099230021784,12.651621713387255,65.44491029540957,13.692024912453418,3.3888565717972,52.37859370286601,4.921887199577452,6.670942498617828,12.3072125135013,8.616649791478066,5.597962649472566,37.334404634837554,26.051395920865414,4.507836707200565,20.291767107645924,9.704380331224472,5.300939567577628,,8.78304597379097,10.865498407856894,,24.035679082185666,86.2329041893908,27.13009950297971,67.8847658605788,19758944.236515075,48.295368626747425,40.761703394667016,14.821273198966697,33.77780022803756,143950139.99085572,24.308528606172956,26.549683629027705,51.12849741165857,7.79394941617775,3.8600392832627297,11.207276377128585,10.485889326064768,85.32346999909657,21.381977541578294,19.646869283634956,26.64497290816809,7312492.348502197,,38.44282090812372,8.975850903750954,25.97976155931799,17.81172825307927,21.48123972050155,16.689079509272112,4.44530466117287,,24.631141462980597,19.65105258849703,50.71046074833349,6.153847033987122
LUN260,33.757532553005774,44.53193895900763,,28.828203031506614,57.39725773495814,25.125830478776997,29.052668662096227,,2394759795.658877,918413690.2858866,24.069318575253973,9.969565412556952,20.43472397492808,21.2520939539005,,28.915173742770854,28.3677949246617,15.052044598221233,83.20820906648265,16.216352853242725,4.988776614248319,61.856553981583936,8.0831000532503,9.83254310180847,13.051902344058073,7.538647594973778,9.640495699029271,41.08558743534587,26.177385679638512,7.067356243895528,22.462550305062752,12.413123659468296,8.050949403732147,,12.218044594645553,13.626290787564457,,30.189671007354416,92.49012778318293,28.758246898081552,96.06965087646115,200064381.556126,52.23430666996377,46.054761469208465,17.88644576425259,37.396888197213876,205720422.3880553,27.057588237395308,36.26400270864117,56.492226415597955,10.705118968938224,4.028825693232326,15.608934436440322,13.236219380711677,71.10789656066603,22.20281221110587,22.376148065198322,24.941516225356253,4197645.866418313,,41.7130491243189,12.978305717314479,34.342043763198824,23.630397956264375,21.043186413798892,19.724934164314803,3.6545363424514465,,26.614954827881387,26.125250593709286,57.50966262764453,9.166246889308482
LUN261,26.50089837806417,34.99813377846551,754002837.8336105,22.520958273078083,51.88656482853514,19.80132874773496,29.347391904165733,,2438636567.6533484,529389012.2082018,20.08611721931657,9.328680214598453,14.51067963853427,17.637644134873874,,22.869584404721003,30.11373973123289,11.051462951746394,72.42965971308446,11.682637936843335,4.3365440926617875,56.407329703708,7.878926310560073,9.801398179141632,10.145782807038426,5.65730511965117,8.55455021452919,37.36510980650786,21.657565215623993,4.488945832008611,17.806457814349162,8.739263119050738,7.713134699505032,,11.543369341847455,11.871371143463316,,22.04668258937635,78.65741041709929,26.452791983166968,76.16218270586715,37173569.78480866,49.59962260114524,42.37000115747814,13.528531470933752,29.307779088151236,124362273.51430556,20.287548308351617,26.891768417944267,51.20081477630056,10.3979604053109,4.924733151237695,15.609372587092752,9.402556514304912,79.84234904414268,18.880497645152783,16.886433911682843,22.32644829712708,70983933.76719464,,41.606100870816455,11.62842739177832,25.321248162432248,15.171267888899148,18.056781240040213,18.637662260777606,2.6410987464163047,,20.842650653926253,18.731853240434376,44.84348701186483,8.914075929695613
LUN262,35.90219134157244,38.24296398147502,,27.185039877821197,50.6469024085913,23.495945939020103,25.045402436816705,,2323661386.082621,499682338.3744241,24.172778283302712,7.589424683385867,22.697421293845263,19.567702196129805,,25.562878801185974,23.066123132233248,14.16357936331838,71.24122373396901,14.443820187753978,4.965456985275944,55.771492160165636,6.639924532804887,6.547439809551327,13.887395788083664,9.669569917213256,7.195443475041513,39.578559489683556,26.25892060030146,6.383168521766486,22.313869364673916,11.249324025017115,3.7757794761308623,,8.605744577895372,11.507934420299705,,31.449623708927106,84.34162323110438,27.497338943548534,84.48522673267989,284524725.551743,46.749036420128725,43.259112431263084,16.043731377324555,39.19295156033694,284242438.37213886,38.77158912723153,29.7608596588799,51.49251677636256,7.046720353114435,2.1115524873756417,9.36218721242054,12.353912690764187,57.027588080781534,23.012055146520876,22.325284984762188,31.2252709364257,77132298.96811402,,40.49335046939873,9.492044682652143,32.48310659404994,24.93011620717088,17.830126355610474,16.402585406378744,4.336097083126735,,27.480807599884088,23.930745315254097,55.48833782476565,6.4347637375979865
LUN263,31.56959252023801,40.981369270612596,,27.36286179144239,51.6251642576351,24.257521695274047,28.59314575490797,,2733884693.7348065,747400908.9559128,25.151939486518437,8.02400742655032,21.15416372762509,19.808366044156983,,26.007077145108763,24.649512686303684,14.246281448347968,74.93016906189294,15.100273362278264,3.061691557359034,56.92267421644358,5.797840134717511,7.900396286826243,12.618443032943611,7.208436942646901,7.725737496904704,36.115955260499426,25.597183775752754,5.162713037716309,22.140664129981708,9.53448819259049,5.422034743897582,,10.225636882339344,12.746091771628,,27.201289390998202,88.21169004348663,26.67394208366832,83.36920820658715,112128881.56161773,49.42451046626879,42.61287375360963,16.242605091928397,37.14083386995226,129914604.57248867,26.369408405101396,31.22543348373145,52.977365951237196,8.880778069560279,2.2843200127283056,12.928556086104901,11.838532313669058,78.27428366788105,22.41438891094738,21.11440098537937,25.629568798168755,9669939.363353012,,40.98849466791403,10.880970209357177,29.15934252065688,17.636762393508914,22.23775408558075,18.729842758820602,2.037603151865656,,25.90880684993913,23.39850720006649,55.36207505669523,7.446097550195282
LUN264,31.617854877295013,45.40452272655562,849843950.487999,28.99929863008,52.48052379402205,25.718954799931076,30.410095242027378,,2894651238.6056156,891414546.9092203,29.879896163570812,8.364823144855105,20.68402000012857,20.269651596615375,,28.451428360567412,26.303314397772795,15.288616006131633,78.0302143772896,15.956446006893358,3.827361630013041,57.75765184673303,4.952746688290082,8.459397662458034,13.293314434982664,7.136393474530625,7.822351864891181,38.22647088102265,27.362233858187686,4.336517680642986,21.748659404888464,11.06101081053158,7.714289081849713,,11.248733741816693,13.015060955101758,,26.5252043197586,94.5186778729293,28.63987071741452,79.54221919996868,44021625.05528311,53.9606535830519,45.04513164861991,17.305107639833114,35.13198364180569,21568166.46811156,28.201578022218737,34.72560077909854,57.38945669804293,9.637355328713063,4.977597422847289,15.290109612617238,11.567606728578895,93.08984353279386,21.017977753703423,21.537737301180368,23.914642852358735,53919193.26246955,,39.94422799350526,11.16201905475407,25.714408549468136,17.063670932936386,24.99158893494498,19.211095019749198,3.1109941639715433,,25.581610969660574,22.42409172066268,55.62731851828559,7.473712863534095
LUN266,29.289086642118438,35.123481133588136,,22.857618751465413,51.0893723096131,19.127928807008026,25.7572433797127,,2143985337.736817,516383689.08993226,20.730515747377236,8.350044796645388,16.72789938319442,16.390083841969822,,21.656278740720705,25.202058536825028,10.55612223611463,66.2549825958151,11.110263459100134,5.26392249284092,56.42971526540842,7.522898831112073,8.08254530684535,11.255524357044466,8.228363266126122,7.664148280234309,40.37784268578184,22.02433449999448,5.347451789031796,18.88370517883058,12.271273671171837,6.834657148383606,,9.707476877271732,10.546416944276777,,26.42469333118751,71.80468215940141,25.0617686490843,83.11711682620478,271801124.2850392,46.17653286658191,42.10105729113853,13.333278910248092,29.131938498711037,168723062.56884417,24.299058733935382,26.998384968325734,48.84852431519313,8.929105455035307,4.550609472302992,10.434676536421309,10.213129331154933,57.698206361766424,17.296409983166924,18.14696261541294,22.71722143933763,10589925.907764353,,39.11039084091667,10.03171558510251,28.641498780458065,18.713224054682467,11.737407267767106,16.31058699380122,4.641225243723721,,20.73147807579188,19.927591102372187,41.3239593016568,8.051633810845049
LUN267,32.21766600468356,40.62517783697134,,26.60012391298475,44.075711216900714,22.738258774476204,23.41272837220838,,1778209628.5711925,,29.320969540036646,3.3936585322111203,19.922690727433853,16.430294208472784,,25.007606813339407,17.354109787669024,12.086803276645044,55.23384463044831,12.595462553595262,5.113141409213312,49.65314238170324,2.427789458884189,3.7820035967115264,14.689224664640497,12.321987663594264,5.00414735423455,36.794254296708715,27.344616468863773,2.9522328275690195,19.758685206818175,11.10786408829847,7.450193519637786,,6.7508270156514865,8.857127345902372,,29.382612916063636,74.48605291824842,26.532732803660576,68.6566890947692,76848880.57777621,45.0991596167363,39.78868853365105,14.705548067006655,27.337647556930392,52207755.244406216,26.09193160123885,27.401028620608187,50.836900656682076,5.491914414546363,5.858831148811588,8.90779482947641,9.975870669789213,74.26941366815392,15.36885179241665,21.232980826868353,28.67273408114114,41237643.952990174,,30.946323064260746,5.022005947336086,24.631182835155744,20.39847382163653,16.237501182926312,13.404663398571758,7.115357939889396,,22.77293672769948,18.939711116934536,53.208538970904925,3.940709201600233
LUN268,32.25237484870291,34.6187132612715,,23.888446799407937,44.10697026099495,21.126318167104305,21.316662480118808,,1893385550.6804903,224175796.96541235,23.240901301509982,2.1071065487623635,19.476087987134548,14.562758900061462,,25.016076323992785,17.82606209530754,10.817773799771206,56.656655282749895,9.653851409735013,5.565915415974578,49.02781187736474,2.5119508984680494,2.4127918670063306,14.966664106725515,12.231796333468493,2.915698786817875,38.23166454391766,24.952540234509907,2.377186658722578,16.99403733188957,9.169480600839094,8.389503254504207,,5.632872002073176,6.687954050633776,,30.12237440548751,67.21583997725877,25.57807610131472,67.76873721497964,182454818.2868556,43.6275782958508,40.79479100451646,13.224072205459024,27.6162686699138,160543148.2606176,25.29014507860842,25.321976004781913,49.70689937396714,3.907211239784483,5.164876624677972,7.488830445036223,8.837510583091928,55.485366650646654,13.833156958700275,19.985952639703193,33.77146991253022,57551075.88180951,,32.79242226559828,4.709967410385958,22.586446221576292,22.925043890534962,10.749811212164843,11.17497010271441,7.222276152887173,,21.775449698608984,16.35562723280832,51.52704643633369,2.568321911659184
LUN269,33.58786539733275,44.63470317473041,,29.528811716432283,53.711670655297276,27.336015607294648,31.029086566973145,,2750927698.2541084,917588982.2655103,26.32917158105261,10.104624797593619,22.476184422166845,22.200895532867214,,31.74991052716814,27.082404492874478,16.903669491457258,85.05900350967539,17.796268652503294,5.6392660829536325,57.2364548531696,7.950760178252739,9.914898436838863,14.905754779913805,8.079370183842531,9.606244596351495,30.449079271449964,27.070240616360046,7.722418442915441,22.823472690670137,12.017169397840025,8.879858180969453,,12.509330512822507,15.7375814525663,,26.688996901990976,95.2869967094128,28.605671396593408,83.30236150316536,62611382.05386417,52.14033651879508,43.35669951912099,18.595008320451775,38.26555700768016,116026965.36081871,25.473517580271583,34.27247157659106,56.95659258484636,11.062137567231895,3.7922101988755066,19.37110766736233,13.284719810328259,95.05993058971508,23.802765500551438,22.466799698361324,31.723920498217055,39689140.2860084,,42.01844166322046,13.674327322736588,29.89495351302602,20.987159659714163,31.45817424643775,21.00865157788527,4.223240915979831,,27.7877511668325,24.558410070351922,70.80602235481369,8.49637040743127
LUN270,31.86850905879973,38.87094488870388,,26.117202489771454,51.185457445034466,24.707218230417322,28.187891939967873,,1997542043.0250125,641381019.1808687,25.00792466040274,8.26794882466595,17.719974898745612,20.560650343325165,,24.997288089491047,28.596858189638333,13.355476504330241,70.8315237933822,14.978844040555584,4.6073602879638065,55.38145495970092,6.818003142085979,8.529936050958312,11.764035163788337,7.800328147821763,7.911082890266495,38.31004983565801,26.578735786172775,6.212932861090612,20.66864706994672,10.96887102734624,7.124679264043037,,10.633010264565238,12.347233077305201,,24.605743666951792,91.78777596349529,29.074458898076035,75.5041311143863,10008027.38524678,50.18626186372158,42.245889511310516,16.08956264514271,33.07924788897744,228671869.49355567,24.4757121083049,28.953483417849377,53.28845148070096,9.906056170823923,3.866225676833439,15.020004354463044,11.628953820253635,85.69712198417183,21.995042898203934,20.306524535739214,26.472110525649857,15727234.078903522,,38.093160589873406,11.124894660606136,32.30329634325961,22.87044218367844,23.50086668205227,17.829206762158698,3.6038658875138534,,25.437644273468837,21.786501680022553,55.11353459064983,8.245388868570629
LUN272,13.560233974565934,16.511293460894972,992283858.3112768,9.728603070991419,52.752476317903934,10.904237339079899,39.77529354509756,,3090637223.4417768,,7.642197966029127,20.032674892680888,16.009728391135695,13.560242347021129,,16.257854233314198,43.14848109525798,8.436541110460807,67.11213482941213,7.182151934529906,15.05832922134061,56.88278874769535,19.90822491057954,21.901777555188314,5.544475069083096,12.946485668216889,18.432837206833124,47.158038707940406,13.453280543187356,4.928692905432058,12.961166818518771,7.973032628746004,17.819728919434894,,21.674692052259903,17.65052168400446,,13.26005254010512,53.849520001028935,28.798117103796,61.067112571592325,80649352.22333218,54.17496969855755,43.76750750414525,5.016395494777264,17.97665188731324,28474406.53684658,29.530355566810044,13.92940351119143,42.47843926574227,21.321107770899182,17.587320577965777,23.189884716314605,4.5690121762859075,66.70027326792768,13.634172236158857,6.165334700769381,19.593586511996953,265624807.23140895,,54.8608986345048,23.84982971261003,8.80751803074906,7.977630286252528,10.372028469259964,25.46428600408263,13.946241520639695,,11.909490945616554,7.514558770706095,10.271320691987459,19.921488810343586
LUN274,32.60823032400393,33.16357004558434,,23.29553253350675,42.68449464743987,21.981297097522052,20.20322553903683,,1747272515.768917,,22.982218955936347,2.134059749577897,20.07599056797187,13.851741222319912,,25.42148283198642,16.341830238323773,10.569483693787905,53.17152023460662,8.986864550246892,7.2464031533659,47.39127835912974,3.2409599050502798,3.393234723342459,16.034563240401003,13.818882387256785,2.2413074991736694,38.919478752538744,25.030310593350205,2.974969777756449,16.04828311387197,9.942681136221019,10.264702529851649,,5.932864861844656,5.681214014852808,,31.339072336032224,62.51830320400698,25.352498586137234,65.0416229699507,203970681.5330773,42.30844860035047,40.45055124567427,13.23372202920434,25.986535748058742,166719184.33250695,25.72213023041135,24.722430104555826,49.13088133674494,4.6607463350034175,6.398801570884022,8.245613485595056,8.95112699660558,49.76569923526767,12.397754305992281,20.043278730899658,36.31546819193005,70929583.30471916,,31.539173563180157,6.326583059098337,21.376191718539374,24.772711881345035,9.33533846694915,9.716213730178437,8.813645816209581,,21.115730636742963,15.062256441610302,51.33224518963312,3.1786548918046513
LUN275,30.412529026553,40.57963449647212,452661300.03986865,26.270108155918027,49.906535573903454,23.187316030856064,27.717054188627053,,2245052256.1008973,648818746.5915688,26.793723895231572,6.649226113421899,17.258124488653838,18.619151414148977,,24.592310546900332,25.644274662007486,12.468156120338449,67.41287975557573,13.585194230396795,2.7191394260416883,55.004309008180996,4.415289121939258,6.821326177237999,12.099077511278598,7.994603204125444,6.540373230101773,39.78694663041323,26.24612568637207,3.52908380977849,19.957248043176033,10.44579534150345,6.10654386065351,,9.321695253881451,10.85758305536263,,25.200902746450478,86.29401273001557,27.944845453417344,74.28895373250728,5539379.279612817,50.195259029428264,42.59910892923405,15.17239256122487,30.596975114240326,101973803.52449766,22.468319334816464,29.387079186667123,53.4842318466811,8.043977055562754,4.355480363107101,11.944087800173401,10.275010783740914,84.5366528531185,18.717904529318314,19.9620905270908,23.394830276486058,13431556.102721792,,36.77328977511828,8.859791154326867,27.275054830146654,18.97407176812524,20.098249194448414,16.821638166961908,3.512904742372586,,23.464740181514053,20.27894916456297,49.64498877528823,6.569554488171142
LUN277,31.527358497213015,40.90450392892923,,27.045214841307224,53.21747350326523,23.718413093181773,28.51591517754676,,2647685414.0468326,782860916.0169944,23.661803705746337,8.588798557250973,20.22941047874693,19.74423672984298,,26.390519667579944,25.773323930578826,14.053157742065679,76.96693582651571,14.830728352747151,3.499087553093862,58.203980882290175,6.634562088065206,8.462416847006985,12.433542796385456,6.884745945310301,8.309037228189815,37.18061237713101,24.94035172884307,5.6593903103482575,21.76802755010593,9.746752330209738,5.931162459151893,,10.724744631211815,12.881829625142807,,27.622484085595335,87.0370693954659,26.82193289664632,87.05132780853593,152524716.5708728,49.65870839763742,43.33083696638534,16.205004675576205,36.625896684088396,154305143.01602,25.878940104194452,31.854624836555143,53.244236810369486,9.318725833141775,2.3597002651431436,13.650813454183531,11.933211538654756,74.20038529610882,21.992505456232713,20.928185105375803,25.307696547004475,14066623.399367128,,41.50143870615077,11.407569519125614,30.219053736446966,18.871004333859347,21.039486648496382,18.90923058717051,1.6790798379699283,,25.464683280848156,23.778922774515777,54.81907760328195,7.902725986668553
LUN279,26.35243607207059,30.393755310014164,97464443.33800507,20.514491212428915,46.757834019890836,16.745630000677153,25.056235600322438,,2430456322.3030066,284430425.0163871,17.83002219520539,7.118551091334552,15.78441559879678,14.255685470682197,,21.83109294562717,23.589181392762296,9.974799895268857,64.06797384879182,8.929580510224742,4.37238974011377,51.480484093231205,6.540357394123051,7.211114538541353,11.428809021486568,8.212374202138601,6.679393572645864,32.85315744326952,19.920827323322396,3.8441761828188117,16.353009044528804,6.269607351280162,6.937575168283647,,8.949970754328683,9.88060756828555,,23.74147907657757,64.94211986292753,23.608951246053376,70.4759068536946,147732281.25423715,44.313282109746574,39.62732826943588,11.545655577996703,28.44483704809964,131712408.39575385,20.760927829863558,22.538453209367308,46.738095996856714,8.141397010124882,5.061401361489579,11.324149835490585,8.058480087846892,63.52345110347615,16.474026096895244,16.456000009844566,28.31446005538905,33184690.735744797,,39.48283788593571,9.332864825101785,21.055985832384188,13.918556909267735,13.36777383336105,15.57942779230421,4.944076309886466,,19.426253585321618,16.405078824334037,45.9798871318383,6.645405388293953
LUN280,36.72290198383846,31.854712581675216,,24.94205967126374,44.03325065106379,23.383716737693415,21.041801883281167,,2150177857.7817216,,24.588897416531463,6.194454854072158,23.438633708138724,17.381921944783837,,25.084965903862187,18.754571794012204,13.684435206940798,56.83663351244951,11.27066328957686,8.23499896786254,49.7166317901871,6.154859697942319,2.046937233768243,17.09830649966254,13.785999990266454,2.711929535959768,47.90247715856761,27.5054759878609,6.523944651821049,19.18443015411586,12.955876399718933,8.263526569707876,,3.730245446228331,7.8959330276482875,,33.03378176599238,72.7569395544325,26.47921834730158,68.97742532658175,300764489.2290041,44.010483608164925,42.86392379699364,14.965773608526536,35.21932487521945,281343178.21127576,37.543045959135675,26.29821414309118,49.92157313531894,2.1726425466594685,5.102732094313122,2.9226824997289267,11.429134830588707,42.39254485304819,18.145885030168195,21.73440079469909,36.780155974874255,119408914.72484562,,39.03694277806442,2.5689676268951787,25.613798421997434,29.96003818953393,13.84549852898915,11.583289287263346,9.14201300382737,,25.505491884960033,17.712118433869488,47.14946685323268,1.765038585371338
LUN281,33.947545306098604,35.07180036383702,,25.215141254639736,44.52117721399662,21.104919015504503,21.72826074433565,,2297206390.6355743,,25.83335978982767,5.1070235946894975,22.953762131567046,16.27432047231626,,24.023610938525454,17.570063951749816,12.86681532684724,57.15859882012363,11.080550996697493,6.43325587548073,51.07117364705097,4.9230162337700225,2.4200396959518597,15.60110709387459,12.477263979811868,3.398454184135405,44.09692175195765,26.69487234421098,4.930645146587186,19.568772204038083,12.566547689800663,7.411001896411397,,4.906405129900255,7.834444512049045,,31.37729940467601,73.12539452867823,25.287610517060735,71.93400928516142,282594750.60297775,44.63481753338818,42.219652258026336,14.57962317972249,32.72757304430552,154537509.60899544,31.853948834295327,25.83501288945487,49.64179236541044,3.335247197005166,4.611835590765577,5.036278169251669,10.51925190664921,49.409900819514625,16.587894495207536,20.96758005098209,30.98139829002661,70307778.75855345,,36.94144788425796,3.20653044954637,23.702106472501416,23.058674346664205,12.574333264320977,12.232476591950377,7.710913528282827,,23.812588349777748,17.981461729423835,45.18282092321789,2.9812566764876323
LUN282,34.88759052469973,41.87568401785779,,28.92886275834635,48.98761482138034,25.74736208921666,26.98711747112532,,2422144166.1959376,273060521.57778174,31.072136894191207,6.488442473437894,21.73599509088867,20.586772217581647,,25.53864374981714,23.09094339862198,14.330510573214047,67.05889284663677,15.60931107836998,3.88319014064663,55.1908408815152,4.085089431882267,6.044180081507116,13.937082329327048,9.796263976002896,5.813835065247279,44.92709152839757,29.663022803692456,4.129715335726748,22.831293652963936,11.114835497485537,4.529257694964707,,8.423143506266396,10.780169321909186,,28.878904661272582,94.81940349504775,28.956949301745784,75.76542709905027,77197029.6140657,50.61868968176413,43.685294723288045,16.848019439966595,37.41088378450624,166497530.001536,28.84479495593651,30.852914268341962,54.457997104959055,7.756796478326663,4.479428068556016,8.977373726992958,11.975605000373577,78.85371133110019,22.088835026640687,22.642343622604788,25.469634649965723,54346718.61707971,,38.090485224558236,9.081718323695256,29.930425706964517,22.70267489136167,20.16754269079183,16.527876039941972,5.1800550904071025,,27.62189954706552,22.552339652204786,51.3087730234624,5.698891327213144
LUN283,33.549686131628675,33.95578021294644,,23.143946125610018,42.309999541960444,23.478162017066627,19.672004420248996,,1574470917.041034,175771352.39118302,20.35327552062599,3.6497909781894284,23.77215719554791,13.175210946529406,,29.373076068518102,13.601026262661382,11.290517411889002,55.14241786705918,9.307387810676488,9.375406119163731,45.50694479244632,4.77741413855607,6.183576044974781,17.57100697423479,15.533735025131412,3.256102278369724,31.649315843688683,23.69786536705402,3.5333215793876844,14.692082555959999,10.412628793124943,13.043551990575484,,8.302761676465657,5.488153669279024,,34.89999614969251,54.83082085027291,25.246038823218203,65.73676869606294,236286600.93302426,40.35366007136703,39.86742495829169,13.737894551780524,24.73087424885966,181179454.0533061,25.90417611465091,26.287484722218885,50.08173268855524,7.796700719266057,8.881013057322882,11.679291640230627,9.25970776224304,42.32191427189911,10.782864143419319,21.1708638894619,44.724096050968036,82377129.75439036,,28.84023041776682,10.188124229987677,20.055957867602608,25.72545112919596,10.288303972328666,8.664148460748454,10.512276709767807,,20.867977690452843,14.974897695806629,63.00343242487821,5.7987827764906825
LUN284,12.978468119803471,14.54582814266539,,7.321765986086556,54.61292777752924,10.503909548318784,41.254868220377574,,2188236232.0076857,,5.684949744923955,22.11489375440043,14.77649306822633,12.989766191780417,,16.736454582939164,48.52276233417897,7.897305381004393,67.9546587355577,8.11890351134807,17.232035304506606,55.888687964008604,22.29986501928499,25.30856873195382,4.802638051395568,15.01304327720771,21.63243477612502,41.964049641514215,10.70433377886203,4.682732350519844,12.303979784373738,8.952841040473933,21.494386729921686,,24.930613251156117,19.77093692516468,,8.840115343612872,40.25274067061011,31.42002344809726,58.079640753613425,75556666.30753142,53.610814002444435,43.43651120682598,3.1670283295121964,10.437898434844156,13729962.475551253,35.667084102622006,11.027941683252477,40.59115504866489,25.693333229583647,20.28672162992494,27.761804300931836,2.8162183349980987,60.79838293320355,11.206944466475713,2.6540623781417296,19.89840999035095,309687852.869013,,56.08864762835688,29.87065536797057,8.836132589199819,9.836442458789588,10.369502110754812,27.330232420820565,15.890668361106993,,12.384666455388178,4.342675643339571,10.468766417009041,23.323084220063603
LUN285,29.60048818948908,38.991981697118526,,24.425432540280116,45.24400472612749,19.647850699964227,22.30263372570775,,1884098822.6570737,460477655.96935046,23.761953780615592,3.7076305918747083,19.63722863319581,13.796382625311937,,25.541682464030757,17.302770132262804,10.76512617474087,58.454856200222714,10.20299674968047,5.509140253973617,50.11997075234888,3.615346960248911,4.541891417341076,14.471107885366843,11.826181941352566,4.853303897975912,31.868298512198766,23.680878675521534,2.9033358386890895,17.225059309922692,9.992558295635545,9.42516239757761,,7.490259195583887,8.265262478385656,,30.020066886591696,63.813361761251016,24.743262073101327,71.86222542265064,147459596.073723,43.879396778817515,40.06301017211594,13.497977483006942,23.189408137606147,17736562.867852807,21.179123758842906,27.54487348841425,50.10772619790784,5.727565595706436,6.595079223037016,10.70362923537413,8.77282946269891,63.99807210781299,12.221714819140555,19.67442612676575,29.695710244856876,1103732.438945977,,30.820724793566672,6.562363735280101,21.205717331428552,16.9349929571986,12.045441814430113,12.667329264566796,7.1187888004232445,,19.639064457863146,16.891492789872775,53.1516449193417,4.800182389140001
LUN286,36.95955628771249,37.37550298369874,,26.773994468919337,47.34114303748489,23.582181634302312,22.089864113690023,,2006842990.1639535,57542976.498843856,24.830287220375677,4.860732564848997,22.54491744234957,17.922376772990447,,25.947590429548764,19.736484070614672,13.126314134346174,62.909338358243225,12.480184816601918,5.5627354132128985,52.653818353282695,4.475227435030338,2.7045989256677543,15.410748602291186,11.737281056832234,4.365530354520802,43.60853729415849,27.478702126233493,4.758686419349682,20.452168649725277,11.830192913193168,5.748250451807004,,5.691655556437621,8.482407911642504,,32.860208864389634,79.10235412339188,27.660696844761794,76.70495678922882,277858162.0103314,45.73403645241459,43.25738162743047,15.22968546857903,35.21798744506443,269487182.2553337,35.30092155214629,28.671146520322782,51.880893773277734,3.8781830579788177,3.8170142559148688,5.227576925218346,11.157409148015358,50.83956797373992,18.55676643040163,22.468448247286105,33.76250943705457,106647994.85524514,,36.610040281251116,4.220358842068744,29.327573781906057,28.158040574848656,13.491146845210935,12.91887898852798,6.501460822718831,,26.272620928488145,20.72555348479112,53.42515382436719,3.2043906876261015
LUN287,26.85152682504535,34.78030301519121,863599440.4080838,22.197825409663622,46.645606654166734,17.12639136542264,25.873061488220067,,2503141033.7193384,418484204.48258066,21.703318760937005,6.373789953014292,15.943204121951922,13.828682593512173,,25.81038210664728,23.138108389434613,10.824048444789318,66.63680560698528,9.333917928339195,4.350707341970221,50.979408500924826,5.5971084362156605,6.907694839351727,12.536981709019743,8.434184804884664,6.574754868895146,31.4744346148718,21.218088030643997,2.633924332207976,15.486578638403367,5.759963629641222,8.576013340945039,,9.278016993596797,9.665651085573453,,24.117298056748226,67.26677795490365,25.171632128729215,67.18429670415733,15497557.632692352,47.37181300106389,41.50609390021837,12.198162319982572,25.869701153767522,26071215.804057583,19.794009295922425,25.615408269347583,50.750114371377556,7.5063290575247805,6.2030016127190235,13.322803021504386,7.2532126353731785,74.34259430973242,14.127801040425444,17.038278857316072,29.51188974637625,63680236.428634666,,37.00652645637547,8.990747530288065,17.257997786538656,12.679308229690186,15.234997738530195,15.263000191953713,5.042722635743732,,19.032186477145068,15.191534713130608,51.17115312562995,6.145158699216456
LUN288,37.395234541470195,37.67174678507541,,26.500904907753423,45.24786772492123,24.32195722160567,19.19535712093458,,1688367983.9957821,,24.978105703301402,3.7801770651570266,24.801601750156156,16.216914210601505,,26.81856814342506,15.561125901853206,12.523818376888574,56.28076067461219,11.037604451019012,7.776221170977793,50.69625189553762,4.518747953208082,2.714576184118187,17.244428022750984,14.414477608593646,2.89368021711067,44.040193981001636,27.822319677220797,4.840922836176787,19.188699854075384,14.997139474192547,9.508181389877068,,5.758353040516484,6.388970803881101,,35.65281509677044,69.68478650730778,27.01973661226679,75.17536086170679,348850643.7830694,43.438849829927726,42.75343967379051,15.248797679314722,30.481537801670765,215362452.44717795,33.99727594052526,28.18771456649453,51.39151239168581,4.172996739886737,6.231860471704593,6.97845591229109,10.994929989013665,39.779362376113795,14.168384928474689,22.771865346545983,35.97190767883351,116688671.93050697,,32.50390531835159,4.803304792452014,26.798993619324868,29.752585325155184,10.941073347732713,9.922026785693838,9.006829601544752,,24.387832814069267,18.670874973021064,52.67234677046877,2.9171706996344016
LUN289,38.30077561831991,55.87072947962763,,35.84905413755565,56.86874370425293,32.96940636473495,32.47060829440401,,3004272482.633704,1085972247.9250112,33.67007110216689,10.462843117847378,28.787067108448934,24.566878912062275,,34.75323062394233,25.090297333659965,20.120884791538646,88.0565334822587,21.46926155964389,6.728261785675408,61.635686215172385,7.016956556334982,10.69494258167717,16.410951969407062,10.058747272512448,11.008699520874666,35.720607905695026,32.134501975232425,7.015993126513212,27.958770777992374,13.26190812694308,10.21516869664324,,13.436002334685783,17.154048918149453,,33.24637277401125,108.01830810061084,30.668224508321813,97.75004330613845,66626884.06063272,55.52043559622788,46.32953005957452,21.79332049823948,44.092646699129816,47506353.293930635,31.713527092515356,43.3459409261186,61.43254960205129,12.617825031744683,5.8882017568666924,16.974925241424224,15.777121643587268,92.98825860037985,25.632756730277755,27.314239711699464,27.78197027215255,7604344.401038574,,40.85866390128979,15.354453301964163,35.189070106205634,22.897567599502086,32.16467893944367,22.323139986940863,5.864077707609155,,32.438862361988846,30.253579883190326,73.55747311495496,10.601851418740024
LUN290,29.730054109074132,42.48319666229192,,27.266966774403326,45.9606297306171,23.6009035399163,28.234440444761017,,2784247208.467301,606546935.7454808,30.997753483302425,6.615097169997789,21.929690100055865,18.222159817019804,,26.267377079065785,20.466412605047935,14.436787790881665,66.44324335150226,14.838256318199628,4.022103087014283,51.88411127916927,3.8228161874581996,6.487505562540297,13.428777980433454,8.834267699094966,6.693982319338747,30.11709068365307,26.221755373144546,4.286373464496471,21.254421791576142,10.749300412972655,6.9770311838025645,,9.149805050144252,12.074522212493589,,25.12209183535123,82.52417240480911,25.80634974521641,70.49837658488325,52183034.062460646,48.40514233749561,40.19943986346782,15.735947247276728,32.48463052466842,54792624.26147418,23.10470444069641,30.302935873033388,52.464293751129425,7.636992453558697,5.186670721184398,12.438926886415139,10.693670353745157,92.65720011130038,19.460669966873382,20.783926878322216,26.969296357903474,40245094.9568575,,36.70659749108629,8.372861960203272,22.564112025420723,14.309245663401553,24.318287424535857,17.58900480648996,4.852195440563172,,23.947213337178386,20.47374142820888,57.49703865694261,6.802848852761724
LUN291,12.532289222943142,14.466660144159205,,7.12619168907836,63.96412037068916,15.50123980864677,55.43124645293754,,2495811270.4577436,,20.056321882535247,30.346419478737367,32.91491733525975,22.65391433621245,,18.864250301527168,64.59628085043295,16.157921161531814,78.92152719853274,16.2510080362304,23.38868656858267,66.0807793274826,30.02101327057065,33.392753006172114,4.899151147176532,17.90738808330823,28.122079584968485,57.752667494734276,11.418038853781038,10.025745095208483,17.977395992159508,16.302118000083745,26.663701046012672,33444472.83064565,32.04395018359399,26.333374312790724,,16.9768632685663,47.98392081495785,35.4350837576343,66.26343983480825,79410278.43407924,59.45891447035343,45.89063380416173,7.935666090487451,15.556644990125468,78622037.36990936,38.337339004397045,14.186848864659373,44.04523681345707,33.338499069998825,23.49211646579001,35.05497646862286,9.534094307071676,74.43697524742137,22.709874997780126,8.419527049304822,28.527172527222977,380969789.9929935,,68.19141890402776,35.860328295650746,22.578899293017486,18.838068120314144,16.862813556756013,36.098138920389594,18.23414670596085,,18.206486673470007,9.030916913592064,31.599583658569397,32.07527517604327
LUN292,31.074687352947173,34.12398491329778,,23.70023143375225,45.29182170284754,19.836961756722122,23.04663167832831,,2253764153.0206604,337325518.6106437,22.380695638936004,4.221584023606434,19.485931266373704,15.450749240735439,,23.69653810939251,19.63267944104637,11.435007451818112,60.83094165129403,10.448110383362607,3.940110410479186,50.60323660525095,3.5937363916121607,3.33703981530822,13.58770238095411,10.287226152112977,4.178532345364156,36.276444685186085,23.93859704919747,3.1529618524087475,18.19195792871695,8.51468218763592,6.145870689827069,,6.0998895118586365,8.448034325425194,,28.133118846156123,70.79375240525094,24.877896722394127,70.6003376442544,182665686.06546324,44.280510847730284,40.54011933847243,13.180623464952395,30.890561176304896,157071535.4962738,27.268456084607514,25.05512425729291,48.9040085421951,4.502134048589221,3.6405886074086533,7.153196846074265,9.126642025973918,59.71954216555645,16.703229315686794,19.444135038022182,31.241970056685204,34974676.70827821,,36.385735827321355,5.021950226360377,23.22246806888759,19.095422711347204,13.37728897617686,13.422568336897045,5.514479593341986,,22.475594677605574,17.741531292348647,50.27677564680599,3.5469368719238425
LUN293,17.5041206861116,16.10247911602955,,8.6320961468248,57.4060501411246,14.532465969519444,49.10285412426721,,3019552566.098108,,4.662956453545813,26.731836111025284,21.552460291632865,16.604125064359184,,19.68632171058214,54.572593440596684,10.480183739857598,72.9628295666061,10.370994058094325,20.821988905768507,59.23385398716129,26.824616363300212,30.08998914842439,3.6263823232297825,17.998776380262317,25.747193506771865,47.84148904813887,13.83226586478993,5.534809874751695,15.184023966276916,11.587839927202685,24.72855715077614,50108660.17047825,29.64047015247825,23.5392261504239,,11.803553972829878,47.46288118375639,36.652413738781455,57.498823239852264,28270587.8136837,60.897405287866945,46.6256471202104,2.391768266630357,10.713095856550677,154576515.97179016,54.660481041202395,14.687259601124964,42.4661806302093,29.48673209759263,24.642979831051647,32.33921115293869,4.631545488126942,73.6636916667666,13.485634822025707,5.418043589685285,23.429903130922682,416556128.7695467,,63.80120997064745,33.70568748291639,11.527736046144982,18.655057859517786,12.102809741879627,32.38487722111088,19.146562166244635,,15.615691543086257,6.270323313755699,19.37754319385576,27.441120611263663
LUN294,19.683880442198063,24.052083951183636,996243189.4329104,15.569148387994439,46.46764344881449,11.932784757386633,28.22816218148441,,2595602387.55775,,15.41438385413285,11.347197742379379,10.789494007202114,10.014697241184502,,19.308713517608535,27.838865078880623,6.878484611212845,59.061080961267436,3.8847201413436028,9.211914652195011,51.07441137697932,11.50874187157413,12.782065861025742,10.415940951028654,10.91536112745742,10.909621629641496,38.37365788371091,17.158859207212423,3.218702533605246,12.219154593499773,5.574307001218544,12.816805751638231,,13.446113865713494,11.068367053712922,,19.351770521333467,54.33051185530178,24.231532924756024,61.5830032830029,128124962.6562861,47.55693033485831,41.530845075479704,8.687391080386591,18.850636247836725,23773483.494829703,18.79097714373112,18.279187737757162,44.49989614222095,12.557222414228018,11.359179049514605,14.959280771193082,4.770124235597164,58.285028073735994,9.818354795284783,11.26352748250966,23.080900533373743,133143569.17305796,,41.4147988516413,15.593390943990087,10.158195110615374,6.639530799035531,6.676012136825884,16.810621136962936,9.838457005672847,,12.712922832554652,9.095615003800456,25.69490567631593,11.631433469396606
LUN295,33.03035883893751,42.56370521961039,,28.07306885874135,47.23943748993008,22.435986176342254,24.80904707613654,,2490571979.627084,420701382.6492107,30.01092824334242,4.532852209645701,22.65137927414235,17.39626406791934,,26.794690495924648,18.886061239218034,13.823177725909181,64.80148727280864,13.29186400646561,3.4564219646545093,53.39104346184504,2.3986550164252494,3.8725650742705158,14.58495935543029,10.087728158052409,5.46433813773757,39.67566007475403,27.707720905717057,2.8403153206460474,20.832457007462917,10.140354743312749,6.095184887531437,,7.027620384072534,9.556416075622707,,30.353980289611485,82.17456977181072,26.739818704944156,75.81467873698736,134628298.75003868,48.41292322175901,43.118292626778086,15.624160828701227,32.74487299977021,50962974.74554039,25.516367051093706,30.710763323671184,53.73578555191254,5.407990121208992,4.07313980725235,8.667956355717099,10.268531202229047,69.83918688201088,17.418371391243664,21.907162508385888,27.73116850882711,25928667.169813942,,34.92590586667752,5.0023470534029935,24.15353671797813,19.071293668793672,16.317471350869972,14.599423827671593,4.6997196823238765,,24.694050867904192,20.251222984868487,53.16552462870555,4.384646509504993
LUN296,35.137570604976155,45.073433535347284,,31.013079128048428,56.78112366746193,28.05607633535125,31.519938491208883,,3134357068.6517787,985760926.3216848,26.08400204063186,11.531880134621389,24.200400465158406,23.23788926539824,,33.68659994378999,27.896376946007543,18.695800721644115,92.51488933929666,18.37165602652642,6.925700200035136,60.458002751756496,9.347619737058546,11.27733548033238,16.315767849834174,8.615979580228933,11.274989166496937,35.62465315060684,27.136667626713162,8.953230381153006,24.122419760852384,11.523293497287337,8.419790145712161,,13.841383081659078,16.630180482884306,,30.778732442780587,97.2681263016468,28.794263627850675,92.03550921772148,75783336.35399188,53.632993453144415,46.02772618681911,19.58679311146054,44.13101724078275,160835424.50254872,28.138635815008985,36.860837140265716,58.03762563125753,12.497808140845336,3.548182816672475,19.51112245404083,14.464611763886746,83.02283300806309,25.582725668512097,23.828987490971283,31.98931442474912,31373962.136173416,,45.57072405733128,15.872253383658817,31.23735899473338,21.964021759302433,29.478670903383865,22.032684794239888,4.826323088254924,,29.574194513021233,27.410000971284934,69.84736541616711,10.807898363214468
LUN297,32.70072167105519,35.601702604506436,,24.046243922089523,45.05608454086558,20.909211867736484,20.965088558090084,,1858471720.6926293,336803348.03143734,20.917625688139015,2.8070844136160824,20.968510022839144,14.687029465673868,,25.781648747999682,17.122554753642763,11.268199347512743,59.4839281264752,10.080336429275215,5.454680789569599,49.62768264898844,3.0535480135848445,3.119118619275762,14.793106213282899,11.98761745352289,3.87299255630036,33.138868199779395,23.854175397703084,2.9942860334425494,17.608723236254455,9.984245063723886,8.256029513395799,,6.347512980891791,7.668316363263253,,31.28248415082967,64.96565405773262,25.138558107331605,73.06665621369162,242931441.4392089,42.377675287689456,40.12536024362883,13.376028128497264,28.48672627888854,175015581.41103712,29.3956044007869,26.152796640066363,49.20555759833473,4.721693450182813,5.297012877814267,8.328520484362903,9.279758130056884,51.66378896049074,14.344267842169934,20.50611402571215,35.588161243546104,59464653.459779486,,32.976602910509044,5.7916686459572535,24.249826011820602,22.070623099371673,11.821300370110018,11.752741827851985,6.88829586438247,,22.152835629330802,17.924222784363618,56.632926055503425,3.583338079051054
LUN298,44.40241441269593,31.93624263650271,,26.781816650583828,41.969925953993716,28.97912414458051,18.642256941042756,,1322525453.36161,,30.4556284621996,10.98692108613235,27.595664215804074,20.284810601069204,,26.09541606580442,17.712687191186756,16.154850343754262,46.6604786815129,14.792500893842979,14.077270192468596,49.88938051333004,11.066869520131979,6.4114652745755025,21.865511873325516,19.77814317023703,4.7984498578344486,62.19976281678945,32.50874944215689,11.42875770876373,23.136757687492757,23.708716586031855,13.449498384931905,,6.214129846309697,10.666994322152968,1811751770.4918468,37.103537679478215,70.55245295027747,27.491058786986834,70.18248826778765,514363466.2906209,42.22817364277849,43.838849726164675,18.844977808665806,34.07131978546992,306868527.7431648,55.86695176651204,26.848793341109154,48.13881420235229,6.683459672659504,8.74683543326203,11.534915597082147,16.33420684569772,28.136692731075645,18.495966403677535,24.185960370852822,34.40352131290095,187778005.93482235,,41.41795872371529,7.8609773918858385,32.287381555241154,39.82859250692733,19.815579163789433,12.075273194542328,14.894367338736554,,26.68233912828348,18.653923883363777,33.824457574723226,4.651390247633277
LUN299,23.840530522728447,33.54006709582645,903619132.5850538,20.826649871603124,49.28015903317514,16.571377403370473,28.675523886555723,,2609644937.54686,436428740.8709216,20.17048797742765,9.096903097821805,13.57890890730691,14.65421884738188,,21.235889636031345,26.969070275046676,9.374748165096612,65.96081605664963,8.863445493269026,5.331539499952038,54.62555109071715,8.03527914872636,9.687757748696123,10.205003809098024,7.307690889582652,8.523203700862542,37.50703185377901,20.0891001337293,2.590549866643973,16.33617058629418,7.585718163337208,8.473249938679487,,11.144388643121909,10.831665522802181,,21.667595197396757,68.65914579315563,24.839032308372833,72.00524026301764,77717303.81028397,48.58416907657828,41.87548464658867,11.603424522340111,24.75075079098523,825465.727090277,20.35648393990548,25.4329622094786,49.135530351628596,9.711195783695706,7.143881173635258,13.276075257102557,7.514980422368447,73.93768835694154,14.592258397578533,15.31612017929874,20.403800517300784,102224818.77385214,,40.280251003118366,10.862664566098996,18.95607980672585,9.695991889087871,12.181910325633797,17.48914615865256,5.23196519579301,,17.42147577511922,15.64063657628614,36.656452640820845,9.166017391957828
LUN300,34.701260390960776,50.21885188611823,426999549.1980574,32.462280644626524,50.23404675888213,29.622179745905527,30.4998618196578,,2781160590.0355005,594188297.8217224,39.025735991053125,8.054335512210585,24.06601998617986,22.348968544802094,,29.217863668078103,23.469383003328286,17.132819360388293,72.2165517425633,18.717184547896714,5.432096166632722,56.381986164554455,3.868152271150676,8.48823078488648,14.875051238010943,9.966020672691876,7.853761134519805,41.66163967885878,32.35812524069574,4.6363539033962295,24.64894949505512,14.026555910213935,7.5997886986559795,,11.205163951491857,13.43365011397756,,28.14596687465264,104.1249531365898,30.81163793633085,75.59642458738527,114493802.78320016,55.0205421623563,44.82152252470049,19.327763645373746,37.58609529342013,12759279.061212355,29.385156983298145,36.202628756710126,59.12645898877835,10.714638998918291,7.016589157513703,14.004705464887017,12.957739749753374,103.05053058859949,22.96827484872163,24.327768106444076,24.267442975601963,4309863.6765033165,,36.950544672473654,12.714049382510202,27.6998080969879,20.770982662282776,28.76460725202962,18.965328290162734,5.861111983242142,,28.618975634609598,24.227486888794928,58.435019764143924,7.4282120285793
LUN302,30.39223373206586,40.53878038377183,,26.84244064917264,47.327031875587465,22.366006829925283,27.28144838721863,,2852903418.25584,469448139.37450993,29.976269240694094,6.786293545263404,21.678588786358798,18.123850704371964,,24.061628213909128,21.128036963756927,13.659152435139053,65.16369708664794,13.71311770817588,4.151066729390154,54.36985146945282,4.389634727915875,6.190051678201429,13.195872448805464,8.959372058915774,6.129628100397936,39.866291171196806,26.557269477399927,3.775676823613634,21.462747138028362,10.453310944573264,5.422694099249364,,8.500953906455424,10.732173576070753,,27.020138463921143,84.09354996610229,25.68959447122762,74.77467921307944,99257252.11641817,48.98825077556567,42.291049679426536,15.486721838916479,34.10184656113214,14101861.845537888,24.96405913702996,29.55630331207156,51.93434131633095,7.311674124317742,4.7254600991038025,9.673970582913926,10.736197856583079,77.30994702928082,19.499323985266543,20.58450519569579,23.096958421740307,14238435.93567617,,38.487948471404145,7.576673817043274,23.550599094987422,14.123960131256515,17.885643814177982,16.70058538207959,5.0282920714948665,,23.988735229389974,20.492166461058556,46.41446654486027,6.464385642229686
LUN303,25.148257572727502,29.413951045239102,860779168.42746,19.513317578443402,47.717131495813845,15.337179779862785,24.745342323520124,,2381411971.80186,,17.727181077039834,8.67642474562197,15.460703988155291,11.728820707899507,,21.396345433932016,24.071213585291485,8.769928852976145,60.99866710307758,6.3271740425091565,7.265042994590646,52.82298660316093,8.79250428501554,9.24723992231914,12.298116484623485,10.47109277484178,8.023114728710453,41.82745898646175,20.288846444978432,3.9210559486615133,14.531457397464244,9.570827842158796,10.306934600367663,,10.208220009917476,8.998001644326994,,25.243019256877393,61.70543890390428,24.016652970930544,70.46432297732774,248397716.2262092,46.72653671591585,42.77553397643824,10.990308930654901,24.04322070187385,63866533.37547835,17.215309747599978,22.564185695090742,47.322484643227476,9.153485932849735,8.458626709150774,11.015364910997633,7.101955085124238,49.50868217320123,11.084177312332551,15.33320483239532,25.25674289234761,57131258.5708081,,38.803330132709384,11.43502052078097,16.36627622988232,14.427770642595139,8.694746052860838,14.367008756729911,8.125764905689302,,16.40771417878229,13.400876228276339,33.08668752151816,8.608365291385967
LUN304,37.15201004471339,49.4533041795356,,32.531649443069554,50.46066259921347,27.864368668793336,27.49897661408065,,2422410134.696825,468216815.11581594,35.565043003014765,6.444443239750577,24.69285273335597,21.180374539109977,,30.22354369295934,21.53751317795869,16.46747932634887,71.43314242407325,17.396573394587584,4.344599587750085,56.10834184614141,3.3515124823351847,6.52615381241705,15.568535705671012,10.556655664538882,7.32829931417406,43.63688041973188,32.202540867467974,3.639096974782893,23.8746766003403,11.889916767626966,6.941635930958739,,9.428142121945207,11.877128863513354,,31.9492010538882,99.86758086868403,30.76158092538468,79.58841397391548,28418665.001621403,53.20735820235013,45.56001574872386,18.619190999601283,37.326584480883334,91257095.94615908,28.518614227793524,35.82514278916827,59.090044841944845,8.842858515209466,5.752701056968403,11.305579559075415,12.317586218595123,84.74857342369154,21.061357078307097,25.03331474066598,27.784758484426458,54894135.35097644,,35.06028336925905,9.798901948733297,29.59417413456127,24.738579778424434,23.61403985237929,16.848389892568296,5.189789157493941,,29.140136938999003,24.032253031655376,61.42370104342436,5.987001427657413
LUN305,31.856511833727076,38.53324540812771,,24.57787193169973,45.941496535354126,21.21955736309953,21.350627533906792,,1629806197.171893,437405224.0519858,21.59536042312688,2.952506543740078,20.59385867249165,14.02174627024987,,27.686777087502264,17.78854039124945,10.939155782492755,60.635311234277886,10.132627968942316,5.999919385874457,49.92742043775656,3.2634303161548517,4.098509726335519,15.152835146057416,12.300447947536759,4.143327261670594,32.34749210665386,23.935784520102263,2.7216581147314143,16.459071133324066,9.640202706822697,9.862478369294909,,7.344139328142825,7.489252261181118,,31.805395757174992,64.00254997919627,25.87875733340636,72.65123854007986,167002887.1593703,43.74965433029985,40.81892389796231,13.57644704799905,24.18217070716876,120828291.3581636,21.6162046918699,27.9541376724329,51.35910765473862,5.545661880223865,6.617609816420039,11.150868658015115,8.857487865535862,58.40579257750311,12.205051723485019,20.50525637834067,34.92536559772945,35224482.196224555,,29.993789984753768,6.708710572157857,23.235165311404984,22.02667747940688,12.062234501375473,11.67249012440901,7.351391255913447,,20.697823478842857,17.20504065907844,59.34187904092674,3.9471030265418325
LUN306,12.921070442271139,13.698624121444526,,8.4441400748443,54.0046773519879,10.755775472868827,41.81314966523501,,2535144131.259593,,7.055846384548312,21.522930092716205,17.035583701660563,13.898789960595426,,15.808581007862474,49.68428112056332,8.871047194739733,66.39435952232157,8.544850665721453,16.572076153442953,56.76243385489034,21.54693943032545,23.824404712703682,6.289072396112821,14.566579337535142,20.137024410990072,51.890715892962554,13.945250597345057,5.315565081624941,12.294020889548074,8.41546919057481,19.924906224662553,,23.309979622633048,18.800081796839134,,12.172232758564894,49.95601896820105,31.271695828416288,54.82270560782058,38453273.8072941,55.32630934305837,45.00642240886542,4.448917415532721,15.093276485455728,42801439.134512104,34.147302521097416,10.277232296219191,42.15122727862538,22.968463985396415,18.803175103469624,24.915937029952907,4.594828860453207,65.24531962331433,13.401889652888219,5.609712354533857,20.908003675244014,259863062.83077127,,55.07115406052875,26.16226704323025,11.662993939697932,9.018682063699439,10.881041731088603,26.18602114790937,15.295824525554309,,12.670131191831498,5.822243071430083,14.375546722553088,22.481005606419036
LUN307,15.296642626397784,16.405908192196087,787861543.883439,9.288171870218507,51.83984856664779,10.327684160459283,39.649529173373864,,3007820281.7870336,,7.322118757552565,20.1876809476822,13.163342137936423,12.42509464841651,,18.40004054167432,43.99297182274215,7.40460585557528,67.72676979747769,5.6565939455092655,15.511548352291008,54.755075638194015,20.25215594973165,22.66004692930625,5.502615542558274,13.654661273004717,19.30346464918749,42.080434304869755,12.96976134559409,4.332708372277205,11.735635907785108,8.377682631965927,19.049831296907126,,22.800530821250735,17.92464815735623,,10.542517046958912,47.74647925841683,30.803183462443773,56.2932412659515,22197098.87084928,55.019264391575874,43.99866675564022,4.032184895990068,14.290255946937563,85170972.56822932,39.443161171910205,13.447810040130319,42.603873843171,22.322492253444715,18.979422935344353,25.548861020974986,2.89888224915649,71.13317705458532,11.782373949585455,4.132117881218502,20.397057618762716,301158034.2036553,,54.70518840423249,25.79198723822721,7.38823067177366,9.258442954430139,7.894205933599152,25.68171903149051,14.831749279661182,,11.540661912292935,5.503048790793682,10.068403496653563,20.29208911206695
LUN308,41.78023111881461,27.872961946538073,,23.54739244272634,42.812164970721476,28.10403865194666,17.37612879013364,,1595650248.6730947,,21.5546154144471,9.829717103807992,27.510139799695995,17.86115795812336,,24.99787070952425,18.147002565835272,15.389079426356293,50.7870581306497,12.58286513250803,13.273412284299264,47.88895367845131,9.834080547410299,6.215172325063047,20.204063105092256,18.415499247869178,3.614653834528739,50.61527361922342,27.577128987285732,10.287091414350433,19.92439071016276,21.619688599879982,13.426185099780072,,6.407957700665066,9.952655031689773,,37.23994836823458,60.14140503140258,26.343793131927324,69.94163775341521,567642560.6861191,39.29705520383755,42.51308314396497,16.924266702240526,34.768365466381745,400100841.84546703,58.06724608385454,26.733234874120164,46.295721908752725,6.444289773634678,8.759981834382046,8.71403248248873,14.626654393605447,19.22061882213475,18.39509190329348,22.913693074019285,43.048790077261074,178143717.3176791,,41.858751099872364,9.189198056673636,28.800281603160805,38.4003463487086,21.47315930528922,10.664894863848858,13.755979623918483,,25.51571056794839,17.854851241861105,43.010338423293405,4.249307908339756
LUN309,31.323619194281502,39.20924458708958,,25.691453219066986,51.7574567736119,22.05152581414356,26.649652186837574,,2222193944.5020666,670338618.3771341,21.99937077710723,7.24036325836056,18.010892863988342,18.365907884377734,,26.303430430724866,25.5792374340661,12.688706898024021,73.38649489771504,13.274225023013301,2.60961020704828,56.019008436561364,5.805496500493763,7.115599280920118,12.301133259714229,7.206605213110006,7.4463940640116055,35.59774419621389,24.267455417593244,4.944236461282008,19.67159051714895,9.033828725799491,6.149418370231917,,9.597737969536505,11.562764583355127,,27.084193852939357,81.92815588712507,27.03859585259036,81.84106497079529,120089986.88002253,48.472799355976065,42.66049938969064,15.095892124097164,32.54606696221027,183701535.2917507,23.655773314002907,29.87381687943325,52.78852658633131,8.057222060374936,2.5183556191988785,13.424583951063354,10.61119776104532,72.19811997448872,19.443812785481413,20.093333948405753,27.957231297674756,1589460.2042926347,,38.555328315267275,9.420960539566254,29.120375823542865,20.48971783123954,19.125872392238815,17.148559032355546,1.7376848132727194,,23.928439124360626,21.55664400871874,56.38964543227265,6.4176730058968685
LUN311,32.52634421854562,34.5999394243732,,23.568872337329484,42.93169013234072,21.04003376431419,19.61485830889365,,1758230954.7058423,132777470.8775253,21.78900713062981,2.64228928122179,21.91529817547523,13.877512848626957,,24.7651999216162,14.812436304379741,10.9606760835676,53.71538527333138,9.514770146428377,7.035799659975094,48.07758909241859,3.507654903926003,3.564375658838288,15.70467826192927,13.769627461774377,2.927304506235094,34.314320730875366,24.207179743038015,3.3821232473104326,17.32371488735048,12.00135071259628,10.092507270205182,,6.367255194371728,6.693238087900292,,32.21487718774295,60.58282713817515,24.341649745496746,70.0888108101856,277992082.8201877,40.85327202575497,39.377410259935374,13.498596961265015,26.337568100241906,133904430.74767046,30.92372788305284,24.97616212193782,47.85505442350484,5.187872005202408,6.568259201847682,8.369585295782322,9.475041681980217,46.759233338101566,12.680339491105197,20.424853309509178,35.2371822099996,64673540.81082844,,31.577045492380623,6.558538795127851,22.31023565418282,21.688075199199822,9.976242508229188,10.338317888293563,8.703909925043588,,21.14374503978729,16.518904888098778,52.62500733170175,4.041216181244168
LUN312,32.18477322318868,45.663671979510084,501418819.0799132,29.278147558421587,53.71784353982242,27.229740048470976,31.09339127601287,,2719568103.149482,937837255.9609904,27.74588214519309,9.096925585610036,21.032418343152898,21.578835440470936,,29.029536074328835,27.448520751754,15.716768834321355,80.39548607283244,17.102218354751447,4.216159562161005,58.213245331436795,6.127061787253397,9.238171160132362,13.259876637241831,7.198473492002167,8.527076480290754,35.04901311046471,27.432638062761793,5.737770629267778,22.563546340112744,12.009697497675308,8.373695869388682,,11.914698503574597,14.357744641355142,,25.91258337765422,96.73958443686577,28.87171710424654,82.65278858392603,57936026.73157871,53.32068586343724,43.981439264663194,18.045076440265692,36.03795524864149,70667834.86658685,26.134291394333374,34.794328295808945,57.16779516126282,10.487265003886037,4.358135037624558,17.05529567631868,12.56448234179819,96.5199283706128,22.573778057058735,21.90048430180149,25.34100666814613,47392201.97309913,,40.785533773454695,12.536385810766275,29.275558197904825,19.10510678352925,28.59587221415194,20.37433106834345,3.216962798765415,,26.632565488689487,23.875879783885498,61.103365070231064,7.870900391682537
LUN313,34.139312699040275,46.00429111410857,,30.753029404622776,49.87872078630984,27.75352853642409,29.581302020037892,,2853817078.5114346,628925851.3023912,33.73682117843663,7.36493541927103,23.95970118324885,21.57685123722357,,28.21522201606605,23.19588159091003,16.288562944042553,73.72661020660682,17.45071640465328,3.785600010941429,55.795106277571236,3.6513745481410713,7.601470658241207,14.282575227254664,8.945843918488755,7.096505025174844,38.3593344488433,30.11646403163633,4.179565964179019,23.855781472892538,11.801517644457178,6.404383657128141,,10.267988835407852,12.943615687875337,,28.079269190493978,99.6296863548342,29.141396467986564,76.62255956165116,38677875.66994362,52.68679825081773,43.83107636455166,18.130618842363205,39.061648668978,62497521.282290325,26.716527745642683,33.89032609741925,56.83295350398591,9.435815905763294,4.816787423592912,12.946443107848218,12.391491206925808,93.45570939176967,23.322649049808938,23.39976568241252,26.520094071525644,8319813.751034388,,38.68380188877394,11.408530479550507,27.740943793846505,18.844369694138837,26.85817666646313,18.580485992736776,4.297040825198696,,28.550145146699297,23.70045043344704,59.55404475478033,6.918558887824306
LUN314,37.01928647545507,43.7378049771171,,29.80514002185354,44.90504702216378,24.767080628303862,23.055989310810187,,2057949161.4259217,,33.90755778567763,5.0989063613247545,25.49794800350126,18.78804460454638,,26.610758908861598,16.558371762217863,14.576754146553874,57.056656188762254,14.565905403392502,6.5208304047852685,51.977809436622906,4.38435871655936,4.164230172329503,16.62687481863454,13.50517728395822,5.730690794361508,44.52976566919775,30.955536563765605,4.492843386156652,22.895293886767963,14.138209875006014,7.267512604507439,,6.584557960463568,9.28313265583853,,33.59026723528356,83.1476620583098,27.84823105929154,74.91854995152268,205970346.89343533,46.65830195706595,42.51236901159763,16.95808498666623,33.77494429101316,82801680.65839906,34.395956681081316,30.29824023850036,53.12107777792117,6.196763527882842,6.009324917679076,8.06784094418077,11.914501509718407,63.59884136680596,18.06046908676487,23.97223205367377,28.975784669838426,93698937.2887127,,33.53410522961909,5.158323423842053,27.220801311738757,24.31322140148211,15.156798077565295,13.627456795284461,7.9954623568902505,,26.698721983745312,21.24844344091598,52.39528967467996,4.288248169956636
LUN315,35.23845736264952,35.65374625712518,,27.435749135201984,45.31638916780917,24.82925485582124,26.883146332480226,,2711540855.9252033,,30.067111888604515,8.775343046126736,26.561950285342856,21.229787300013733,,23.342194251809282,22.729413106733915,15.631912597633862,65.08174809984315,15.892188677952092,6.981363857350063,52.59133306155012,7.290023862086528,6.654395724732195,15.093438329491779,11.657244083493426,5.71694218141376,43.1144581911523,28.686349274317113,7.428478009556234,23.83191353313004,12.750684661580578,5.0730069057525435,,7.795748183343524,11.732413464756071,,29.643087241730115,90.4670911144799,27.08942060814863,70.36432130165541,133243897.63493958,47.334325381163566,41.72431163232558,16.82124865324938,42.218888795955216,218087286.16490138,42.438316970865024,28.178875531524398,50.43574785175992,7.21858222836745,4.879237996966785,7.6489252598029935,13.225650836345647,72.37071068391366,26.653430181414336,22.325785971437398,29.0910881732794,81575111.24021828,,43.04134752909447,9.521449502691823,28.54229084315266,21.16471021720411,21.096916144767448,17.261494420944526,7.600410298684127,,28.915287888912058,22.071883627373637,49.17047188042756,6.424329549348771
LUN316,33.82852931419316,29.43492853461164,,21.255467055983104,39.480479871206875,27.18974765960893,17.273769065813397,,1087304649.7342017,91183928.14307944,19.43310558062278,5.114403801791373,23.0768000103186,12.424124042613627,,26.962677908696097,11.759607102487502,9.943751705626044,44.32242599854262,8.810960857581229,12.268605248842107,42.805699430801276,5.8343578725540715,8.462018279247312,19.204809392570116,18.919927969322416,1.4654861086275826,35.33133842260005,24.044588516612148,4.7262305597322305,13.565501807526184,14.316316818055611,16.41342617765849,,10.053751361924634,3.773297422042219,,36.47740532478443,45.35555774921457,24.46343002786437,60.15841753756462,316424238.5232928,36.69296768270315,38.228761057537824,14.377517146917508,20.332796478277686,202849062.74155527,31.839875403417118,24.944806814126103,46.58901669740502,10.230790179897168,11.036124247267152,14.103741382948924,10.75563700753375,29.655833521438808,8.816620853438572,20.897119477875115,45.320962900497655,106208916.79739344,,27.13920824004125,13.988544768173941,19.64487013039518,29.139060891191207,9.71529084048615,5.7928799875598695,13.80329553945581,,18.88866257905329,12.860973723165287,54.80594869302097,7.370646243346765
LUN317,35.36229032966586,53.08180442268604,,32.89830801810029,58.80114211590393,31.033017959071593,32.99641855830516,,2688181737.3044176,1214218167.805169,27.812659718376157,11.675326379514814,24.65772807833343,24.09580180768428,,34.950035579393116,28.180711484040835,18.990291238662284,90.75126340454634,20.229442860737368,7.250648074197131,62.44102609086526,8.770374512791367,10.976505570584107,15.719223746587351,8.907736650512101,11.255509856870429,34.29540150763133,29.079886069702297,8.879585602739292,25.443135374807618,14.179116849965665,11.449427637219976,,13.753152907061429,17.739996134863592,,29.736907147270184,100.40824719027074,29.74528104173695,99.54550179215452,7138867.452317815,55.0020870546915,45.459233696208386,21.068365941998046,38.220086198969824,47279062.114348054,30.390650357358084,42.419293592839125,60.67692407529242,12.061636508940321,5.296420660970955,20.207864882736683,15.567594285436996,97.20082477074611,24.019030269627837,24.77266193863576,26.89236390434416,56485735.8775785,,42.74274205560249,14.75978275526994,35.282881032558436,24.48985713469526,33.014877298552186,23.242703991316045,5.846709750619144,,28.928775370394625,28.542740675956217,72.91509421138106,9.666187811869333
LUN318,32.711018348771944,47.16883665101433,,30.29218785030549,54.855709179565935,28.076618769166707,31.20905517002892,,2968038974.652777,982801220.0607461,27.78443100689576,9.655024226451088,23.271016677778714,21.855049354154534,,29.174268134687843,25.696868718267737,16.449109964664,81.60554301517244,17.679969306474096,5.052179066938098,60.12835981292794,6.606565140545321,9.72151865005746,13.63337810889384,7.571326086672638,9.375847965953321,36.346554672461124,27.31798435316234,6.255723598068908,24.420076805795727,11.464557504771623,8.035074727316557,,12.210888318581096,14.94611076281856,,28.436241640444983,95.54101380136076,27.69389981494776,91.82525756053134,87825186.57752062,52.30351518113787,44.06749254462752,18.52809136378889,39.13645905024338,58901138.1906798,26.9088505632969,36.967049142442285,56.23529804353974,10.966809047728239,4.143833820185444,15.60784078763502,13.700895732991954,87.05100537706444,23.6194066438398,22.979487274082143,23.702486785528468,36782018.62059379,,42.19571106576379,13.346874658565419,31.57336969946645,18.606891721883652,26.528480420249448,21.071378861422545,3.7675192063002094,,27.53253821211609,26.4020731750425,59.964269950471184,9.360588101839173
LUN319,33.434433407621306,38.558184033001794,,25.337791592160418,46.45534716725274,21.278032346114312,21.399903000682738,,1897467633.69824,457385584.0452776,20.931484034603418,3.768454009241933,23.10777325274848,15.363652863214213,,28.05036050584434,16.816704245347804,12.472112509539155,63.576113140168715,11.114246959735784,5.493655715229347,50.774370816760864,3.7975356186690825,3.8964249438609073,15.221335974503507,11.826516112655067,5.041345870643721,30.444814047772795,24.01067598147975,3.794159343306093,18.46146948107052,10.481038923853367,8.470681665548117,,7.189615931503771,8.800744295441179,,32.79490281811144,66.030771859741,25.518171535093167,78.3381938168207,260882795.2228097,42.86034954301497,40.55268052609533,14.13430656551471,29.477266947906127,158108117.11620945,29.419798808924742,28.42598529198473,50.61060724186671,5.324189236021154,5.61794205173544,9.544433371484992,9.85902268086873,52.056098620932275,14.644040141383723,21.55105273749566,36.837433406117015,55667177.03207151,,32.69617285676124,6.656225201145976,25.45556924219689,21.9471602843786,13.561708741519446,12.556236923372468,6.598208565471564,,22.969859299510816,19.570959384095676,62.39005160994458,4.821158721872051
LUN320,14.839433333063031,18.02838352586084,838763058.6241504,10.347444924625126,52.59077969047194,9.604833987436283,37.89442606454637,,2707249419.1397,,7.327821647964075,18.435549209742845,11.3968881306314,12.482001994581116,,17.14485020814505,42.902517647169766,6.577359188600478,67.9642453580825,5.057785997347986,13.748397519266836,55.87963872278888,18.349760586875682,20.68163134155689,5.585162284479097,11.987009112242998,17.535479149666667,43.84357654452469,12.97574195122876,3.34235799627915,11.503214448812242,7.0509479639825425,17.20480158608877,,20.70880749597231,16.363053570749692,,12.500762767162517,51.186171150814495,29.28250326904116,60.006782491052796,28471768.86557305,53.68934181567093,44.1272384019448,4.627654485679203,15.559431071360278,25875948.42754974,35.01281018697205,15.012607829079313,44.002957089218945,20.115889836466515,16.61621692932877,23.13120595522438,2.6458599700580314,68.56473265291464,11.897463167657657,5.69292452406159,19.3296737149163,256192335.70802173,,51.94820357617167,23.221733832578803,8.264084520569751,4.937774457465668,6.684789708244728,24.026676914203673,12.816270084897944,,11.451832554722166,6.599896051627079,10.531741692275443,18.918801987814962
LUN321,36.86118021691768,27.453398377836887,,21.475619571508364,40.272825881168814,28.80667834628041,16.38796147469673,,979661900.3689561,132417371.76069039,19.845580096826943,6.4523073545460585,22.565886556331876,14.180996819321912,,25.24190795861439,14.425183013497158,11.021025294134013,43.8261880514924,9.614996908142915,12.720778268667921,44.16145852210606,6.68946548345628,7.694973580851048,19.509727737542445,19.01026868659508,2.1193434430228244,42.211547994926605,25.36434120932288,6.736128034791592,15.52485978367307,17.44009763172502,15.629147924452026,,9.055679892883221,5.989255596512384,,36.10857399576001,48.19971071515129,25.132624407675575,62.17048905005592,410922627.4938239,36.80946373412062,39.08206298393786,15.008193801750801,23.66234410596977,297686848.9679981,42.22765644662002,25.307772927089257,45.33944266723424,9.391720472252649,10.175872056277038,12.602258324997264,12.154373194056953,22.66944897363992,11.12529353349999,21.20313449641895,43.567163712700285,139848744.3755645,,31.171341168877202,12.734579862683619,24.355283216941544,34.02961718201978,13.123239302557055,6.7810227900940685,14.011116568571882,,20.522317155652853,14.142692882093366,47.95728774705548,6.603844837856375
LUN322,33.073497663221865,39.3917038713703,,27.51002566130558,43.84658219723941,21.918398617446286,24.70586524916894,,2719021871.3608575,,32.11832999275899,5.21717578212316,24.593566386950368,17.72039649472045,,26.529459295330266,17.39045287264056,14.963574528138418,61.32772004870338,13.258144605917735,5.370935698434352,50.7159123963672,3.7703047148135433,3.926817849123842,15.52814505691616,11.257130215595515,5.359795765429051,39.40272001031201,28.174827940433225,4.3428473024902985,20.822448440449048,10.613627646122337,6.979302884639295,,6.4467921700211015,9.541429242498335,,30.218892686344343,80.48495909659334,25.95915672726048,69.54676652795084,113792502.36881371,47.14980106178232,42.16518153128498,15.570469386421383,34.86779974088869,48638809.29119736,27.52444384919036,28.50482089080097,52.35857355851955,5.239322148736899,4.126355782318035,8.275112119734626,10.424104316280589,68.55519594136946,18.840620037498827,21.85202619063235,31.19970705786282,42468532.27014768,,36.253217661392874,5.223695709165953,21.912077981729556,18.613228701762097,17.128058631994485,14.166510770742843,6.080010369243109,,25.388908880923953,18.929945184870586,53.270903725630745,5.09687698366155
LUN323,46.517322720757576,26.64251176529325,,26.37181020913264,41.137034455249,30.808532776062503,22.17248834007131,,1928410249.9377391,,30.348067853252815,14.871013127551416,31.128241816550773,23.97004983067053,,28.935994994058166,23.8444125259096,20.472541017025293,51.85184104373906,17.23057089730722,16.78520251438473,48.98663706704527,14.30342465101863,6.633882363177807,24.236975843494946,21.01503824059323,5.40938921042153,70.58763801820267,33.985285450445424,14.965495710642825,24.322593702184747,22.8337520618126,15.019910069092676,,1.848064078302677,14.243020722824275,1516970743.9518554,37.815392218390016,74.49438522058654,28.33874966204221,66.57090547019153,450996167.1816713,43.87286409959176,45.43336116305926,20.610191143717874,42.03851788833796,451208143.2331839,65.82945522053686,32.673182646822674,49.13571943705046,2.9717465206523914,9.750546545917775,9.958277496862964,19.04503013539376,33.085168200797966,26.09534969597729,25.115643481627394,39.80466740534867,225018540.54968202,,52.52341891287494,3.8952958775564968,33.8071279849483,46.09494753581969,24.80456917823635,15.91551896246309,17.08014954787443,,30.309770193867287,18.71747570054115,32.88427109981132,3.811008432588484
LUN324,33.08467264935064,41.516436593004144,,27.138701890582244,50.20775234711897,23.057932942730922,25.332453199264886,,2114228339.4620547,628769917.3136265,24.934198613526334,5.45376970991766,19.786378658791673,18.126385162692536,,26.190189796695936,22.41648334043253,12.760708886828349,68.41446391671532,13.475743139482708,2.0965192532611256,55.1468084080527,3.7443081598803682,5.094981958650903,13.112895663508713,8.822543982893462,6.202264175101524,37.87197476226864,26.23061745976596,3.63856244240941,20.575590264620807,10.376954185557702,5.527101384362826,,8.082705565705336,10.431773645663778,,29.156598188446853,82.72916666818388,27.37493355956914,81.02771450972821,149829315.93533918,48.094348444362986,42.664006170230586,15.360492795320015,32.20012276659839,156954050.19826606,25.767394951908273,30.641106278365484,53.17191506128148,6.457706939350994,3.1563461305772202,10.106569038355536,10.686978481721198,69.94169916024732,18.338503199929235,21.357416400281895,27.440621956221168,29925790.089995045,,35.80239346344501,7.005295258246508,29.388201985742466,21.580825157228357,17.501572602265963,15.727018993672473,3.369563984180237,,24.617925578655996,21.695644260223858,55.48052891217293,4.915266186520027
LUN325,32.64778127933145,37.36882501667083,,26.578163279360883,51.67514553674002,23.14815170546235,27.537186379482502,,2709445776.6601124,647062079.8881738,23.412104208820736,8.551782152792942,20.88579680479417,19.896532136907588,,26.170806269318337,25.8943389536782,14.376218866801574,76.9824598010645,14.519000532900428,4.077584134559715,56.29099289406562,7.1162060571600705,8.124082915826229,13.390037935742452,7.7324635482609825,7.91069444798525,37.38077466352778,25.070253632762387,6.337523021401389,21.272794926919538,8.750375243631796,4.367223188238436,,10.218874681976802,12.517173928558984,,28.537172393850188,87.40260006993022,27.12182965578562,80.97053334788359,145049021.88083822,48.96140449705181,43.38691860909561,15.996419131443222,39.44220571365741,234311928.15904567,28.651577540064974,29.52771311670114,52.55185353595473,8.953120314245865,1.8472323633342171,13.321611720234086,11.726930794768386,70.11213600978344,23.5407401419239,21.026415854505768,30.104313508187165,16741574.391707359,,42.59706468052735,11.242787167079026,28.9096252695016,20.381143694997984,21.20267039565761,18.121398290175897,2.878219244177283,,26.667734710115003,22.99539525241202,56.35506168865807,7.406189486797086
LUN326,31.1674635245672,33.14071905500737,,23.015528737892833,41.656208203834666,19.945202052455098,21.09365391812995,,1953876501.5552824,,22.755444623531716,3.126797919793847,20.727357213165526,14.181476919627457,,23.49911774219125,15.727860381781964,11.10569581515671,53.21873996447147,9.885133274207952,6.240431877707259,47.120324108464665,3.3357965256167867,3.2987713418145694,14.86893973560968,13.000340796969871,3.2809636793483117,32.90573782265451,23.887393032917593,3.257274204420939,17.568707068682453,10.013000806577661,9.10732401085271,,5.89858775327721,7.3912307083908235,,29.63163980236322,62.50837239388195,23.775694144199985,66.02222816629232,201981786.0921102,40.969778140962234,38.290325164970845,13.092461453291795,27.639701315277723,118127113.79165772,31.571126922119205,23.68702404626785,46.86701465052198,4.71316825777472,5.807163345503155,7.553190033269887,9.21371862629561,55.45469703553608,14.506733657174706,19.700669160890538,34.28562187150715,52763623.003969796,,33.24203547791266,5.4244709579894845,21.24043268062076,19.00222346400086,11.777571267001031,11.58756780393381,8.11906503112466,,21.345357626984956,16.236092629181567,51.81115101151126,4.070933652457226
LUN327,32.25644360045324,29.136598717315795,,20.523544522718744,37.759855850903946,24.6370153097783,17.922748753253547,,1059366454.0261383,,19.229605696312984,4.721787520721568,21.160364660045175,11.894027144623983,,25.583647121670353,11.259777475356204,9.603393081563182,43.28078550701536,8.859949777337418,11.441585557554026,41.35825961008736,5.201934528732332,8.116344981189975,18.02843432356812,18.30294748911768,1.8631133376034985,28.749807634129183,22.705286242520323,3.702615671097586,13.867661257468344,11.996624738697959,15.599045305180189,,9.743378861932193,4.376570319026792,,34.697316819586376,43.96222967931957,23.432014146076032,58.0659323085935,252260747.02155504,35.268508759061056,35.903407035693874,13.475979520685286,19.990864308437057,173391089.2362855,35.88900615698523,23.894204688473355,44.76587573059263,9.918417561960265,10.732954729983412,13.751833535638157,10.237112957938157,39.516578725205086,9.458801080772854,20.445422004892652,44.92043143853073,94635433.43689,,27.24214341736468,12.701745988386591,19.02471886529393,24.678717031198214,8.125918811083691,7.078129727037012,13.229055465090068,,18.603296998997152,13.236130531931067,57.51885021970898,7.470491954914497
LUN328,37.426261629277086,43.65298524746911,,29.045840619629608,48.22995082855526,26.26901417364401,23.527624971683306,,1455718536.5806732,272254907.75224787,27.840164091703823,5.016794373263366,21.992933751448458,19.02574152029135,,27.66676601489945,19.536652411833387,13.505110930795624,62.03612892629497,14.590182934202499,5.530906668995346,52.951899490162894,4.337037103252273,4.802592470731214,14.937922480479886,12.190102774848018,6.581998347429521,39.27760441013383,29.32093947401234,4.291104279602732,21.849023514091794,12.934074020754386,6.964804029802841,,7.814310861672581,10.221864063154266,,32.709627042061406,83.6825513691317,29.37357253311668,79.49247097330958,168719832.89106098,46.85339527264012,41.904937409419304,16.22571545173161,31.684702302998804,215744861.03161395,33.70850797615845,31.197474013166826,53.47648593872136,6.638893675570062,5.851886722730095,9.475224548849173,11.762069804894862,67.18491193785745,18.156498640843964,23.65671538863332,31.835457012512617,104340711.1435978,,31.69587137489701,6.290316226504962,33.46489146996693,28.152840211234512,17.807768163970326,14.35779035682213,6.726156505339969,,26.56742965801902,22.720712856694256,61.47012273698767,4.668636180260079
LUN329,29.769178692760047,35.02551987883849,417176439.87137026,23.6369568218504,48.10278950512135,19.716151873933114,25.24239929477282,,2325931407.5943346,487978582.39998114,21.35302745748876,5.754705094756159,17.01234290328775,16.147673431796832,,25.06559472555785,24.01144927091924,11.406409784711435,67.96962865050048,10.901216659236384,2.692428487852324,52.480035081703384,4.737549605096985,5.751445976047196,12.628160138427326,8.142230469569183,5.793005022898874,35.38427824018543,23.148776233268354,3.2860275257299225,17.3912590247021,6.631794582495542,6.1770482208615185,,8.241891999305249,9.650579355344163,,25.977778144993163,75.38473045898205,26.095449226396287,71.4320700388165,81795475.30827487,47.12821741587695,41.85737697625343,13.30997481090271,30.66777269264171,161544115.75767043,20.672806484485363,26.22166706913256,51.11173251426007,6.756952329011961,3.670523116765798,11.53683925749545,8.70940995901049,69.6931249870413,17.224479663418894,18.717997692127376,30.33058855648942,3669211.027506409,,37.67720091559998,7.6008269200790295,23.21074927023268,18.150403456511228,16.18278199074456,15.151473066702227,3.671186517735871,,22.19980940170946,17.98169396255119,52.82575771777072,5.135525471794914
LUN330,29.977553268067517,39.217286924343846,,26.164100215949905,54.420869848888515,24.915012404027227,30.821872697225977,,2640197258.317326,772774160.7826189,23.310506103294998,10.91132738505522,19.650000824323282,21.223793194202084,,26.539206424634788,28.820276781053572,14.571357663767934,80.49569794395434,15.984668684052538,5.861943125490143,58.66524796989885,9.18233072972925,11.040479417876872,12.1577783878476,6.301238341414429,10.31030254188112,34.0511517756395,24.174475917416462,8.004258919796078,22.08088730095098,10.349218919615899,7.915638488176118,,12.92347745425512,15.125936827419556,,24.690094614864996,87.4092690438108,26.667212387426257,88.1239599129763,79194613.74567199,49.214506291934015,41.74773585818034,16.918349376855776,36.647934368726936,169705741.01245156,26.038093400070075,30.79947838789396,52.202232206081526,11.727736868289576,2.6291961677831974,18.45359199227801,13.03796277694149,83.31904621274903,24.786579688362515,19.94117063962939,25.62843131942653,46389280.62445726,,44.07712459231899,14.727826584744706,32.557719300142914,20.35822923457971,25.922055113661145,21.28868630056478,2.3178394954921817,,25.392029562521266,24.4246906829129,58.180013895811086,9.757985685896703
LUN331,35.37735244212031,29.989456084451835,,23.506436102188836,44.61324446025686,21.76919009133334,20.432017570566952,,2295976602.346612,,21.005258826596325,7.369463081487532,24.295024359227888,16.268940615584924,,23.94998170840113,18.80197087990982,13.849790847285524,57.61752449834684,10.58687135224303,8.815533405397689,50.149530455791584,7.458289220628801,4.011467137792574,16.708671942122578,13.772177747260391,3.7890320009929206,45.483063670051465,25.412829055948748,7.316817449272407,18.743465840557572,14.81370978543455,8.81209228668962,,5.0477529126936265,8.630368012786528,,32.994214367488176,67.46135820526305,24.995170246030725,71.46200607015533,396446826.72857094,42.8415458508477,42.55687990657883,14.561511224638581,35.29512451087936,273170470.02814484,39.529650554561684,24.61264740132577,47.85139345567513,4.333244321269976,5.8820872532010515,3.960398173541604,11.441537216308015,34.16331602280862,17.732956689842133,20.904156463248736,36.83268341044531,98167027.26539473,,40.84648743743338,5.780475511565522,24.046872548804316,27.688640520782645,16.082401788039114,11.898498846596892,9.538542340388126,,24.223033386899132,17.68710973269162,44.42014280598366,3.5886580496685574
LUN332,36.108857201446284,35.671010791496435,,25.479986177549993,43.47166128414991,23.95131271407516,20.817677709416035,,1547365564.211386,,25.349662431136537,3.5671960212120677,21.253841565177755,16.69068780537693,,24.79759004068659,17.122410787428905,11.92937269322526,53.89579701764073,11.62805004531437,6.860832916865283,48.88582125231791,3.6776388197795615,2.336550129111807,15.789358171701387,13.69023228656432,3.6183196183924733,40.74919891789078,27.270994415340276,4.226077776155494,19.569437976761193,12.147433946640515,8.000215475176883,,5.258779937465702,7.625131564752985,,32.00987382877442,71.20854708821663,26.819347217908255,69.5444730837954,232577270.76962277,42.75423811520271,40.278126053589574,14.435668779886877,30.277298598227397,229271352.86343142,37.94343531089591,26.372251558856483,49.24988828503979,3.9559284505375656,5.387073874623264,6.2279836861606395,10.799199975007847,53.733803269545305,16.495854402418395,21.798509850882247,34.47018420833911,113642205.98093618,,33.04523836100773,3.5302002054857664,27.984335495458733,27.372375620414598,11.862644265234788,11.539698111659423,8.311265457605138,,24.40544089031157,18.6955741539539,52.726234653308346,2.668433533455471
LUN333,37.666029048406244,33.49515378327964,,24.94963580388845,40.52162132918065,24.15684799902958,19.44557167203416,,1585937837.269524,,23.384820829906243,5.489347415768216,26.57440371923205,16.543727676968015,,25.590347762112284,14.615348121880329,13.640313991957095,51.182976996891284,11.66583840933834,9.478150226892955,45.977814013753516,5.724363122860391,4.797892965395543,17.796453052098325,16.349094940742667,4.102386617986502,35.587777068102916,26.53532498203892,5.791812062761269,19.77684720324208,15.143844132399417,11.24001017264044,,6.410541793597923,8.033012357927634,,35.64196895235539,62.13920316957793,25.573463050674604,68.76579112888774,355336506.06083506,38.738672062436876,38.82721841804466,15.12745048600626,32.081388030552425,234090935.54768977,50.837559371400154,25.93850212420793,47.23990495648123,5.365942252722135,7.411757220939763,7.920568859428686,11.765014323069074,38.555382169484815,16.952530597471377,22.875219101749362,42.02609460565702,144053930.22669125,,34.3488138225038,6.666685866718374,25.478603449008887,27.43206143940969,13.643967553300808,10.622339859168497,10.706605959888005,,25.120733073506006,18.220104006593164,57.42809190672087,5.40428537226969
LUN334,35.64850222156806,41.36797868299481,,28.055608334535403,46.5532122967819,24.59977760824265,23.977075242531836,,1864607781.9889443,,27.984885008092327,4.3272126229093955,22.195170518110352,18.510256839371948,,25.966431161732146,18.943509868493283,13.290238202426949,61.274377323069125,14.1336479188258,4.272547100969051,52.019820045147604,3.1241721664064674,3.8914447280446938,14.457807353256884,11.463391462533346,5.63182236793042,38.011619314532865,28.371367300654,3.454385921566433,21.832098510230068,11.373087537533578,5.669149688511993,,6.805626890038502,9.947615153567797,,30.855902612276957,82.5134127138151,27.795691524582356,75.92940631868973,156944078.04453912,46.07496984099142,41.09080889200605,15.667341302719096,33.29372473850793,171428539.0601232,34.17581008059451,29.313648553019583,51.9508269344844,5.542464950597257,4.491072395115172,7.648211983630253,11.247629416503589,68.70508176224753,19.039227640108336,22.71777888805375,30.610990946786423,84229229.35459468,,33.917452837571894,5.57778950720734,30.00196005655735,23.796365383964766,17.71677388936011,14.553251710136678,5.898709882704801,,26.261531403357967,21.754601063860505,57.65195940462201,3.906411656599467
LUN335,32.18961944379312,39.01498016857929,394649790.65267843,26.30508697262914,49.016017607697435,22.12763595711364,25.533427098346948,,2319781830.400524,533858005.8851859,26.431240289737463,5.387287639571204,18.59949362158381,17.66462350061451,,25.31522057473189,23.605050122224547,12.42165017588559,66.94659934991871,12.534665649749378,2.5736057550432134,54.39158335281961,3.5339469364172063,4.95390040843968,13.348419497820613,8.82724936454516,5.262449433077737,43.01332519015504,26.563289319521687,2.8834612429568605,19.385996988672144,8.933635270589988,5.448287184237822,,7.7128699799299625,9.21263025405632,,28.011372819599732,84.24612714443194,27.660380442191283,74.15565800869665,96436209.06825848,49.51115782901115,43.792435482440084,14.832949089462593,32.47451045939648,151360683.15051123,23.056373948155393,28.9980285435088,53.5657237664206,6.04585261808937,3.6473467749934665,9.311606385429378,9.848633812392125,71.27791491593779,17.978770904297896,20.549287374403924,26.744421744227974,22087274.782786056,,36.75492823233441,6.606995110857771,25.898281149120333,21.440582129055027,15.840309518940215,14.952877296925246,4.035567092526,,24.115467288026736,19.617663734949822,49.47676898997179,4.925251880183014
LUN336,30.727263764594717,42.54061353877338,236617655.43722448,28.179757059975326,48.26113296403463,25.34699820274673,29.661172578080926,,3050916624.829159,664247144.1853591,31.708269558873518,7.5851056918803685,22.526778477036455,19.929264255668116,,26.23956553677661,23.026977562825724,15.13466812872092,71.32092886562805,15.703016959144133,3.9217416630989717,54.57613291663507,4.202507315129558,7.552105335755674,13.327861108533689,7.99877145287401,6.813153303857164,35.48017076442508,27.37032195764691,4.302116381640627,22.26110698526157,11.256080385819198,6.235377280156705,,10.125458061438765,12.510205524341947,,25.44787227163399,91.1428678028762,27.019726902205512,73.16486016474107,47196630.749839865,51.06919871088207,42.31252560554207,16.61112182594932,36.45870935155857,599547.794243175,24.24664370908493,31.4709377524096,54.13752249735228,8.862568084056539,4.737132966456694,13.077040229896326,11.412422837456656,93.30139267073949,22.02498424667821,21.240714578987912,25.052361675239965,36253585.28323804,,39.601561917080005,10.39231091279967,24.08611038604708,14.530130461207406,25.03467149487339,18.570203267116614,4.158311167145812,,25.731941850525907,21.64347748732185,54.53590160006762,7.193327081979997
LUN337,36.36765358778241,37.08711529393869,,26.75392256357094,47.13632929657979,23.086082393679185,22.905576041042142,,2198197246.120304,,26.612767780772145,5.950350490229773,22.60848350281255,18.29309473536217,,24.326807566330956,20.27636836040027,13.306999487782473,61.51516030836474,12.963140747597917,5.882572314066637,53.4920632292049,5.24776810584575,3.294573001631232,15.149954579379349,11.670651308849541,4.166631775430202,46.82447498019832,27.91981057506264,5.2944092992337675,21.348306901511002,12.796568048271142,5.1709614279984875,,5.619425373502365,8.786018814677048,,31.845795542232267,81.39132329410232,27.14792020534453,76.52253146650433,283483040.24226195,46.375040373839745,43.43890615915295,15.470637705940286,36.018001790724874,235503960.98127902,35.86576126601655,28.062597768700194,51.22012334989199,4.335123313536395,3.870163048385201,4.161354304328838,11.67025513236981,53.144174485593666,19.561308307652574,22.138795631063896,29.61105561462715,94145070.02036154,,38.40721463649843,4.513707344618065,29.128266245192858,26.25579293506157,13.572304242962597,13.70136837201741,6.870741599879411,,26.185835441251932,20.79146333661187,46.76093377657032,3.5085808784806187
LUN338,31.950096853928155,41.575808896241305,,26.337616319126887,49.68014446156021,22.578827934024797,24.771860336397793,,1783606631.2569516,623756165.6171465,24.04621807709857,5.460347345239472,18.462664044313748,17.257810879519436,,25.93032651541295,22.2276728022458,12.014724741487163,65.3364805780613,12.74096124976035,3.675740510807084,54.20691764571373,4.135935997431308,5.216347201108365,13.064649316481582,9.548032174842009,6.366934274864506,35.756471005714296,25.44390795775004,4.082486441497851,19.527153107520242,11.46197277356557,6.994300374301453,,8.251658369500772,10.28577872461941,,28.8928804701639,77.11109746666315,27.092010122908267,79.9171109960693,128055934.04571538,46.96542991146626,41.57529147638717,14.821206374656022,27.756630106984865,129905025.41651924,23.731988691924553,30.097558519761545,52.39948363913729,6.723311037021233,4.546334650426253,11.21344985677609,10.344696787305171,71.33585195799806,16.322285838020154,20.728537704527934,27.11773502912451,18593096.6410481,,33.524215595087796,6.827493458105434,29.35107864785597,21.485404912404146,17.068934651870016,15.263030882070257,4.630654773637551,,22.702800970469518,20.702500032080916,55.654041835108686,5.167150830515116
LUN339,33.29338560117001,33.47938654574285,,23.027944476886304,42.45264387098803,22.667937333100745,18.95753299988805,,1514088307.576131,135403069.4962049,20.548789641389202,2.2199748046468954,21.596035061752435,13.425884494003123,,26.112332522973293,14.512703723983812,10.457972144829194,52.79128209743682,8.996246772878546,8.138739682173734,46.68159604120985,3.4579476862378273,4.449204373477147,16.456201045427296,14.763752901900677,2.0780417457112614,33.91993623173042,24.03637040448641,3.0246673425626285,15.929801080706063,11.392588695717242,11.38434869642424,,6.955047891395314,5.596041226367716,,33.33118055038071,57.14434077291073,24.93007200566476,67.40135869404818,264749704.0533994,40.082317374149966,39.31201162284218,13.331734756516767,24.906236218878345,184044108.9642721,30.19874575474855,25.16850388437736,48.25557277812279,6.066241931653806,7.553276325481435,9.742516325734202,9.353187887013183,43.69899223441124,11.5773613564102,20.636973760462652,39.41334250693236,82827891.10117584,,29.978855746418255,7.950511752571674,22.262355858308045,24.930873773816632,9.108250477214083,9.042156754510193,9.662375648286714,,20.851850583016347,15.655447912568276,56.22432407236396,4.200936553744299
LUN340,13.014128238314537,14.012201637251534,,7.578280242951871,54.28566502991105,11.45883710453002,44.11365772600882,,2775804800.782194,,3.0544881317532773,23.562149177510463,19.305837049572474,14.003386749742228,,16.856110859852983,51.45511031984984,9.322637440758546,67.49077665564717,9.170462332052207,18.30624958627757,56.32178969880053,23.730446822065264,26.327124328814488,4.811982577432831,16.101618614198017,22.3604876955915,48.2755626844209,13.33107336452969,5.2839244040929625,12.85948522957148,9.399869724498094,22.02507220022352,,25.904898177486096,20.725586668591994,,10.569184685371836,45.582034597023394,33.06811150376054,53.04958848255765,3570747.1831066087,56.62528392777873,44.653596258978844,3.1720981898790956,12.919085532415131,16538324.202303117,38.777256001532514,8.597263538941563,40.64223022431414,25.899190820042463,21.398939986620025,28.058660518065523,3.821586602489694,67.2697917296499,13.249627514331683,4.191228695731096,21.453304422385468,318185589.11145663,,58.680233807772076,29.41823530193771,9.289202907800652,10.773408570193228,11.961831961004522,28.518063357730295,17.133528128639895,,13.26823187920377,5.078527531543223,16.04274453939863,24.12039290127394
LUN341,34.9734554083146,43.65286854699717,,29.636320287733838,49.33572275752551,24.380277505187752,26.64248982241785,,2775196277.8786993,638418822.6525955,26.883333650499498,6.963377738778287,26.53080231573477,19.588095611657735,,30.067297807397072,20.186281514917095,16.679170472538786,74.68037247642599,15.533541142451664,4.2672739977395855,54.419084273717495,5.201100808243173,6.34599631922393,15.439734157158984,9.638286912404428,8.042615960992457,31.79355165457087,26.97888139401716,5.51219204018806,23.10181371992038,9.849816553020771,5.825873212863892,,8.999107485656868,12.854678967843869,,32.114694968298224,84.75400722051108,26.75114948968308,83.78112838174845,181462137.42280033,47.732469626143555,42.58416760519753,16.812463249506177,39.71002259629817,114062044.6991707,31.725892699500687,32.72108472160327,53.92792214349546,7.542574529754164,2.454558314406079,10.741193628206805,12.079937508787696,68.86036728526487,21.427112020222523,23.722190045538007,33.984998565406094,38940403.17146989,,38.63035899710717,9.336657481660765,28.03747836639669,19.230120701134503,22.53524294714097,17.261494604268776,3.6739474719758025,,28.068217594680497,24.175605346732013,66.7016839002364,8.164147982214633
LUN342,33.586883149211786,41.989928233666916,,28.110189444244547,50.647819086717874,23.697229146890976,26.619614805410745,,2525268065.460524,703656454.5132319,25.03678445587259,6.439802252383047,22.128707642537265,19.1198740703359,,28.365376358877757,22.405478020786067,14.59511446148405,74.46740091915704,14.611577460399165,2.045592953009051,55.329348953554415,4.5387785291762475,6.05811440857779,13.904592620902665,8.26748731951908,7.10628287911017,34.49161117088382,26.238982270167853,4.546198496514688,21.483126406307548,8.786014847845461,5.253894101679341,,8.901075901194323,11.93300890104004,,29.605976653327925,85.97721223784738,27.264855913532884,82.05139786961962,127476457.1082851,48.80211589675391,43.017336092055906,16.129810570031268,36.5656847712307,153473907.12779704,26.743129544135783,31.65275200670109,54.11219786895621,7.202320497699278,1.725919758878513,11.726474328865663,11.222209440456254,72.71102855926584,20.556493976156766,22.121228352281943,30.80977572158384,21986728.313768107,,38.34730223301793,8.75215940151677,28.32635799545458,20.15969597840912,21.27163818991741,17.037932739140015,2.076612151904065,,26.429737411245892,22.886788406378432,61.805702360914275,5.998527627946705
LUN343,35.163225267604936,44.917983409833205,,28.838831288873735,48.687373472709325,23.840057316600873,22.94459506119147,,1843092681.2624366,501068028.3353757,27.875020298287588,4.0594551984677585,23.21413741491064,17.23757668547562,,28.200652647401654,18.428466187667784,13.187390749241974,64.05888745878589,13.298024295809096,4.647114361512589,53.82943383358548,3.180403969405305,3.539617572424301,15.373152619811634,11.65363019962787,5.554622269468781,39.288013011192646,28.090549991556593,3.52757454376825,20.59442192274729,12.727080095377124,7.586116710939762,,7.2550097437923835,9.128085889788798,,33.41140837744795,78.87515432090188,27.91415916510044,80.65567577990527,194216371.65317568,47.32036547525385,43.12119768402883,15.945223933838673,29.569943171445864,105787039.56197496,26.57021152240424,32.36621891748171,54.5179013868975,5.517003269390628,5.574046321648867,9.134628564488729,10.727073679290573,63.52526730631667,15.488095583163545,22.98902994071267,29.669967440478636,57701587.52446411,,31.266751892480293,4.567839034417246,28.059056151679513,24.17062018714494,14.81982037684212,13.557607874242239,6.175268039231855,,24.51580396347825,21.136270771003854,58.000928131576856,3.672701152474564
LUN344,32.40224003503924,40.98297377946612,,27.993097016557304,46.749418341990754,24.7772846348066,27.70835077985001,,2642604019.770393,446006027.4989929,31.181814722310836,6.108583050612518,22.12284635068836,19.73178605596343,,26.196264127427387,22.024484685679113,14.53336372684034,67.62244086934517,15.207062185843176,3.1422420945919143,52.591169705783045,3.3053551489166395,6.053829926529804,13.804406601779352,9.282342101097479,5.665924364548807,36.749159553153355,28.254188192756672,3.8695807807870857,21.69127487728082,10.606225548559541,5.5855148427718975,,8.637640662491089,11.348435879778838,,26.42915715126586,90.82172531515614,27.890203084358642,69.62872776810717,41427285.52148757,49.75677362408345,41.901975336213354,16.157692721860045,35.98580872826922,85940950.7314771,24.857626361155383,29.65909844845959,53.825821347396094,7.522240065622448,4.191342368370798,11.055823506190583,10.959614708427365,88.69889981253068,21.562524161695503,21.649956823737618,28.52769086459598,15288064.38273698,,37.4748674103543,8.983718741000843,25.108221893227643,18.12956437520869,23.87537217306776,16.780188039062132,4.497228619281925,,26.45785058980854,20.884386251429834,56.857226756910265,5.5751155053786885
LUN345,35.29312692251691,29.087645671273812,,23.244441521611304,41.14031045142583,22.637639077979294,20.568489705100617,,2009270394.3230057,,24.050411110274343,6.5204570054644595,22.9268536251925,16.559840140041445,,23.13136938283312,17.758010683334845,13.094607236596284,51.151350396949205,10.903204868310207,8.992891396221218,47.32398661651161,6.518542219484867,2.764230160855434,16.98765285025205,14.894074232317939,2.363281053398029,45.169444355107395,26.514111882371008,6.872556020303733,18.852503948547696,13.606314884563204,9.694201788805524,,3.7133747969541395,8.110378624453746,,31.37379701130408,66.27146749729575,24.903514991258376,64.10996817013489,290893191.2405471,41.48823878858728,40.328431010273576,14.52309879545575,32.53814597958932,245227629.3957506,42.000986584246334,24.204333345414657,46.72183295703303,2.8868322237517043,5.837677083537283,4.1873763004723665,11.485804797925622,43.60997310612637,17.886014477856374,20.624112964536337,35.88342081348197,111390257.3072458,,38.58597384692775,3.589808280315018,23.937508627129784,27.47950184649453,13.359951053159167,11.528756088021593,10.277726611338428,,23.90527395128836,16.108048084380428,43.607436127203805,1.7987335185307236
LUN346,36.054058715487706,33.70392101303651,,25.616153189819872,45.65222893051073,23.038598794986452,23.73196854024252,,2213383311.1032743,,25.11628047932286,7.251701546213238,23.446088292612746,18.939218414337695,,23.191433132781846,21.459852481223813,13.802350865185536,62.25453162861544,13.608912466277594,6.55394068646949,51.59918788982934,6.58350622264598,4.740144684228281,14.763343823565418,11.733451252082785,5.31682907141029,41.52662637783838,26.678612810082132,6.740305109845787,21.78508439551587,11.76116729692506,4.84940866539793,,6.151677444627304,10.368340573086826,,30.580948930533598,79.86545233959745,26.6091886264187,72.81709835529526,252077679.2324657,44.4692137818573,41.34238954510192,15.293397259218642,38.130507188943845,287446419.20746994,45.07008123015663,26.664024588463437,48.79637072777795,4.916874443409263,3.486095480615498,5.5488897071166985,12.173065212336725,56.465301069597835,23.22204927834823,21.60272844358178,32.459585833046795,103627880.50386614,,40.543190142353495,6.489045205576706,29.7314049223938,25.14133571748687,16.433636128755357,14.99084009219833,6.948901360547808,,27.01003683937124,21.017531317842572,49.92807855902995,4.558861910831389
LUN347,33.57617893284417,48.915160529091786,,30.737136240958403,57.7294993142472,28.57811199022023,31.743789648600398,,2551139199.178515,1072865648.4927921,26.917913640256028,10.466153845038894,21.49853606131973,22.84312916233843,,30.466508149831114,28.87858205646976,16.50707198872141,84.90134710306657,18.294030892320983,5.496135616073552,62.01862136589459,7.663469744502538,10.43131823607428,13.480802110954297,7.664753152805702,10.055099068694128,38.074346133911995,28.00395239287903,7.122007449618508,23.90487676980624,13.373679081794354,9.70462511001916,,13.040452004888065,15.421898567454134,,28.458521911567214,99.225526497246,29.491976071224308,94.89411916977156,47867351.19459791,54.31051997129354,45.446079978340194,19.400921920946423,36.863051860258274,106919570.86002801,28.107892710389358,38.81288030935616,58.64829478971673,11.649692951033746,4.850197794384525,17.865077565088196,14.085753073738017,90.31457048957263,23.24337104064557,23.10018326945149,23.312426842534453,38532884.92473851,,41.6867175751826,13.923044379344544,34.410315058175634,22.239182148718562,27.83332972288548,21.57465400691125,4.271467096231522,,27.48750780043463,26.724467511156945,62.08528896784463,9.175975937244093
LUN348,43.60810288860388,27.601370067950224,,25.117908443355635,40.82274326002908,30.56817573199972,19.002314209230732,,1619295651.7599525,,26.015794232981275,10.928567238053752,28.27149268016675,20.11828036958631,,27.237727017580404,18.219441752785052,16.955744248099514,46.825925013341795,13.78709612048544,14.636516422833983,46.8292598754062,10.782580012845557,5.999908575774244,22.467335234934655,20.10185898253602,3.608351963659084,59.912092921311086,31.344375921548476,11.47344845555751,20.874432793782034,21.392544643830945,14.902250347197205,,4.74469684141426,10.658490488746164,,37.86738232045225,65.07268423617363,27.191246952542514,65.88362800408439,483240888.4624965,40.74917299551954,43.338159095187756,18.432895009345224,35.68476701317656,387043815.2203917,56.685574352446025,28.96100505511496,48.28504075128107,4.978693704288594,8.958119837314026,9.834104484259301,15.998164177670134,23.46648957731729,19.20263837949788,23.983315187791792,43.159977678424696,205639886.55535418,,43.8172484521554,7.194836772034954,29.461484051030737,42.60591334714677,21.98516545586684,11.56903653528411,15.318987140352435,,27.13611222106712,16.792224889738744,40.08900891566659,3.326781356082446
LUN349,34.17390209806494,36.9669103867292,,25.05105677519378,44.47861097551784,22.806860872693427,20.949959308749396,,1586525525.0772824,230559937.8383549,23.206425830832714,1.901821823929975,20.705164803175244,15.39613278025804,,26.172839664186018,16.928669657253742,11.287607642427046,57.006813085659225,10.819449249942624,5.980378691931046,49.03397686423131,2.3381844375315715,2.76838872335717,15.298193348908814,12.881205044497039,3.557655593727212,35.48937281765266,25.64377796323385,2.572685041659637,18.027909903990423,10.279179001021246,8.587238035814684,,6.1372399608112085,7.320662556816148,,31.929726556101265,68.03423313272214,26.37098185333237,70.89383680430306,198270287.40437996,42.8373826497767,40.18399505963285,13.834389550035956,27.737340065984373,191724749.55189744,30.13899526124559,26.851341462289952,50.146991247131105,4.5049748520474,5.669930265569679,8.539999182408378,9.64306914181066,55.89635200423481,14.385882389284019,21.30472678980993,35.82573253487841,83090400.61171383,,31.04509559996843,4.6475252435868795,25.95517626194551,24.972669535868963,12.188321322951165,11.314107381218054,7.50072532364439,,22.92128090733658,18.13187074387256,57.80750849603139,2.970884838305419
LUN350,35.39869340944087,33.30345159297897,,24.38101753297745,41.663396334863336,24.304395113579186,19.902000902192132,,1592222552.1168525,,24.88158985036443,3.082901840281355,21.580053093418236,15.442712659726402,,26.046950850194147,15.525463896512182,11.650612025012354,50.840913933445584,10.157500626415908,8.347172480634447,46.611125828848344,3.8506981536150287,3.1884682484935785,17.20918757718638,15.119575282040856,1.9964202971019325,42.11241058278177,27.000562306433235,4.164326906565767,17.315972400906137,11.33233127347823,10.595416178594549,,5.372993509953757,5.939337043629773,,32.93901964936691,65.13751543415717,26.3588754967264,64.24450820864391,218236516.33426952,41.85625981164684,40.46231629626969,14.126711533763366,28.080282975686057,217908261.81563583,32.589327696637824,25.748755019609828,49.48786910935172,4.352814234111407,6.580954504952918,7.472928406955856,10.186479036577188,47.96403617610639,13.89602791035738,21.42675062802864,38.546633535310995,114071792.8745413,,31.92552395539281,5.395923682929873,23.84268066181015,28.955361679329624,10.22513857121162,9.438600471973237,9.789628238831815,,23.09397939334529,15.929293691047459,52.7644770783078,3.054984468948323
LUN351,27.573199566307476,32.871238238780705,,22.101598527692833,49.03716063934437,18.532326614288607,26.223725504154938,,2489468247.57745,427107961.9260996,18.8744281520083,8.107302833954204,17.092284575856866,16.18310997072012,,23.34926159607844,24.644266911892203,11.427325031736244,69.43007386206429,10.973528579657534,4.228010926614744,53.57661917699153,7.192916111324745,8.01596182291761,11.540481002093552,7.18911333323746,7.784469509062711,32.25516643691333,20.630501442241407,5.353328498209897,18.087079183713637,7.0884962793350415,6.140852047229184,,9.846197953945932,11.443264529337618,,24.45008045267724,70.04155873912352,24.220678285554094,76.97704815633264,156374634.31171393,45.10414198107665,40.079709268498966,12.918378907142014,31.361004156380535,154891035.3477186,23.631988945398533,24.85658646895875,47.971856455746284,8.89460054994681,3.8941647106391573,13.09490969731688,9.543888411510286,66.59648024463114,19.092163212709103,17.574880597776545,28.270920078053255,32394999.65246105,,40.89981166451423,10.586700096408245,24.83370125399774,15.89336385997376,16.78464949160189,17.152825847800298,3.438171868759153,,21.236975822645306,19.194555100727733,50.723041574889166,7.428621182548372
LUN352,33.216713614225775,40.51160701117155,,27.362719982307606,47.13177174175618,21.88412233428219,24.459460903016343,,2549160514.5790486,457447461.3428266,26.934724362706294,4.538243503725055,23.301094293616522,17.27848442613922,,27.145192830289425,18.81086863251344,14.073191069530973,66.62781585440753,12.88831763999095,3.2062458743010827,52.820052960301,2.8672568111586925,3.590944758042493,14.598591584843902,9.836972974025008,5.435768742733216,36.8191999806851,26.503114456550527,3.2553318440724675,20.53403863895758,9.34473432657305,5.7381083575533225,,6.80089947783865,9.783893168614673,,30.638340575029012,79.84397750114574,26.168647076063177,76.44676354032414,169211644.19583157,47.213341082973976,42.600594946796576,15.173642642908066,34.48504071335225,99734276.28969902,26.733832687655816,29.73557351904385,52.807584407244704,5.068364153800676,2.9978751322886077,8.123295772188078,10.19191729965364,65.02967233543761,17.99500225492732,21.807203239175248,31.035485761133543,35515120.07329785,,36.27632067193791,5.210919526618017,24.32342065802095,18.96594241734499,16.828812949808253,14.601544044783484,4.217386877527516,,25.14087439074391,20.418377529906184,56.39375332092825,4.727125767592985
LUN353,32.04026544202806,35.57857236284331,,24.832143501259154,46.96700103125947,21.241259867135536,24.534206864529754,,2289409405.8570576,309636279.3710017,25.11830692126044,5.712978674919707,19.227138405500146,17.18393394355677,,22.63490885970039,21.950817814426237,11.803558473319729,61.64846388526538,11.956942580608622,4.092166241151574,53.03902551333531,4.586160936738782,4.42917302382255,13.17805027793934,9.813458322998885,4.662088473065331,42.612410545918394,25.672909743529893,3.9603502548686014,19.845366293416042,10.112661339149987,4.727560592562997,,6.643782059201015,9.045793210344799,,27.657802270502362,78.75435433554448,25.994527647116062,72.9415256867401,179201145.32654116,46.52119316962733,41.88188549768155,14.150774466087027,32.698018630293866,171508341.63623565,28.119355233688058,26.20996801162709,49.97163383728439,5.39477852374273,3.3191236530778916,6.544229148945606,10.247942317189832,64.0048302869391,18.68007735376671,19.901477360925558,26.251469131631893,38792908.77672565,,37.85662204713138,5.66069913544149,26.420845093923138,20.518950354239987,13.758105630458441,14.627597187190558,5.336911957821865,,23.652255889006973,19.231235823865074,44.51669077337928,4.4299440215044585
LUN354,29.724362670674566,40.33804619586899,,25.429780530487946,49.67934211072354,20.82123916016182,25.86318587066988,,2363364736.7294455,669001007.2431338,22.614057382327605,6.523972918795343,19.672545021391873,16.79744203653809,,25.251564179985298,21.585597288838535,12.360221740808027,68.09443950388928,12.429090161960195,3.224494280499606,54.93179397912227,4.98197693862453,6.181738843747138,12.519327688300402,8.207410947762325,6.9427084704064885,33.37460432647882,23.436842577795943,4.313774554580725,19.998389979761253,10.031362940658752,6.586125035792271,,8.788327818054992,11.175645856164255,,27.532243073930594,74.51744942916696,25.046239667953255,82.71698107272512,174860145.09822506,46.43728156713671,41.126512843366676,14.446923433557991,30.02872759156047,62853621.79393357,23.653640394517385,29.95215301921728,50.90614478715952,7.246977975356027,4.05137500296993,10.90159334975403,10.333205251802687,69.4254429984515,17.057543428879036,19.90102965595148,25.417391209020657,21400481.6932799,,37.0951770478536,8.002996676174918,26.505019016757043,16.007960889583575,16.71702238784047,16.547126969453902,3.7034940602543402,,22.154414108870597,20.92438701213598,52.963783954292744,6.575992321440397
LUN355,34.4026206438466,31.46034241566347,,22.111233871390418,44.48453884622883,24.303424628020036,18.19298175438487,,1364143790.1088696,37313699.5952389,17.86144997860397,4.507317696031622,21.720377741120082,13.485173277515635,,26.98206820389589,17.10417454628279,10.337127226623007,55.68469491972042,8.489315670122684,9.391150050865452,47.758807511927934,5.253112872838916,5.921815853373443,16.93361518886829,14.97125782163177,3.3042893015298738,36.93637087764628,23.25637544275523,4.824402268124907,14.760349340851269,13.163705658107077,12.081664680947531,,8.057047033631376,5.492321912773407,,34.3426029416388,54.69842164369273,25.700625682279078,69.53869773444214,339661124.45104766,40.37746694331639,40.8279388433803,13.534424078961385,25.702997589090415,279770058.37346303,29.94943228552755,25.81068747653381,48.65578670470853,7.633059525941132,8.445726856877654,10.670741343576692,9.817592523563508,32.493522491202505,11.241178474311896,20.571993344187636,42.20806671529598,95317581.21892755,,31.222927109599297,10.257879174157162,23.763107491548393,29.623395268515385,9.502700718840986,8.58411745670989,10.464729586270508,,20.62195782233236,15.860310423777328,55.97190687072118,5.441712119814057
LUN356,33.64295625102818,46.315359975864425,,29.0822155569554,49.77362889509955,24.444886530453047,25.263844197198527,,1937376658.2215064,620991014.015581,28.691435628268945,5.522891056719932,21.561064409458908,18.3003759992416,,27.144421380127774,20.22612054414059,13.477765733441469,65.27694512809656,14.539173648981631,4.021232012683475,54.95099967131912,3.7449223067870245,5.067328828082389,14.176582292817493,10.515288667951276,6.732470227658196,37.21556077555503,27.892758313466487,4.100204203133954,21.718867764561345,13.079671652207555,6.844610622203054,,8.312637663994302,10.94693617478729,,30.965506456759876,82.23705260729622,27.758414531560817,82.47213745154221,132974388.5480323,48.16605044895636,42.22547357912434,16.349236624874628,29.674432783653735,60461285.187090024,26.31300163963859,33.06731217805148,54.163428188889014,7.041737931939629,5.55510254470765,10.266166802752695,11.328609888749058,74.90741960095687,16.96482297238474,22.59883584086385,25.61914448797005,26246593.754869625,,32.738511526055454,6.3912230316388685,29.556915932557533,21.08812680144947,18.61021557902487,15.768247460314727,5.523041916719276,,24.410500702665107,22.394601468381325,56.9470346689139,4.937743705863693
LUN357,38.64582114213299,29.697475346036455,,24.61246640260908,44.585821256474965,23.986339654656156,20.726708894805842,,2220037878.112066,,24.007830992664566,9.033878373390502,25.31314969810938,18.309535848233445,,24.148134456554065,20.413941775982327,15.054617104190783,56.21739973279386,12.335678203524326,10.461749884986938,50.861939282113944,8.920883767419294,3.8342777073504255,18.17659640577094,15.084255458538205,3.100156453081781,53.85706377198165,28.041668714697142,9.012755511572296,20.364590652513105,16.657930839861486,9.296976592231513,,3.533114996130163,9.374981357427579,,34.25316917001961,72.64242627491791,26.284935654609992,70.88593058116027,416329991.66198593,43.8411293873848,44.03175396862949,15.967169445485428,37.71138825631187,335606835.3890188,45.232214436998696,26.18490638658247,48.725660876256626,2.6212779499868613,6.224097115363775,3.2446082199712647,13.302193811769877,33.327933489782886,20.075268999984228,22.096015384462103,36.144085246994976,135802326.75266945,,43.51643801688839,3.4098632241236135,27.56621811989298,33.21373086876222,17.516538932289524,12.492846502040392,11.005999896342558,,26.22055596037481,18.3828466545726,39.86152169430702,2.3498723720093095
LUN358,35.70208618174728,43.299105835298185,,29.435177574539267,47.47551812140743,26.081988865268713,25.920693035208664,,2125223971.7448378,,31.533634076975524,5.4072289308744015,22.525453463652575,20.075701932649917,,26.288546273345435,20.53998207734946,14.322412330531996,63.61757295046546,15.631608895974779,3.9670189212377944,53.39420164270037,3.304278635155724,5.157338080175929,14.394273415358835,10.894047508284288,6.071026399984932,41.43870404530178,30.07598951907307,3.6554318837504645,23.028939668975326,11.628942574282998,4.985611729643407,,7.729097495470835,10.770690523687968,,29.764211980272307,91.30802835432735,28.891280870524284,75.18026711655743,81387889.74214867,48.935479736363355,42.26276763657137,16.73560620158978,35.681831399074326,145262584.07931775,31.307433503075472,30.725899450545658,53.883058739024015,7.073170140106282,4.860730893529685,8.313439899734703,11.832871446327776,78.60135215524429,20.882237494135836,23.22887869043999,27.707274859869877,72081514.95205717,,35.386154593528154,7.840430347569961,30.17050895543483,23.322754152376092,20.64726699941541,15.885524343421446,5.6771235017254655,,27.5662657997265,22.62983617897052,56.03575509315029,4.829219228251147
LUN359,33.479652341755596,38.04124778274223,,27.123164781025682,48.08231829869337,23.202068555183768,26.540417791539866,,2645284549.9747906,561649713.3044442,24.564206855123015,7.409703390966365,23.474918055132346,19.26115510212317,,27.86609679966945,21.567394031780076,15.126770315983455,73.3069369211528,14.587054612802053,4.357491055931633,52.41567915111676,6.190584617750694,6.865617583673521,14.739676160608521,9.444942225026367,7.6686074022929205,29.78955328182926,25.31366537268806,6.1993569486893545,21.488102202690477,8.804973184613514,4.863830060957258,,9.106801347378758,12.571561148745257,,29.421819205999657,81.95615971850401,26.29454252880122,76.66325336955822,118965619.30156748,46.11786351114753,40.931210162227984,15.738526074995207,38.88134950044466,190965222.22661284,32.646516351981816,28.893646118780925,51.50992300213152,7.752470597733307,2.535362018776419,12.082736851607521,11.475171664510007,70.97439295952435,22.662713174456524,21.917828384846278,36.2265191431814,37632188.5042268,,39.81015158275551,10.013663516110123,27.188920416509664,19.59017609614967,23.106615290037933,17.150628763692456,4.166461228601291,,27.07187328621307,22.340585791991426,65.6498890818891,7.285133441668595
LUN360,32.12431303125731,37.90728107705819,,25.392631627285116,45.0672415627122,21.353649725794387,22.820506676275674,,1992413297.21315,220401391.48634967,26.079350319764934,3.333324649157584,19.875771973065152,15.91610782728112,,23.97579218596776,18.16891685773518,11.478497319656086,57.41451602390582,11.420834188217562,4.40890677541969,50.866852113923336,2.5156820660624897,2.8025069617409235,14.170717537125414,11.393360322195994,4.209494965344453,38.33202410505044,25.969065427731298,2.738454534827507,19.273536092468465,10.696585782070292,6.69344349114334,,6.035217785899175,8.244437289782237,,29.27092857456136,72.85621886741228,25.665236483818525,71.54534274161921,169053546.94978005,44.73906198705458,40.57468837923155,14.076490405969004,28.790863029319983,103884827.92114246,27.182843788795285,26.571575037686387,49.9374512308657,4.472268349959605,4.576879345398943,7.155872680988012,9.687708507423855,63.803814092873644,15.543506113854983,20.470304802998793,28.468063974092505,42887254.18016692,,33.36643420971015,4.059734420522996,24.690305902228246,20.11983396095663,13.00769696731774,13.073600132270222,6.323321741844499,,22.56770475529068,18.458564428893688,49.53113209209984,3.3077302174251297
LUN361,25.924533011562847,36.73514422577008,849226658.977788,22.70825381423702,50.96216340548165,18.718527027071215,28.64205307975554,,2415975353.5867434,572167434.449829,21.115362356973204,8.557438461672076,14.114725936796104,16.102766457947144,,23.03187273020631,27.825457214648008,10.40496014182018,69.23711496813189,10.522236825189523,4.245880086974588,55.82978406861207,7.097902626631605,9.01069490110343,10.626567621049622,6.705250476646434,8.163353176998164,37.585743294070824,21.553560996046293,3.146544403423545,17.228081401447685,8.887289901191663,8.003855425919754,,10.84499076778098,11.04305155881056,,23.002122039466418,74.06300160613245,26.02546479040612,75.57702492768524,54222026.38198274,49.52002615822256,42.61916806978037,12.929093968666397,26.010364848008777,39043995.29173401,22.112020700979425,27.938180638975307,51.402150368680374,9.285170564971168,5.9671273197725165,13.875626050727542,8.5195625543669,77.78679978450292,15.803232040782653,16.798326284565945,21.067791157658842,84053332.2437746,,39.44065901594376,10.336796765917144,22.512706527449655,13.34904505631539,15.200296432768331,17.657016833614662,3.8094068032694812,,19.164347662296876,17.53258428977616,42.36216784342279,8.49118864154444
LUN362,31.373204909374373,38.52602288810884,356385532.83294857,25.974944456328537,47.39391554240614,22.715565652274428,26.208799440648963,,2266124915.0189614,493310587.5489436,27.4273336606494,5.3079585785331185,18.25420582673473,18.089238864011747,,25.048509808303344,23.719897920381033,12.511717557466355,65.02940571622361,12.995947390502574,2.7934401054026536,52.60360981403683,3.2909451129672904,5.321780102510356,13.109337025230186,9.087905442542468,5.153642031984782,39.883009482621794,26.72395124938503,3.10874144695211,19.385081954166843,8.966782109976021,5.831634558076895,,7.999907890727702,9.8048178853785,,25.929758030633096,85.02030813797165,27.91342234095546,69.06519238554051,3056487.652256978,49.124270506685065,42.294276536796616,14.739589770116854,31.6798738849681,133052894.35833566,22.239714980683083,27.824221495296204,53.00386516371216,6.603512552110876,4.035146471806962,10.429634055907046,9.77982969084481,81.12826546649167,18.642681535914576,20.233808207592297,27.48329224578513,15468491.776123824,,36.06029868200927,7.426670657281654,25.276165674616905,20.294250097156088,19.165229039372672,15.287600348308889,4.330295504167427,,24.08871514874355,19.10717373626313,51.778106221186015,5.187052787625366
LUN363,30.543006668417043,38.48470445356563,703838116.1380521,25.018823871911838,50.954016756356914,19.768204819396626,25.50847740018663,,2363794582.3474727,608349568.8226866,21.30511545043677,6.606470729021305,18.494812862912454,16.13540866612526,,27.39773907008999,24.489945679076655,12.32552304974348,73.07757450047865,11.241039939672852,3.113980861098344,55.29571109348253,5.463648919753657,6.395626056132527,13.131384250000956,7.736632015959436,6.897999822452975,37.970919376918815,23.39825360504116,3.9083816152501707,17.685207010453826,8.106423591360596,7.0302213235516895,,9.021196283368312,9.968604514583555,,28.231508088194953,76.80858083908817,26.644565579084468,78.7340902067212,140277300.7178169,49.33358614627193,44.248991437542394,14.139497126073993,30.896140847871642,130465879.8484478,22.120885593055593,29.76436788801749,53.64811200404717,7.0915628373934,4.412113342974265,12.134888026883191,9.116814098486818,65.56279515307973,16.098158909372493,19.51207384681287,28.933513460515663,18895005.311088897,,37.8851401227618,8.16584100760302,23.531098938556912,18.93491510842271,15.11421067267852,15.64479399518225,3.443536064761711,,22.199041394414976,19.29530092944137,53.27671572329873,6.017185689085752
LUN364,31.14713115238514,41.121841246696036,512375383.1654734,27.144071849421227,53.07073246858695,23.542719933584383,28.976779322668516,,2758767646.5874596,794532805.582685,24.733660395363568,8.367839515579243,19.423510120361296,19.54160085747933,,26.71883719427728,26.806394984555542,14.012896097381518,77.73347204331071,14.515382750353837,3.0286140267025465,58.123689054737795,6.0389767562459316,8.364957155363637,12.557988227060706,6.615758887390754,7.793903513588124,39.34131056056951,25.401898449095636,4.633934901886065,20.93246017452718,9.313734919609146,6.358513553642617,,10.784141184921895,12.27079513886872,,27.155421613964165,89.76606160428628,27.516719524216636,82.7313379261983,82402896.48583142,51.7085260510057,44.57951050300203,16.1502703451124,36.102997924625775,126873263.59635995,24.11132723966854,32.164846872410386,54.87070985047191,9.2904183126001,3.5159829872616153,14.045449329906802,11.246425908101584,78.90164930777327,21.09527248852282,20.681008347614252,24.708721910042126,29424627.14448301,,41.399747253897836,10.874988170985151,27.422783064577104,17.725715154647496,20.98224520872535,18.632832646821264,2.0882823630247858,,25.15259498103362,22.501184247629748,52.877575689919475,7.581951951545542
LUN365,28.803351067838854,40.55799552657778,579669592.2424135,25.38895809387161,51.73013949643278,21.01824585092388,28.053824616036056,,2665418238.6788173,738638257.7212605,21.80272819183896,8.139498980323662,18.578882400120513,17.370920708464954,,27.40850504669702,24.76874232811529,13.231816549741632,75.50644340330538,12.726777842627566,3.5061855431974527,56.39874751995442,6.301430760849207,7.907178350563142,12.474370210963999,6.491724376250792,8.1393188758574,33.374995101318355,22.686346248718515,4.8138696431226595,19.34811960282851,8.44997321830108,7.418276310186234,,10.371250722624357,12.348233148614137,,25.944209599334584,77.53918612948092,25.73330976478752,82.67970867628108,91445360.70631742,49.37119506383769,42.74201139869286,14.717665582214046,30.993252829923236,39167883.904458836,22.407381269816128,31.518052327628098,53.06252701258888,8.613534480221038,4.438072536362055,14.288604967694853,10.225876779201895,77.03591458131606,17.70514342997133,19.303082330069625,25.50962845376006,67532482.7660048,,40.093374158990116,9.88090367771371,24.55361148735747,15.289783661664629,19.40516645919008,18.29270105674128,2.561766157407232,,22.063001633061074,20.73006816018098,54.63163169658474,7.517058878163929
LUN367,32.9551966914038,37.91500133948113,,25.697800030217767,51.67750916121939,22.128264132252312,25.840177930221504,,2221071628.550874,575404171.2482101,23.927711878470475,7.665605035650738,18.65878820774455,18.465614084717696,,23.48216942289976,25.232306511870693,12.18987831574269,68.85129918635214,13.235173186253109,4.381260162604296,57.16473652298297,6.4727698422932445,6.998920959064476,12.31108299499503,8.464541773601375,6.812430021402984,44.00585966643595,25.323453399748907,5.266088621823161,20.74198149877532,11.841727186458892,5.072150343508966,,8.977345238832124,10.39141219549043,,28.636203419118857,83.14755139453233,27.032500515554748,83.40756857599592,244653612.5944408,48.30088150505892,43.752380583737015,15.09578757443089,34.20909705831527,226762439.19379348,28.245235082408886,29.317894627578777,51.646230141989655,7.91198494102474,3.3240466125328627,9.47143777661783,11.37620828442841,61.26075768522959,20.053859396515872,20.477305849397258,24.405721296651503,33200211.13104525,,39.42384164721484,8.96247722535033,31.344852997228713,22.721876963700293,14.339574413329272,16.30977431484085,4.187796577927759,,24.456472336198217,22.038767598355726,45.67185735584992,6.863684877381015
LUN368,31.461458726066297,41.74327893991875,,27.39425012234037,51.24681930785275,23.935853444305003,28.336967439186513,,2620056323.207494,760036758.3231064,25.6498726433526,7.242347125731315,20.01233071727256,19.37075289078278,,26.885555860143366,24.81638720989947,13.977835183820844,74.59861043277135,14.707208755298604,1.797960990953713,56.167345184028584,4.797624130731267,7.210816307980131,12.739697560227578,7.095384579867681,7.180175709467485,35.70087234477554,25.894200698903372,4.247355962120674,21.13659164082191,9.283959862710766,5.943809935197302,,9.855335736285634,12.227524975926757,,26.66226077194204,88.4030354783358,27.33390186503969,79.94408795024125,44695752.42747095,50.3260222014069,43.00881214118504,16.053499419746217,34.96976413409339,109110929.93155622,23.763093714310166,31.431445244683495,54.26365201297426,8.323875758693863,2.7855097238920794,13.34873177536911,11.068926067562476,82.53232333398248,20.77905923285909,20.933864500447438,26.37617368787518,17423462.939509425,,39.35260289941862,9.788666618990113,27.473278818545605,17.830988246329472,22.576672267521378,18.096933164578008,1.523686298478806,,25.2935898509063,22.162129789128134,56.82579162355684,6.46131340286621
LUN369,29.654049579753092,39.70759007293051,,25.902585451351758,51.89623903717894,23.290172302172397,29.17003668484452,,2617879505.5209804,749944745.3437594,23.150451215684047,8.552590019750038,18.80507323679493,19.332869904984,,26.002590826976757,26.39140948344569,13.484612451228294,75.6030934994268,14.376550288779928,3.3167749458264084,56.517483472502384,6.5485307780117665,8.613336095887954,11.953606679595108,6.273927433265454,8.186058922471661,33.62105573308261,24.129345519224543,5.436563401423226,20.69490874185889,9.262429119185786,6.66222513471702,,10.882557499571782,13.06549267833911,,24.749751526998796,84.86901566324292,26.48536368558745,81.37745242207919,45402130.03549142,49.34105122007748,41.90675999653595,15.62585363548232,33.97385623443832,112604434.21916097,22.781062074048204,30.21159130700566,52.66207721015983,9.482562600870569,2.87917195712814,15.259636569806364,11.22950597279651,83.41777700014354,21.314234326928467,19.707669963621743,25.549710606175143,43074061.22589169,,41.066401558263664,11.296040536612994,28.105265358581118,17.157520304749323,23.199810004914394,19.176831172303842,1.32741838911253,,24.160385642235777,22.049342336154773,55.872314721302104,7.6473079134051165
LUN370,24.893194595688414,30.347877972870272,983707501.091824,20.21188616550577,47.01209531680002,15.758010652470062,27.019649521118872,,2683108582.7059665,193810429.74310163,20.004714946231186,8.04473594505161,13.86490129940273,13.717092431321092,,22.99590049280355,26.380976917957238,9.823806794031126,66.11246953616637,7.960367195636264,5.1334247085263405,51.685752356900956,7.38932930162074,8.582606978738417,11.350861552185897,7.9206237961554,7.483266679606955,35.99072951066129,20.235669893713407,2.6466048783932967,14.661332647932554,5.617579714445621,8.445980820472418,,10.340552604254754,9.792173866138143,,21.818293175390416,67.26403145261135,25.204184877947597,64.83688337861146,25727168.519204732,48.136085216864124,41.91687032375381,11.11994025982086,26.713503148676345,60309269.58952361,18.651236528491275,22.815194500804424,49.10846418849841,8.899990927317525,7.0161950231622665,13.427017946706048,6.603741753201474,71.9454236784089,14.886977032573137,15.279206677791594,26.91804344474056,77747574.1452771,,40.166745823166146,10.33307835104563,15.904325402631926,10.946355076311043,13.03693267872726,16.005709903514013,5.71896487350026,,18.180260940447127,13.94134470490576,42.12885138354992,7.509225942807829
LUN373,22.688874439853418,30.068348714796162,862702525.4407088,18.964626893388427,46.81471454853451,14.710852092675756,27.375854707725576,,2461862913.1917887,137004324.6080218,18.736590244688266,8.535493058190816,12.064525827517505,12.886845634856043,,20.098932951675714,26.08881202374048,7.977176741228691,61.13151563135309,6.937720524885489,5.850903082809276,51.87671162569069,7.999603832372077,9.46450217837058,10.346034567210914,8.57610736283242,8.139019820980522,35.70125530774457,19.085514699790583,1.7461348449889635,14.634577653915466,6.05237487062283,9.274106453947207,,10.793659008513332,9.97304216114364,,20.676229924033347,61.963482393568995,24.210027274954264,65.600409948069,65558826.419045515,46.67638906353554,40.55658353518079,10.30812933921299,22.116217755449544,7488482.054487668,17.267996034274898,21.889376866055745,47.00774834454653,9.549532552275954,7.688929772048912,12.907354555566647,6.229116637414976,70.7700609148709,12.828049115318132,14.112653817900984,22.30987883053773,96164578.29039656,,38.9822129061181,11.122731881331042,16.280404570425205,8.942331549474327,9.885768905917168,16.241395272028935,6.387062900720307,,15.877112611211368,13.17962680921991,35.31963833469671,8.929288656822454
LUN374,30.118701140800756,38.761494113138745,,25.539213050228607,51.45433927180396,22.36994274455188,28.018551197945783,,2478032600.840817,688561636.9558455,23.377374511174075,7.686203698237637,17.898938887067445,18.69508097642247,,24.65456921397608,26.289425270872623,12.581159991583043,72.48497253565694,13.512038690004625,2.4428742382771604,56.398294916540934,5.811031136130461,7.717471170476781,11.63622969005514,6.642375493132157,7.303665743977711,37.56339800837323,24.468700668161198,4.390574674934807,20.14902522228251,9.10253139487687,5.773438566054977,,9.963553384922836,11.658449482296398,,25.53372673296411,84.6984795072366,26.80214581302421,79.75408058447871,85838565.83962789,49.39415175403465,42.642604203125856,15.05930821981095,33.32081774848788,145215221.8231862,22.93289114462131,29.4085316021916,52.501452358253694,8.618972304437722,2.850807296380598,13.03221085112514,10.629159049255735,77.51714253965889,20.347091292069035,19.590494490169966,24.49488622526504,20097226.288027916,,39.93463095931743,9.946616014208077,28.02093089432333,17.812425082963973,19.634645944665973,17.855922842275966,1.5145020047821063,,23.86851686010583,21.28509519190638,51.05628188529576,6.9821082104271035
LUN375,33.10830599596012,41.38151898954052,,27.45460280844008,48.42640232425319,23.257068802392457,25.476327367823373,,2297387366.003861,509086622.2396879,26.72949568699163,5.139682295222855,21.35099044066317,18.2512374246137,,25.52243919653833,20.703964190723685,13.229303656507822,66.09101026923337,13.878491919937433,2.2931544933826293,54.03884113678968,3.09284297050675,4.670641893968743,13.385366240185679,9.341829927257521,5.854128272628016,37.07542798458263,26.76357809456278,3.306417763310205,21.468696479847125,10.27704659470832,4.873876862425734,,7.574354298459234,10.530815108421287,,29.032686999048575,83.12831062098846,26.763705998064385,78.7644576115723,145985189.9337987,47.38095883928337,41.79867162116843,15.477316387258698,33.72549726198797,122530652.14018379,28.360530504837342,29.91288715047332,52.27212111983625,6.120612631130495,3.1301030342216283,8.775649321739756,10.883927457575991,71.62271210146854,19.2286477090476,21.643210265477194,27.33596289924291,34455204.68452584,,36.225189403507244,6.640842858370807,28.177126231139976,19.551877857288193,18.25989032107998,15.802208514371742,3.9171094922425476,,25.23809221877233,21.75433971254723,54.80571290579049,4.778235134990505
LUN376,32.28256974118914,40.43871203231382,,26.482661936076756,45.882579866306756,21.991294774936506,23.756518070862946,,2071641132.7409992,393493034.8009234,26.547931638490287,3.292438407508925,20.89028362215866,16.492592872855738,,25.571325428866988,18.212271675260357,12.357946975946621,60.87912554865112,12.47831021652512,3.376389674309355,51.314668165937675,1.5904868933027414,3.124031180085759,14.040769263645744,10.73079875126182,4.879011976154018,34.762259605828405,26.176408348954315,2.243907788272951,19.906375956315134,9.902963079847403,6.50814515510678,,6.5619667172618215,9.249393275911045,,29.45704072523964,75.60579255925508,26.037156547416075,73.72013730460513,129929141.31499232,45.463426451414094,40.556592909832084,14.578682026909691,29.762460952357657,82686723.41321734,26.442587287349884,28.361827461880885,51.24817568215406,4.806518435003512,4.375708918818252,8.446902269893037,9.85373344859337,69.61984835454187,16.312191327706593,21.15896531987842,29.48826443582875,34878167.33753471,,33.17975393868097,4.377545523684297,25.175495195524817,19.12671961751966,16.198101550901725,14.029211035917328,5.371272212040476,,23.44582929195137,19.624967127753067,55.48381587994303,3.592358261375449
LUN377,33.33082597915343,46.33902045640631,,29.817827161900826,49.63389532650943,25.701405396653048,27.652005337872417,,2512453305.39624,605134095.0593663,31.513504588018915,6.206776436068604,22.55499578337354,19.698085272274714,,27.081377516162792,21.32010358106553,14.74699470143807,68.76180337071311,15.925119028391421,3.021552859680278,55.53912753128145,2.9664874605771896,6.127180311595121,13.78239399833841,9.219882015830972,6.889750868215894,37.91634214730705,28.789872130312723,3.424607789124959,23.04723356172367,11.506471067988034,5.7932106883053285,,8.969594660764022,11.876220234700206,,28.952497043843806,90.67605899580721,27.87315554663901,80.09336896350734,62970457.18948464,50.289823535821206,42.81987197442275,17.097020162849375,34.65195111983406,35309715.40618747,26.6933682684643,33.41696154903545,55.03598183369415,7.952420724990902,4.741836103536939,10.765929266110264,11.73748874370484,84.05097411698692,20.107517184825117,22.801928765791416,24.585604048149094,10028488.509059547,,36.138788012036585,8.47404730290347,28.100307967740275,18.46648825704337,22.169424701371547,17.375111691235016,4.306545930411954,,26.27864764729391,23.16057158395796,56.3005184141064,5.886768999266026
LUN378,30.74025127972986,41.74322731297299,116152078.0609237,27.58360769243711,52.30899837224959,25.482065817820917,30.352231390469104,,2856676049.3957615,812358781.9392229,26.67282468221286,8.735440610498989,20.456593695501432,20.624996019243344,,26.00143377877096,26.77104475171394,14.421569709333776,76.61332765993306,15.725954986364359,3.613296729600182,57.64225319227765,6.003500761968695,8.962234011730107,12.323878890306892,6.74609652175106,7.858341877365968,37.32928756031863,26.182289424459547,4.943071287058074,22.09115130507453,10.429978480789213,6.640566902583873,,11.300541705000613,13.167947224860095,,25.543982138032728,92.98430735641011,27.516308464172397,80.78948681952637,15303162.114706429,51.6510627246786,43.2596195512801,16.756691116859695,36.80920689891475,96071980.24014725,24.137308472380656,31.985565947772674,54.44518294263554,10.050441906286741,3.80241839943968,14.839056695030326,11.92085750409113,88.48554767636833,22.87004168263039,20.807654255793672,23.55828461891679,37793730.77319366,,41.73068178629606,12.029157025678987,28.222532768138414,16.63887017192399,24.524531667019257,19.654623672058857,2.6844599965017575,,25.842033942192668,23.01044420324994,53.658122979139435,7.966606018294286
LUN379,30.58446649670951,38.80618296562871,,25.245159693747503,47.74881539277152,21.896048510435005,25.54660152667014,,2033417765.333568,554501823.774864,24.340300507455815,5.02686390856072,17.467698704311633,17.08305512902683,,24.949544781981707,22.754335069230695,11.745921579204976,64.4700591986905,12.397478464789057,2.513970080637617,52.3893533212856,3.410220109093718,5.211600631772755,12.545941724065948,8.923265272362704,5.647531785741556,34.740654451288314,25.069639041612742,3.049190818716861,18.91723665755064,8.860855093618428,6.3056322477051365,,7.983072577985463,10.064693521304555,,26.13706600692173,78.7119367739533,26.798811356103613,72.4116961259033,40368235.00943469,47.10551572600499,40.866520156069505,14.16689645511087,28.97137912536951,122967614.4660468,22.1109846495716,27.613786095719824,51.63857920512287,6.49851015068609,3.825460856786486,11.234608061471596,9.56640962700099,78.07632981786315,17.25361444052381,19.781912376398093,27.980929507961,7058787.2689345535,,34.869180527964566,6.886113079494188,26.281386631154053,19.240859909068448,18.782767427402998,15.350241454506913,3.915869816195172,,22.759558128134493,19.291988588482475,54.52844913431241,4.942803401405599
LUN380,29.746236524559173,39.98115026968873,,25.67317995277659,50.03386823222926,21.380790430073993,26.830068441960083,,2563432765.9341855,689405223.7582372,23.170948978153145,6.878056573136987,19.69523928985701,17.410080695252006,,25.37631736760915,22.623528118079243,12.821549119299611,70.30432082146874,12.890509559646398,2.560836364029705,55.349509233339504,5.030842881809009,6.584222175892613,12.345535818568816,7.444558761147576,7.059376983683145,34.248334150966016,23.751087998029604,4.164677129727109,20.28285672455273,9.067356113577391,5.9244222209050035,,9.090826839240163,11.493187845021636,,26.810628423331682,78.27772697959868,25.332507444849593,81.67025096180218,143295965.09749132,47.5661453257928,41.65170797553939,14.673267378261936,32.1682289288919,72833597.40259291,23.386961166130785,29.946758913335188,51.48151193964858,7.536428859724319,3.3301949104835287,11.38658811983598,10.41860010391167,72.73533717462554,18.457926985601304,19.902301639173334,25.360817573324315,26092849.136478536,,38.655135664062996,8.545315881302814,26.151488665665852,15.63460654767399,18.22521107077391,17.205118433817205,2.6753613853480984,,22.984379787537552,21.185886372775236,52.871165252492474,6.696181153244537
LUN381,30.143210247295652,37.78432060793889,,25.059697939141564,50.61872722356633,21.083880234932035,26.67217015120914,,2546248275.2519655,643348999.4421588,21.268467391717646,7.567178649617889,19.36664072989166,17.730886944212855,,25.90902485057159,23.815168548869767,13.039147694389994,73.10592175466337,12.84212360441275,3.0707831211099297,55.28874101878777,6.1600443107212,7.266050770200888,12.497315006848787,7.178590202221358,7.65360540448187,33.26715320535817,23.008851477707175,5.255857114216318,19.932476257231638,8.157743032995233,5.531351881324761,,9.58109573680023,11.950134063170385,,26.85769798898891,77.58103159272159,25.449865513265006,82.13643855313565,158566795.15664974,46.99420474446526,41.596902181971224,14.577833734191348,33.93087852335061,143956350.18370658,24.777184861963566,28.801307907720652,50.952201586446456,8.100282089079245,2.4374451498333594,12.709236828489551,10.596669934744561,69.41548590121799,19.847777992046545,19.732969910808702,28.423572030471473,16533406.196100669,,40.19507204424684,9.920862571722974,27.101953195191715,17.54154207926025,19.026465437832282,17.50109491635593,2.0467250033467677,,23.557150962948327,21.538460124517385,55.761382285792045,7.001876025303513
LUN382,34.60812022996551,37.231187791189996,,25.670614481237898,44.3152815340349,22.44439854782871,21.806184491502734,,1906138826.7861445,239558098.99207026,23.497661184110413,2.735453886786939,22.888519756431123,16.000913587362966,,27.49474471265328,16.336966205671054,12.627070605638563,60.25837305953838,11.495486767346133,5.6643683743785935,48.775918782426295,2.882004813164888,3.0189818505127866,15.662662443202827,12.560784617591631,4.214948671484021,32.890648235154764,25.637788962454415,2.838222333400664,18.651172083301883,9.278040242180447,8.188439098365544,,6.136904022157783,8.192738235956227,,32.41453402608615,69.8265788389721,26.16897356560586,71.2985808783057,197248060.2022737,42.99928888390609,40.32909320809227,14.189368898707905,31.007490303024746,188055258.11526072,31.884928505593823,27.397075966473054,50.77032463419197,4.425424573653765,5.213477026983319,8.133616355600832,9.72889183877388,55.88845816466601,15.857706971575054,21.884964897557346,38.677635991164465,84923610.48683277,,32.7323511332526,4.824695686011501,24.74425564554798,23.719584378458443,14.506047570531518,12.013360432274673,6.97946250328786,,24.323529384922363,18.67750187758468,62.17872157983401,3.6838596402808763
LUN383,34.35263530911229,40.50320388780374,,27.61360190689411,51.371143824901374,24.37631054779969,26.60687077291886,,2245454063.8848667,659785662.1623061,24.48024797683201,7.303123913780367,20.988603591868873,19.967629324504728,,26.85987509182311,24.027857506425942,14.026054571910205,73.50821871691234,15.0743675164318,3.355865327911287,55.84680779826394,5.926248136777778,7.063521056200294,13.175290457081964,8.425005876245276,7.720933776527012,35.54274250767968,26.410847673332366,5.700122124261856,21.982592410842848,9.625303598930218,5.010511447485268,,9.45586309013113,12.3101099062623,,29.193487895293856,87.4851156942029,27.860161560037927,83.65985472925865,156491009.8622222,48.06727615617246,42.508088210677855,16.322519536118143,36.9056316830535,235689565.76229858,31.56631771911228,30.74289809600117,52.91274353496717,7.918313293552281,1.6392878420986847,12.431655914857503,11.968253026415725,70.75581706295212,22.41101026553195,21.97584275735782,30.39160572560458,45874518.4305334,,38.77228631491138,10.025268025273844,32.38535032171002,23.116138453663094,21.24582992779614,17.397986569264265,2.5632851885307617,,26.97640488997923,23.782656788628888,60.70441588434135,6.469348917298677
LUN384,30.93986189511169,42.88096546355909,,26.964479955965064,47.366724248640665,23.391817090513644,25.8586836102665,,1860374199.3933048,547605318.2150905,27.700563512985717,5.51232982638558,18.906423926342917,17.57193553535469,,25.055802705957923,20.514661930982765,12.539029303431136,60.9294629357892,13.747229856086527,4.238304026861655,52.35897034358793,3.767575321182405,5.521760928500129,13.19283985732623,10.310576052088571,6.529125156293803,33.88209763153957,26.469359067334626,4.034724144875536,20.557471303224787,11.852931775211879,6.833873797937593,,8.330135676271867,10.936151718010798,,27.52041373205269,78.3498700391466,26.758125287147514,74.78676672507211,40095828.855794996,46.710347743335646,39.873741973771104,15.190965561342248,27.522259878583196,36188309.48658625,24.15118515229924,29.396677225286503,51.68525678465549,7.185646166851703,5.570268154044657,10.975900319773146,10.595479915850683,83.06786953859839,16.704653171378812,20.91355580331912,25.463683668349773,3756901.4564133654,,32.79482945850932,6.911707100702488,27.55146447330198,18.602925933399646,20.469660148586474,15.909529704072623,5.670897119711931,,22.739280080785264,20.77460632057904,54.89980416279941,5.474491661142521
LUN385,33.414231157368135,46.88140862341386,,29.63415236737697,52.59084228660808,26.253614025765902,28.471141001661792,,2283890615.310504,855606949.151189,27.201333931960747,7.453038887863704,21.584969773988444,20.40602331092501,,28.88672606099139,23.808104267149496,15.019555729900585,74.74624264123659,16.435353580249124,3.1482732243982468,57.085922507628176,4.981329723725393,7.221917795440296,13.375491508945542,8.285694274096976,8.056103570652576,34.05245748943183,27.68143709496801,5.131764615137045,22.741578073449762,11.54798858868004,7.234148799844223,,10.097357136401142,13.367763775478661,,28.591266100467426,90.756866932341,28.330197263190367,86.19697420303544,54436645.03465905,50.48352471320988,42.77349068656093,17.443971233167677,33.92040754379313,91838670.0989902,25.862590449649954,34.6870710594043,55.77879955848046,8.5950574463489,4.030848718992868,13.841458568949406,12.306126280370822,85.63150990418924,20.61446962887397,22.694788791290108,26.502921177146415,631426.071413722,,37.032532703306714,9.831530751600825,31.604362570911235,20.881075401034302,25.164968825785568,18.664191959322828,3.2620101173409557,,26.345273949934775,24.354377703927273,63.17282278324813,6.396319912287475
LUN386,36.799628583312085,47.36797892560861,,31.396123515336885,50.44431142132703,27.174835531192684,26.659193190751708,,2248318369.9441113,,35.28512647025067,6.982555039843408,22.53210948802918,20.953392121009752,,26.9474637201542,21.816884147684622,14.895495884552762,65.5346605854373,16.585711322413495,5.385504490631636,57.03990799770817,4.647320106677927,6.6289747558211385,15.124194044235116,11.248618609162211,6.937110294935469,49.67017184163926,31.94963770969725,4.504632966400514,24.11129645722295,14.17692220889147,5.563478880301227,,9.146462691710683,10.731066450468115,,31.65715622925139,96.88509230400892,30.086837822726007,81.07646182217731,126974717.86302043,52.031566184586744,45.20947729176841,18.16847571162544,35.99985982157834,109403005.2918838,29.5478793210341,34.1610111641938,56.62385085484811,9.087587255459734,6.59802780842475,9.20310907035604,12.830754870202625,76.99030816406324,20.37387563376942,24.28488403274912,22.69358540120046,62254516.4634899,,35.69446278541229,9.530646434998868,31.71302584894259,25.109244154423056,18.59051723973171,16.37226378472523,6.8430223221803645,,27.816656717315205,23.930303685109212,49.86823770732465,6.319736107656953
LUN387,30.722352631922536,38.96642134014915,,25.72178275434773,49.24167159993114,21.187586378423397,26.064297171149416,,2537930537.0215516,639236422.8747382,23.0342077128634,6.063348789067902,19.855962134199576,17.245832453835934,,26.453042339040397,22.286639947084577,13.032273293218733,70.94564797256058,12.623392043854368,1.6234430159336024,54.0886350467835,4.381130431402018,5.72214117536193,12.982673614493281,7.73443244963891,6.486873039642694,33.55342984889141,24.067163732421673,3.793132843793429,19.619912603472073,7.796204173573635,5.497798478370909,,8.474568078951755,10.972731782040281,,27.414917115912907,78.6435725543411,25.80599293832152,78.19802089959505,118380580.6052811,47.555892794238424,41.935856594783814,14.529340948819234,33.083432530292484,112076815.856264,23.223654324010322,29.131969142465564,52.032769230503355,6.744779918101032,2.600514182977039,11.342341736669873,9.939079723485207,71.60332252794213,18.491916022569892,20.152299948108023,29.114556316611434,8354423.005944965,,38.21953684436351,7.851525312124844,25.079608598361766,16.969967701428555,18.621390634772307,16.39885641126126,2.289921682579206,,23.66513440805716,20.518743620595444,56.373332132974596,5.62524479517179
LUN388,25.214596006986564,30.908080288131995,705665873.7546684,20.172095247037518,47.43991390345407,16.410078926034995,26.339663997157736,,2403159432.3895636,172927114.78029096,17.788310712405714,7.545194304768117,13.579096847405818,14.20671773486486,,22.52256209532488,25.969938163913497,9.398878062516554,65.88531172064745,8.590112461541517,4.32954239178332,51.71081711258307,6.86479817342176,8.170402878202292,10.937274165256131,7.55232893048757,7.185908085773315,32.393876866334544,19.601257799336253,3.0204136204156313,15.27521805154613,5.387419625776617,7.88436421975864,,9.960579502853287,10.068584892513014,,21.917527420543095,65.95239995193698,24.600807257335436,67.91091308421042,53403344.76336421,46.040670576999624,40.29598870628543,11.280968981256628,26.235271918451073,100951083.41728842,16.614183915100753,22.822233502858605,48.13049886244425,8.963981466968058,5.8746679830796245,13.663323148602569,7.26488006788904,71.63403688143708,15.450318816757324,15.6526278361881,27.413575610237277,62984965.47874693,,39.372159840002,10.150528449884183,19.454163498015294,12.606772812870364,14.26280260813093,16.148647944139075,4.759977803435984,,18.502563905427163,15.277102363069435,46.13356041634576,7.250455374109009
LUN389,32.29432180978878,39.343418289318485,,26.13715991134233,49.79757011728387,22.476376194470294,25.476277654515968,,2121260985.6833997,569742385.2323226,24.913508734326893,5.669277066648904,18.10361500125172,17.90134974891193,,24.770587931778238,23.8202960265833,12.068113422982305,66.79222307892174,12.823648998920559,2.468823120990179,54.90037640617739,4.064672609977242,5.350199400193565,12.719748695782291,8.634825672896572,5.8632246946752415,40.8748927613815,25.998900305104684,3.4878243576429613,19.84311692462776,9.996553646526563,5.288203701614818,,8.025766689271325,9.804153013331174,,27.86696784506085,82.89045308693802,27.42688608059463,77.46395033100355,129257881.1945766,48.4842180807146,42.890658287940525,14.837875872263927,31.705089950761373,172131009.94552922,24.2904731901277,29.130854472087666,52.65191405187923,6.6125578088095756,3.2598835147431204,9.70297929961938,10.29029351785976,70.30739145786505,18.247129192024737,20.508168311317878,26.04733210834514,26089396.373797465,,36.40707170228341,7.095359597586136,28.616144033152253,21.698391008829272,16.126064013651078,15.446401810766409,3.655342279211945,,23.977445539622153,20.57364843847941,50.53158906909201,5.305069429968248
LUN390,23.45105616519051,26.478433558719143,779022634.2875944,18.437307363814163,47.58745226224231,16.4017739598629,28.78372814760521,,2543490616.8230443,,18.431834482552624,9.981527610797842,14.355032777860545,15.570515283843712,,18.256621090123932,30.51549390948554,9.11710193342374,63.76662122647606,9.020315066517874,6.289279752175591,52.706150409911295,9.251215441233121,10.330233737883734,9.535429959387502,7.566535313732978,8.24109745005479,39.414842764127606,19.724503753071627,4.458922646437263,15.769862174012127,6.895561538932503,8.185411423911143,,11.330289360677932,10.856879950144565,,19.07246451745924,69.76046004378651,25.054602494805902,63.56206234167689,34053694.070913695,47.167424307895246,40.39023291521982,10.974894441910552,27.552933219021135,142585572.25762188,16.639482063460605,20.046071449640028,46.41508995269546,10.74710189594182,6.672213946383262,13.669521253198171,7.861927301077357,74.63981643205578,18.408610742363955,14.129327456467923,22.25118408921585,69043066.63948804,,42.645938787748264,11.549246358625092,20.563717034885403,12.128442062577307,13.231763179743629,17.583690232993256,5.88638283297416,,18.56157265054813,14.544285268741017,33.25724879429276,9.573761937303095
LUN391,35.774187879203666,44.06499400681613,,31.31201795896982,59.47983931912441,29.902049489491894,32.91960596028733,,2986255490.382839,972608719.5868646,27.267807061513192,13.937680986234978,24.367654571079623,25.486247858375098,,33.991229900115826,30.425921923226007,19.467682867383296,96.45191286986604,20.124778036198183,9.152792732958323,62.54917690803883,12.252049119451273,13.88283236001858,17.020356853781877,9.973582973208318,13.5947196357761,36.627049601493184,27.692439765040124,11.632251550882321,25.86779473821447,12.494520294126458,9.54266827525901,,15.983841724036436,18.920046419937304,,31.18723026311977,98.76300777478346,29.343988814910446,100.32630073134911,136575971.03633732,52.25979188335866,45.22664033017803,21.10517360996989,46.82700224993804,254138446.6994091,33.2222262138362,36.73279543909813,56.509333811798506,14.476568971444497,3.976099775417359,22.97604602532263,16.607947029841462,80.75379557850763,29.815799569532643,24.306488668535078,33.231401719145154,20303525.795008026,,48.505163364212386,19.70204663600574,37.40442895810375,27.13353985573397,32.256501199048145,24.215805815298502,6.276745569835561,,31.02148542890729,30.409643328109787,73.45982750299243,12.862833656808938
LUN392,25.805050557407835,29.966944314322706,401315730.542711,20.05865867057163,48.43034858786403,17.445056175228114,26.802271059482347,,2262747472.9938846,,17.73792884649035,8.833862028314579,13.916035592982707,15.809043662732797,,22.414183502950095,27.826912650322285,10.064166242960095,68.42621126400243,10.096704753317836,5.287689962917753,52.15733786681217,8.18778213668651,9.360386797210372,10.743300886506677,7.133446292793726,8.243933201032617,30.45105083624582,19.49417902026519,5.477527585831054,16.14214565718433,6.31771365730196,7.817860971446361,,10.935212282788882,11.402963825764399,,21.400219477879887,67.98509334967831,24.802529991135295,69.98252738170916,51042896.52956272,45.06956597519619,39.360204750370734,12.135168251407086,28.00803499995322,176816694.97841087,19.326377500215013,22.42959239496156,47.39027140629556,10.479811916028032,5.283585278192431,16.09506466969054,8.695113337756798,73.11293105418993,18.497941927771308,15.84932231614149,29.081781316119994,50797457.5166576,,40.69309077992761,11.703522888384217,23.490789190651267,15.580857508818776,17.323412560731292,17.26898295760429,4.406032762038042,,19.711835312565874,16.87174238667428,50.09188715497875,8.18800851919649
LUN393,33.02338565522052,42.32803817045849,,27.725520943053507,51.180006889218824,23.169425569513635,26.24230055284147,,2404730569.5952277,713740591.138694,24.757055953642418,6.195380031337414,21.033141437710732,18.57573102254482,,27.47465259974806,22.739593870917847,13.770131160258652,72.880696256553,14.03331238460431,1.5687868610879174,56.09488275576502,4.2327550048216676,5.806313589485853,13.36443974158711,8.110198456838464,6.788633125471313,36.72629761507565,26.02209394761858,4.03479371015212,21.059647521406596,9.549814287101281,5.496743028294018,,8.72120255632652,11.277483352861891,,29.44468349348474,84.72935360827525,27.226358799838984,83.37884030663858,150309430.4245005,49.009838939987716,43.36311734588098,15.833758062859788,34.52834944401799,140786856.046023,25.51849528062291,31.90613265148518,54.068656191344886,6.9743604154350445,2.4964851467363114,11.087719555811011,10.973821565290567,70.93859904764788,19.292173122425666,21.69607458290111,28.099848570947486,15390701.037859013,,37.610163302967486,8.046296350372804,28.566327280534807,20.21234554258787,19.099683552096366,16.660217444497434,2.2519485825145287,,25.361394335226173,22.516906696748574,57.78886219183104,5.650782271283727
LUN394,34.26186385011385,39.348669367213596,302566240.4544162,27.097024335024198,49.14446901983052,22.383131826928192,25.051583579001207,,2358937800.9424396,573171355.9182712,24.722132516350268,5.744888332522158,21.73293681182117,17.879059763199127,,29.530720051806,22.322613687511684,14.142833217460327,72.6157854167619,12.991072244024721,4.192574468128454,53.184565301624524,4.714237435430695,5.199507642897007,15.089712357724203,9.485022270111074,6.304872830930636,38.035254331492546,26.178661461732116,4.573947033668984,18.971348742915158,8.066437391694809,6.719990708695254,,8.177761592187284,10.12700776873917,,30.65621120991532,82.74098427510972,27.98325885639464,74.75855466481363,102284204.61503747,49.12078960559234,44.329857978000234,15.441061222344564,34.94461598755904,197984608.9827689,23.831462355300477,30.110491352296286,55.1828048565246,6.647154955585373,3.7123482921001836,11.189071349513666,9.950496652902034,66.46119457525293,18.154957564313158,21.734907191615093,35.47493671604217,41554019.009741075,,36.6790412705028,7.398421439811834,24.94125265924031,23.411218971203454,18.341215549400747,14.733225783075204,4.387550406389064,,25.596535394252168,20.151004075206632,61.73429344847541,5.302858991016782
LUN395,33.22980001564749,44.56743215241582,,29.107361866627524,49.90174643503849,26.661613744772588,28.382919355237757,,2258669195.028297,623525234.5667171,29.564454576059504,6.906813381777001,21.47477358227805,20.590282242698965,,26.27590808799036,23.044778886794603,14.451213216471633,68.69767052506523,16.450637367251932,3.2698677132651266,55.11218550078615,4.360606873159728,7.098529912041749,12.885403654671459,8.954317908130495,7.363812099640114,36.0136491618116,28.58289297817345,4.544153356906264,23.185094478856264,11.851437868586885,5.879011642412194,,9.612157346577757,12.64291061218121,,27.0428677809715,92.73116233147468,28.35566919098027,79.09318102126862,18898490.268617343,49.794131942905494,41.50166572086556,17.06462297482124,34.910475238199574,101730206.56413236,27.58778710597355,31.766850434495147,54.0078327342671,8.715813114210043,4.513526008633488,12.00349730918504,12.178117963029683,89.04950501884451,21.795025071804783,22.36616459377641,25.363237253234875,19476226.804327533,,36.674638014175585,10.068897889044806,31.15615173545415,20.062690595008508,25.173640537286268,18.15559051237894,4.200522988828231,,26.77246021024161,23.685359947743233,58.43148043296973,6.386870502495051
LUN396,28.72984522783189,33.97287789716222,,22.632683787956317,48.60555229311072,19.331155089480703,25.510832531345496,,2221035060.1809635,451227596.8930203,19.524285986192172,7.1469156182950675,16.691382105978963,16.336066098344855,,23.945253790968128,24.0774960626105,11.198768517379987,68.0793541412078,11.250975234559814,3.78950880726225,52.82445891410585,6.277795088913767,7.1902352405537,11.75539871195915,7.688850757233554,7.1928903187149125,30.996163014801496,21.52492477546726,5.004186361789,18.044330086145965,7.127263434670035,6.284240235960048,,9.2432365816235,11.017142988608976,,25.021894778548845,70.98366105079641,24.852652540652763,75.9931276094162,131858848.5253886,44.74661199194414,39.8016111734834,13.171672260008886,30.200995088592087,175334001.8419834,24.420207898775228,25.298354676443733,48.57790767880143,8.164381734234807,3.396493451266256,13.144921656968892,9.55801895306732,68.172948503586,18.635590293086718,18.143235073575873,29.825148132973542,12164396.603325844,,38.70207074753987,9.612912636034835,26.183781441540262,17.69965831541873,17.241596925827693,16.39512444435768,3.3107116845639615,,21.63859000956186,19.216565371029784,54.15435621801442,6.53487915232802
LUN397,33.02860971483161,38.08382783087005,,25.57542096653432,44.76555738370039,21.696733850123817,22.623280749286128,,1951371014.5210729,322531628.7824312,23.9355024516955,3.0240297713765174,21.651995186648513,16.031475390787346,,25.876144655823694,17.198760058799774,12.253636865560312,60.14168475617416,11.899812048531782,4.402876457648409,49.731907419528106,2.3662728452357453,3.0446674125147912,14.47413614457459,11.529414065319294,4.614548252949438,31.67927862609839,25.240443864804085,2.6986327334954052,19.358415190594215,9.355481364317919,7.20066396760954,,6.316660895723598,8.940258200049188,,30.467952311242676,71.13753484098562,25.570316518478347,72.91971697030488,173982233.86623618,43.270038621937424,39.55741298243101,14.092247824532633,30.320794944382072,140134834.80205375,31.160576824767823,27.09861743386114,49.877036887948805,4.472354403346614,4.579757990420889,8.325515225396845,9.828878427536472,62.604614274410295,16.44231960005997,21.25347600779434,34.16798383476908,58902884.29578808,,33.17690860806217,4.669727217510131,25.421796747522098,20.481177848775168,15.567241032040771,13.23808831701732,6.084267268641871,,23.686235797769584,19.324578412960236,59.30031725149346,3.82596905446203
LUN398,20.91758693642652,25.81177988186166,961432312.9668555,16.762310772629558,45.84094250465897,13.045244493530767,27.83425040884619,,2410687223.6347275,,18.561816843415926,10.0234476052209,9.426803086065066,10.653687171090414,,19.753340269902115,28.133072747680114,6.514421033169869,58.06974926574292,4.253617776683672,8.311250507567983,50.42031915642299,10.066106996379888,11.559418580834873,10.929077113752143,10.758738264591248,9.75278410522666,39.117350399542616,18.59802109169625,2.26401113289782,12.09590534994538,4.658428553353762,12.032576379632655,,12.45450456163366,10.017086788023482,,19.664577787900882,56.031702926958346,25.099492074763727,58.84379629260322,50291947.745752856,47.60086683196645,41.67026364379346,9.140507579269329,18.316323129072305,12265862.735497562,20.88111170818742,18.89034459068109,45.99681385115828,11.0329587771666,10.2010334614658,14.494596101436656,4.733534981704913,65.2228954074903,10.442027841731448,12.103713020732366,23.300017075346172,114645544.9817763,,39.078541399674016,14.177965323924818,11.46513418302964,9.588134831120035,5.425904905968021,15.807585618897146,8.99617803943882,,13.438106720254073,9.322109720479943,28.04389247134777,10.717214222074443
LUN399,20.80301233772148,22.019817132072898,795342377.3048449,14.633088073083162,46.54310084329584,13.147270267672855,27.303530363456375,,2132965590.677145,,12.6458195965617,10.374115941040287,8.515107680087292,11.54671528721963,,18.185883324725506,31.54304318744262,6.129394293577364,60.0938170773146,4.65781764317419,8.101736681837664,50.03411249477526,10.34974649213297,11.814839276848717,9.615123453540896,9.570916806399925,9.666367094654353,35.96098998068908,16.14633671601832,3.2557469927925182,11.494828181608046,3.9417948441906794,11.430692559710254,,12.598701291600118,10.380564076462905,,17.808372410266834,53.60289926989323,24.720835934518778,58.39091948534466,57321120.06240721,45.13671626127305,39.75683660707195,8.316028510868751,20.28078747470725,141521902.00143585,12.266141583652773,16.479882821355307,43.974154476477665,12.620117682818828,9.303687256486112,15.661131104912444,5.211162599840346,63.93803215330533,12.833790094164165,11.557538212604468,25.88074377310442,89478201.44248776,,41.143813666511754,14.361465350566878,15.611957817642693,11.512956463809218,7.085469058844722,16.406338731631873,8.264456143642207,,14.247162413457039,10.155179049045756,31.998891535590165,10.981299853770333
LUN400,32.511087311485916,27.146119412069126,,21.914125661817742,45.155275297117846,21.27100083124086,26.152647068959563,,2263536001.645967,,25.068756268221108,10.494363452166859,21.377894856802897,18.813068925438788,,19.881967387560255,26.94906212334452,13.017995383370398,58.12952265063882,13.251119152489862,9.106848328178197,52.085633604277874,9.851865522666705,7.676037272466804,13.926852810415873,11.81835594056434,6.197266917755138,50.70529047794189,25.331213737425745,8.673421013334673,20.63860851115066,12.392911051295142,7.235211623466929,,7.761024283041086,11.075536597796608,,25.519260602123396,77.47758333305534,25.546480247886134,64.8928931527182,196396484.12773782,45.728677260424405,41.107044846124396,14.527941070739809,34.783519565569264,279668226.77180916,38.83812268010417,23.28185144349829,46.08618348259197,7.859163572849609,5.606783825162056,6.871762609188138,12.557027480271886,62.070639754961,23.639916654549165,18.455860323969482,24.057537838807466,57368510.9941452,,43.69150064503876,8.225496971082089,29.07039988398394,23.968736612535896,13.762629790291847,16.450060835519526,8.974070875862125,,23.90374592953004,18.136021724967975,30.356581117508387,7.504560046524384
LUN401,27.000105966289727,35.96745270407137,585775564.3055115,22.566567835532858,49.19858221312217,18.934497343970314,26.58492238940428,,2081598232.1150236,500916798.0606684,20.447276185356564,6.977133992969452,14.123012146594624,15.677214152476067,,23.21089230618494,25.993064615999735,10.13092899253813,65.75208110993819,10.325896975706101,3.70179596948492,53.60344931901155,5.813773771847254,7.44865501431943,11.139824398411783,7.65709165702715,7.030451391662399,34.714935634166814,21.858275771995842,3.2535410848456974,16.864192986928185,8.546451612347123,7.655977203168913,,9.553151148385085,10.274714518775347,,23.717452435634137,71.44160544337099,25.808825331549816,73.13552417385068,54099415.558389574,47.20335067518412,41.096499610285065,12.718783204730812,25.161218215270598,90272741.65925783,18.940896002188563,26.25086967184308,50.34393471507224,8.218082005077102,4.964353514331913,13.174083011072979,8.457610999496406,75.65599056275487,15.403123104820816,17.254646387814383,24.462203046055848,47549378.89406311,,36.88100346418485,9.090444868733316,24.0318100919168,15.852239606638358,15.683479904281509,16.200464078257077,3.824837809114682,,19.48187963227186,17.366687136963222,47.34289288390962,7.142431251493875
LUN402,31.487568794887636,40.90806951851781,,26.83495473955126,50.14892088928877,23.11231857295294,27.09339091328959,,2434800654.15231,677692865.6025445,25.354597951151554,6.3051976271674155,19.545649703112527,18.579671625888746,,25.776395322556148,23.567830831033568,13.136800843402355,70.5357757005855,13.91978301325055,1.0599654852070604,55.254436346285445,4.075788180278308,6.182528122798682,12.548557327986902,7.675617603349407,6.5270758275873675,36.348993186245835,25.762026624260155,3.6192930496227063,20.770179101083393,9.24392493605183,5.315106730398925,,8.863656152127191,11.295788729235005,,26.994996886238248,85.14968237790572,26.963658670337587,78.96002113893387,82416161.6356534,48.971684648312966,42.35800871620598,15.41901699878817,33.48146909678345,119290829.7555004,24.120170688526184,30.261195053074218,53.10027616820694,7.341500236167055,2.6957279953622466,11.499437248418074,10.660144974124039,77.95938216794309,19.722365407509574,20.721518167972715,26.17393194394669,607462.6926687973,,37.886614080651064,8.378423113584086,27.672546060177606,18.331232458280994,20.203499984774055,17.027736990834075,2.1318976173023105,,24.65228486658052,21.552715870872593,54.74145984813281,5.689031175270706
LUN403,32.58814657030923,43.39831521891766,114369478.73681824,28.17648992017955,53.99395022504398,23.97554913252992,28.259593760351002,,2575249129.96487,846259334.5985143,24.312979696270276,8.134305040071373,20.459238982043754,19.703996026293517,,28.656956579948776,25.90544341322037,14.591289523853739,79.41616591587153,14.978177551316428,2.920654090205054,58.60056751661502,5.9581533881958695,7.9234118697774685,13.227219237530868,7.076279442461136,8.151854012369267,37.94832299980075,25.81123785056043,5.222426006928897,21.334344387891676,9.86844150207542,6.759555286381553,,10.59542634964435,12.603783466126867,,28.86004778533368,89.22352493884343,27.867302392838,87.0501963491122,118846665.06223132,51.46562461680426,44.85868093369332,16.714219693723063,35.89430382341384,138179389.54240394,25.065969584558555,33.99056846282581,55.836304286569934,8.922282079571014,3.0996180446380848,14.095728566170012,11.669109300121088,75.85394544823336,20.508932287985196,21.65531377700788,26.50573591377453,15463346.148155691,,40.15523958258924,10.525547775389276,29.197114617689923,20.02353830124387,21.26812624789335,18.480017154459766,1.9317726208714527,,25.689998489290783,23.598555225770625,58.03860812829926,7.329658916522484
LUN404,30.44366784515279,39.34935056883737,,25.40154671287127,51.22255987261044,22.0106346882241,26.908021108500844,,2261278698.091678,682785915.9375244,22.098587146277364,7.7511954437505795,18.935522590092614,18.261442120695445,,25.30938985921671,23.99511486318016,12.738724655245274,71.26009877107452,13.528210963292144,3.6403095072314318,55.92396274340813,6.2911050803792765,7.533892815944426,11.932648311321598,7.364558946894078,8.000876718444067,33.09503586613839,23.57942002077109,5.657812185805292,20.623820651414118,9.920211945993765,6.2626383552535545,,9.825099749609304,12.326430591484527,,26.659151184099795,78.05317337684524,25.74587634848557,85.2265041475717,165016744.97345322,46.539131221771385,40.94020783627232,14.994904709426258,32.10997333045021,145138308.10736078,26.4642460188132,29.541638704644154,50.75897723288488,8.410212303358811,2.580892001704091,13.047675179303436,11.223177515452274,71.48475218937133,19.974759069756335,19.929423148354257,26.38079267931269,9684916.763067748,,38.796273169113995,10.150020818079573,30.373402274793865,18.949204172087434,19.47327936807305,17.785059505303177,2.238732585093643,,23.43287366136682,22.37982631407939,55.77973220956707,7.2054816929144225
LUN405,33.775624347529806,37.875930663126226,,25.526401292828222,45.41274330320417,22.509526374940435,22.589789268020958,,1774365406.8181987,370684771.49122274,23.21710822722449,3.202792775675015,20.72182827765524,16.314379968326627,,26.705448097194772,18.193829377093117,12.033551252616254,61.275083467849484,11.912971124755078,4.762329364231398,49.72732431400322,2.820527803511693,3.550720119162641,14.560480873347078,11.597931512655205,4.7231422875011475,32.144014402750784,25.41950409374878,2.8675102051248236,18.832384435636882,8.685414139085305,7.432905603574822,,6.655683559566472,8.879967203466785,,30.65206027511049,72.35220572296494,26.498270649299535,72.38062020336514,151195569.38072523,43.71085170175075,39.991072965348145,14.093809503909243,29.920508360447908,191118703.63208026,30.223736227368384,27.434613095533226,50.66459671192805,4.920114633712449,4.815618009644399,9.475707256934852,9.792670697557826,63.002296927923226,16.42601042586851,21.382701261695797,36.03502386043158,70524216.99769478,,32.59313692050434,5.10976225861234,26.674414069534922,23.16694070614232,15.958618830540495,13.022480760307799,6.15686920083944,,23.929469795047208,19.312415815215363,61.769126601326086,3.6094800016639637
LUN406,31.297373045014837,38.953504762157344,,25.36224938424375,45.23471177759342,21.382892366991776,23.226270781878934,,1897253757.1941633,401256963.7938399,25.692925015451465,2.6492537872394823,18.939016034416746,15.455778561921338,,25.421617049559604,18.621641751205,11.354773957874942,58.88794414571208,11.327059080181552,4.068767490136263,50.2078825936427,1.4929919586427498,3.239539079502465,14.086684221831504,11.159667898672065,4.339715239939162,35.12590044870633,25.53126559587064,1.6681634745923073,18.247101418989573,9.10636226560132,7.512209838035308,,6.5967548216339065,8.354769428073435,,28.845994231090497,72.09223203427278,26.132865279395716,69.79007887116458,91153726.78253625,45.21264680468606,40.44127787170171,13.825595294831944,26.767794162160055,84990591.39216934,22.865880901283322,27.15419582881136,51.034420005690905,4.755346519262586,5.048311543827602,9.279279906063659,9.042504485105916,70.12856225103705,14.593310332794413,20.319229047578776,30.145768858066553,27653046.888942428,,31.8184809932361,4.746545199090604,23.635285593354443,19.873910147381576,14.965730093976434,13.092834029268221,5.971336733341283,,21.929254461787718,17.94069496187062,54.28563734875824,3.34674521674832
LUN407,32.406157667017304,46.61014197642862,725019363.7421957,29.28128774849024,53.91262231183412,26.471584957028472,30.186882511919364,,2333998036.8552523,908150672.9600085,28.531189999201093,8.653727960510713,19.65853459623592,21.082023091925613,,28.536134504535582,28.44866703629022,15.135487782843242,77.05268111072611,16.508321941367253,4.324283119444415,58.28109170319665,5.817172705851282,8.69894197347296,13.071577128473024,7.907078171585466,8.251530381241457,39.28685143610542,28.11300752559476,5.427108979797631,21.635155877606802,12.949731560648525,8.679756394674266,,11.481648302222629,13.292737459827306,,26.536206940426286,96.71063171173608,30.086359458816922,81.09261329437435,65031420.77218091,54.1900435898545,44.95987864316629,17.81735110356267,32.85482505417886,82435144.75586115,28.200548992702902,34.92124743794639,58.15391500927972,10.096527291552036,5.497711532050344,16.039456879363634,12.04692599505497,95.22977958053973,20.6903041220334,21.88160661009975,23.793801464626604,34081879.23994296,,38.257727843349365,11.544616491119076,29.74657925867701,21.214283420957624,26.478613940281544,19.189264276143486,4.043062933938852,,25.67985683249667,22.992926534676933,57.75166908205762,7.808660528694013
LUN408,32.145691325450215,43.335865713377785,,28.986016332157767,48.684831448248,25.197510625070322,28.755828516242737,,3057919478.4143667,673029726.3668424,29.976201396790508,7.4243633787861665,24.49174817458568,19.84002700435236,,27.787453469494874,21.605514750767128,16.06720915150934,73.40851943424524,15.931064171370258,3.859938297007315,54.67221188185787,4.464946825779921,7.0709194918293505,14.164987355057075,8.307148350843963,7.483821043527083,33.07966863203469,27.080333305673616,4.931546852201719,22.98679650780877,10.345487582382875,5.99082787509377,,9.67967603983152,12.983745074521588,,27.982866119970303,88.96097809083254,26.33457223172579,78.20135472176894,45314113.558827505,49.68679098633811,42.16796450898156,16.82160422419091,38.47408808441509,26764125.207382165,26.235205891416197,32.353004349878354,53.846749637709806,8.470308281531404,3.417610026963453,12.303045530192815,11.878891976669191,84.65137535099821,22.229855024308154,22.29450579901901,28.042387263333715,12695321.558196586,,39.734328704779934,9.987864933159196,25.672602796472283,15.184801658156621,24.628428856947817,18.486690405505243,3.628236482330437,,26.829458198771032,22.994013983973083,59.908918554354564,7.830986738665273
LUN409,29.77608006872475,34.55983942831628,464374487.9312985,23.732326694411935,48.75039053228595,19.851248407220947,25.825764216249432,,2457726478.220851,499806774.04980296,21.540000690456083,6.501012374413302,17.198023241347183,16.698586736310748,,24.602250326369575,25.004406623524577,11.717150135962878,69.38306960108972,11.220761274700497,2.8185771717763837,53.333216673607595,5.384217379787946,6.309169629928904,12.476477416623286,7.720901707017279,6.108933172308421,37.18100280029661,23.2883624150366,3.777072148788697,17.809724996329116,6.9030040954524905,5.640413814642786,,8.603441410121341,9.982457333542563,,25.87517751121346,77.69269336571962,26.213592964949378,72.2248126570941,90853324.2175745,47.82042990368293,42.38146293438042,13.531113823417437,32.30841309784447,174625746.04762718,21.241612003869054,26.308145635978384,51.19790883745426,7.20227350227383,3.486363873729507,11.569910808555498,9.036627034705646,69.53801966764267,18.353748694623654,18.707139411000274,29.334368788320685,5564629.388790105,,39.203322740776265,8.126361673463988,23.5700893068109,18.000242871528474,16.39220863860273,15.711966691234396,3.46579866992368,,22.712886152068542,18.437499284444748,50.848684380046706,5.614129453483871
LUN410,31.810800904070675,38.5487956970598,305231731.0853835,26.22620040113393,47.740896603764504,21.67650380627628,25.439423160562942,,2494539482.910231,461834530.51792663,27.500864896776463,5.19198332325006,19.584008539189327,17.39290147002094,,24.981740517076574,22.053646214276156,12.673228134170804,65.38716766569947,12.373150206138252,2.823831550298457,53.63484203152377,3.235629206882771,4.4909590494742035,13.572290693928883,9.106448278207392,4.882703713509271,42.44028788138091,26.61261807896267,2.6885432700501246,19.608502787353302,8.810693143568473,5.170229800827334,,7.235608183720708,9.113485932866144,,27.985635942393962,82.94972774921038,26.941418856027703,72.74334257498138,102285717.7384885,48.95901713080327,43.34568116782072,14.706758339460269,32.982832326107534,118088801.83317706,23.413979762876426,28.41426238530569,52.8721557117673,5.502939848365988,3.5854363994045797,8.490872465301988,9.75368733149629,70.79960487019582,18.09542820484556,20.470024378098604,26.796169770466378,18901318.670050416,,37.11130935503911,5.966423551701058,24.21372415068252,19.663218082147587,15.665090777394106,14.804835268983782,4.321343823283215,,24.051005497533037,19.19638116746997,48.39334623915937,4.377998547164732
LUN411,28.761732962502386,37.84113391788241,835105061.89818,25.041123004074702,48.42009189969372,21.087899407129594,28.152087752075065,,2810317492.6743135,631420748.8569344,26.412319821210644,7.047928959975934,18.160732216320543,17.455004994030634,,25.23349664141824,24.9340121433588,12.767553138013099,70.30737735847569,12.469236638346006,2.9046036541467966,53.835198520065056,4.862157712697192,7.094618570767608,12.379866064360412,7.202136059626833,6.385080614844113,36.77489133001872,24.551765507081335,3.1156438518326146,18.768421505389888,8.488170860447463,6.409652949832985,,9.606731668307905,10.857193618721784,,24.186602720379355,82.59907638350668,26.703061721530734,70.25844704900314,23928393.875504218,50.33466866119524,42.83823430573602,14.329964607562609,32.05296867754255,49734216.13148463,22.101027626954984,28.21363788576751,52.9684655667295,7.813420643404699,4.577107119010354,12.96721545599272,9.233051928342144,84.17733558136995,18.779398369800976,18.850341843150634,25.833058226577737,48707213.42568177,,39.3035428305321,8.956929658431092,21.22608059793033,14.115241687949451,19.852056956469585,16.991956396681893,3.274176842017277,,22.711263278550405,18.425983268285947,49.85520615252876,6.3031715575800344
LUN412,34.672776485577515,33.91150940454141,,23.714773315973705,43.50646752427827,23.65337628883947,19.80270010430349,,1421676489.8359368,122032173.91287595,21.45605676101406,2.664921204702401,20.206934349532723,14.809965265968131,,26.08316970701043,16.96130290591229,10.711730624257992,54.598418904458036,9.812336759850925,7.598666045854014,47.60352712570445,3.3771822017833717,3.7732308419415284,16.01396424066138,14.014716086273905,2.9383554472806286,36.7504754611453,25.053103448166308,3.4387332344746095,16.726830456285583,10.56590271184105,9.98117290171605,,6.425098390157878,6.337402587726237,,32.56981245665208,63.19740519290004,26.301029201877675,67.79733749063838,229004945.18044937,41.46313587321623,39.99866081476087,13.481624055179633,26.802948203277015,247975155.3061233,31.966449760078422,26.00874842253401,49.159552410433875,5.374569813113213,6.612909702596725,9.054464923672635,9.708024903197686,48.312732400890845,13.518259889865078,21.011207267301497,38.959145173050246,101327046.19430038,,30.878781808127936,6.173330347981511,25.58710515876853,27.811895012279308,9.982024925057326,9.942401526600303,8.88742299195747,,22.292230747112185,16.88068757492477,56.959200990394486,3.8228685102623907
LUN413,31.11148438883096,41.85494783390963,,26.88731773801457,50.627025774523844,22.841086376497696,27.12268781396625,,2485748988.5792885,745681278.4640583,23.7081612354123,6.919552188813542,20.651302952334607,18.343987258558954,,27.251089923017677,22.588367912751654,13.768000802202405,72.81061061384013,14.0785662963571,2.440350110814651,55.415493407781184,4.947995986350805,6.590519377132067,12.952015405487579,7.60422138542696,7.439531907857135,32.018523048857126,24.64748045438457,4.755209070362032,21.011082563411247,9.07921679918509,6.194096586609226,,9.307529336398916,12.313081227674136,,27.566246010408705,80.95061032407006,26.04371689745837,83.38512307975915,116218220.44906248,47.80153495828518,41.58026970958774,15.521456468979592,33.27453667046583,89348394.66119811,24.546920284533062,31.271928582393773,52.61901185779243,7.589381901982078,2.7653428260399924,12.606077066825721,11.065759750549724,76.20864917266258,19.418931764141018,20.918393603730163,27.71480486177518,15405038.346411329,,38.24805448600216,8.983860102197752,27.965481013543265,17.644163187218005,21.16747127807349,17.68953023722178,2.206155250465874,,24.314994367739146,22.379761474540793,59.39924584178765,6.5456644056118884
LUN414,31.852739849456572,39.59078946223929,,26.721033265675008,51.53291138220013,21.582776907945696,26.58695650225018,,2854804586.542477,672351266.4428406,23.95774321989611,7.887092275326401,21.855830168446765,18.12517664696315,,25.97193733410343,23.35931189458142,14.15081289501466,73.80700740862204,13.18363511953013,4.136179755511181,57.39799515193782,6.231915061810499,7.1583177015030035,13.33478137145727,8.056383453856528,7.115997215617158,41.542619282583374,24.989432839138384,5.008409674171837,21.01375182895284,10.069637388584914,5.183661804287521,,9.339058292151188,11.078913925343668,,29.86523758587209,83.9300067123968,26.151070082700546,84.54897691399286,236999656.52870694,49.60505541209765,44.711744552929375,15.391582899579792,37.30893870228403,134704254.8318487,25.65367235316784,31.009589947592684,52.97163605085573,7.967579082748539,3.647464914092535,10.214765205445508,11.153915246776322,62.51864966985531,19.869042479618763,21.075047482557466,26.184566111837118,677877.3992189477,,41.46727963335142,9.093387477519137,26.242169930302712,17.850237339477726,16.801164355228636,16.952442289980212,3.846244109211753,,24.93033346988807,22.382656449416977,49.158905984703274,7.432101697217484
LUN415,27.621700664944164,37.85942697931072,431612130.65222263,24.362882416576703,51.141441784277205,22.333799903519687,29.761021578960587,,2558237651.449799,687746164.851558,22.761723474428948,8.839923432925685,17.176823923034707,18.789323447431187,,23.755505027644244,27.679398534537253,12.308113335914546,72.1507489306238,13.46744299420419,3.8317553729971743,55.98343293007938,6.900493761378538,9.153112811053445,10.765772222963461,5.936971488786138,8.10838524236541,34.56030881346501,23.28243161272599,4.933935150275041,19.756152911478733,9.684368169963921,7.10111983988943,,11.161430672558831,12.62731882089968,,22.392878849567904,82.71030585417186,26.268745732231668,77.3598981977037,5765550.209593904,49.26276488739901,41.272880459781284,14.749873997343007,31.290468668102694,87966985.05855475,21.008361298655608,28.365628471466817,51.5819441294407,9.966619372035877,4.02062895022983,15.267742461437848,10.533317392468549,86.84378828751102,20.477689568445236,18.26503227102338,22.750528120408692,62980641.785978,,40.96509613431192,11.364721053044248,26.85578758911797,15.41906689586326,22.174395775579548,19.1572092428884,2.1400227660264726,,22.513255366758006,20.45683228392257,49.86065276112429,8.20562388580781
LUN416,32.85816094328485,43.172395394018295,,27.888805528884195,48.41772959633254,23.581720454602678,25.824194849984856,,2226283594.171572,632668847.7743006,26.160770145209565,5.129277638392344,21.88462490699461,18.119114561494445,,27.672293371180803,20.097843862105226,13.823014837596741,68.14507850117117,14.354594801155473,2.348738918179362,53.2220948423953,3.0900358078239454,4.903022817350528,13.768458745983542,9.376691430861568,6.4368983450206265,31.34384158710706,26.410105705194887,3.509290992723288,21.23024525555156,9.446882716308481,6.276982817020799,,8.013361425306483,11.413859998978909,,29.148457900425935,81.51805465883477,26.74943963189607,79.13683388613919,92896231.08782125,47.05125627334136,41.00030972438813,15.65974318751022,32.49548591102718,90347495.108797,26.46302220165869,30.965995691312788,53.00605966137158,6.218182039412522,3.6591410027701188,10.960051280586436,10.815033351771211,76.91738714882524,18.595986850548837,22.00073004534637,30.26186916733868,21835996.00883284,,34.95279944416783,6.798888459049998,27.764175879327418,19.17925403834742,21.285884115459528,16.230959389833085,3.7676711276186383,,25.12672659666072,21.949783229955354,62.57665195877444,4.969143147271927
LUN417,34.28260909890218,43.34763262616803,,29.05699072283231,49.502436793108735,25.801529149394476,27.130724202222634,,2302304944.0911756,495016880.6612647,30.548552091645018,6.037563439258621,20.91995198173553,20.232908922423686,,26.381976007134185,23.192855690191088,14.189589870334826,67.92100136945861,15.547271088439325,2.957052573963207,55.087195363811034,3.369650899575503,5.9949601775742805,13.653179941739094,9.39665248371581,6.189042438585426,42.18455361165461,29.335707038979578,3.6046439899526965,22.31635733808799,10.979742445397639,5.2079858240546155,,8.692148594825055,11.04959414953593,,28.359217511934656,93.93224450000315,29.149034437272384,76.20014443916352,38421866.78879327,50.8348280355396,43.41694327732551,16.762802610015026,35.418579729796186,141145208.39042985,26.48215261768101,31.4475263803089,55.107400854476516,7.807709188710485,4.429582148404647,10.192091753644894,11.563597184450268,82.71647283419175,20.92159899978561,22.516463050272638,25.85781596363715,40096335.58715935,,36.5151092303936,8.910117352569863,29.674685073560852,22.351455149960614,21.530197990520286,16.595793690055945,4.452403776809984,,26.956086511742154,22.446554799281742,54.59589782712836,5.589705583290935
LUN418,33.451680274449934,37.496114547545766,,26.496779150654937,44.90619474828184,21.324990988720344,23.363675317388164,,2544346917.841217,,28.41252116763004,4.541333251873544,23.44002540256691,16.77130657737669,,26.47241898562936,17.69654375665954,13.946856614482991,61.64116874084626,11.815729033502105,5.271511501243532,51.05170561582496,3.7374065052346706,2.814710261825145,15.548312903028375,11.283351885000735,4.486580410897897,41.49180463235173,27.249492249507437,4.036712013855323,19.513863147689722,10.024574802325766,6.966346339683975,,5.702574421327262,8.417906693682319,,31.063863748294334,77.38442676153515,26.02738143111229,70.94440986957436,177579095.05879956,46.67009687286864,42.897912172858014,14.870453839217145,33.91199869102933,113980841.53071597,26.69638417676835,27.694041176309575,52.17292560408741,4.025106167733825,3.856825640583285,6.91841559292972,9.917996036700828,59.178237889476115,17.301968789792458,21.409742121288968,32.561716910323625,54090246.787710026,,36.27184106216481,4.028650202979439,22.251145713777845,21.346070463819412,14.638580856920768,12.96858382661541,6.120754473034322,,24.69456521016881,18.246296751402035,51.76633486803946,3.7628565910592813
LUN419,36.91191524287794,39.779568841699046,,28.32490863084295,43.02354862816582,24.963028121964484,22.663760912976645,,1914827988.036375,,32.503742873749296,4.258181860092396,23.855491278400667,18.47834887521393,,26.801545258852965,16.402321852330513,14.053889118636496,54.81896522014932,13.561291586487467,6.762523291775487,49.468238843785706,3.8066525614948796,3.1081169021502486,16.872307146712927,13.915342196187455,4.556026244380108,45.11753006416544,30.597861060413077,4.202066873315829,21.261666280016883,12.025242759277337,7.7818882707026535,,5.424153434842665,8.351566237977025,,32.534081780839884,80.9418723004627,28.15712869871626,68.25557814345618,141743173.58794343,45.85983769032309,41.85659882354752,15.982937264059284,33.21514561547067,149779420.27492324,33.57289490814719,28.42185360226663,52.56717832110269,4.646581396444846,5.629996512030982,6.567286435234913,11.245424498307452,64.25704162053712,17.95309879457973,23.300709487696146,33.09491318028551,112141965.44306819,,33.54282718062486,4.471370418880158,26.305433415552233,27.223778634047612,15.005928302991038,12.52801684655398,8.25737660518007,,26.520893217057072,19.37760855414144,53.85745978122959,3.084701017028721
LUN420,28.665607790341618,37.43038414961744,515483327.6728021,23.89274675693598,48.8894603839386,19.474207130337057,25.996045745513534,,2326982383.7224655,569353184.3773116,21.14522781040122,6.152401363397106,16.884953903780062,15.858019361028713,,25.848027886576176,23.718451310541273,11.49677523964983,69.18613439583261,11.12245328609416,2.5065625399514295,53.223251181993774,4.843993532220553,6.2778093584010355,12.304603646323086,7.626287331548656,6.470255150199156,32.3609606081189,22.48537428865498,3.181226130695979,17.52234815982045,7.120677949115859,7.065838950227759,,8.876611915633024,10.418481567513622,,25.458100324186976,73.40439406170123,25.689286231945804,74.46534709681026,63599201.98095506,47.370107986373135,41.52575025403764,13.413505064937558,28.383390627399915,87869701.10553728,19.92573702534117,27.6991486813165,51.540894822687186,7.139639273153759,4.259661332711943,12.884252464815885,8.740582347035803,74.3151090889675,16.13920666279414,18.52586570145598,28.362266914737777,36451303.340697385,,37.204354291102305,8.12398808696611,22.93416246249368,15.922451363453115,17.328137261138693,16.031478164083882,3.177099849203893,,21.129392719876947,18.277959362076025,54.204189452490816,5.641613945338603
LUN421,17.967671801072814,18.73043817016725,970384918.0408851,12.270085221190767,48.02336393825309,10.670302247544514,30.216357788353516,,2562383386.8766613,,9.526609141552246,13.868708367302181,8.434579252885362,10.172723744656652,,19.272747222014136,34.97316012053075,6.5512796080326545,64.14460823788386,3.7799091440070876,10.745184581450022,50.70432252873582,14.041890696723975,15.572840848249495,9.070535308695204,10.774984511833432,13.139639546148722,36.520129893295405,13.778933689010982,4.199033518312427,10.048206833622546,5.843047818287859,14.033873763039338,,16.189232572966752,12.83500267991097,,15.591500864527085,47.976010130399665,25.90006891908459,57.32319944271097,55419265.45585935,47.93283586504078,41.09804000584697,6.996737990108523,19.930731769854795,85791157.54289353,17.395543957048808,14.0749629452785,42.94404759483791,16.41232729577066,13.319023764578816,19.29537802854148,3.9822760814582585,61.06028554856738,11.809364748092225,8.96902317584714,26.314397016714175,160129669.50089353,,46.69510512246466,18.904541877502865,8.690442018870776,6.2178982932022295,8.01041982463041,19.30036439258378,11.031207539697142,,12.231043401212224,8.134938060811963,26.933564611236477,13.51822581246986
LUN422,29.963612710077722,35.18303782406882,,23.911865826154667,44.13055636071622,20.017415961192185,24.089533811635317,,2268863294.404395,342189706.131763,23.899160602347646,4.381523246907737,19.690226872430145,15.739926503340502,,23.31113275097408,19.05617881158333,11.61012659308522,59.67404774578043,11.345333466641703,3.6136140171280595,49.66339106645906,3.261481426121286,4.033657321201972,13.15186957489155,10.197409484182119,4.637536704848603,32.2528044759127,23.942525014146327,3.132074001208548,18.818692575876035,8.330747748122889,6.330794519477829,,6.662476980538713,9.227659150001154,,26.637738519692054,71.34266843200587,24.443477260008358,68.66804944173902,111879738.74896173,43.83976629895151,38.92556704032584,13.343087400867418,30.281210794025142,101162747.74425378,27.38473316253812,24.927503551811533,48.325594618675176,5.182211312835858,4.001685813422894,8.367297468940347,9.296335939134806,69.46340094717605,17.36862941613828,19.36590414088787,30.279413087696202,19251603.158630375,,35.68128374187579,5.533150424165811,22.901185671541807,16.180762603401664,16.149195378875117,14.347006016911415,5.501879208581327,,22.365478241622593,18.05334892350978,52.51633522783166,4.523196823828764
LUN423,27.288102130035732,33.21649770635459,850856519.6666405,22.335868306663873,47.164022824636895,18.14165699770856,26.491439490010723,,2576231864.9006386,439760106.8015977,22.473072654272308,6.681836131683319,15.606009518941182,15.290993797159432,,23.79970398840916,25.283099847730675,10.807893485864371,66.47194182703744,9.801991950512251,3.657935889215568,52.04089587556958,5.604220386732556,6.919981983111615,12.03221455237552,7.900336889808277,6.137030825525971,36.97931413790437,22.456870531972463,2.5864869728607545,16.268239497615948,6.432585337976123,7.102613064991636,,9.084501714394968,9.496348400228731,,23.497141560367954,73.76559670359873,25.90521801312242,66.51066201880322,17589939.17212927,48.309020102347176,42.122439032407804,12.452762552177406,28.952753717911904,93099121.68708242,19.050152539532117,24.708530722393544,50.658125362261266,7.43917326153075,5.256859082909128,12.158963784832968,7.7054832378288705,74.70294452685424,16.39611533285489,17.143180386174844,27.56803806621376,42773667.11697158,,38.724128979180364,8.511656945796716,19.116009205778308,14.333170994913722,15.2678353404417,15.498213553493018,4.531290305789962,,20.464850892734034,15.831210277246129,46.314866191072156,6.13248055056819
LUN424,29.7629136388231,35.74830651736468,,23.925069213574027,50.500934406550115,20.110316600239965,26.118891103795992,,2490498790.806747,571927075.6209539,20.44999376364779,8.429795288880893,19.75033223617562,17.35634241945689,,24.154840352519248,23.705731643167713,12.715324774362236,70.95175403195559,12.446383596046708,4.7510129447401175,55.51759041523809,7.370897220575577,7.976781679099639,12.129082613117443,7.746515809314899,8.180198532912895,34.27883166297213,21.964429862301166,6.303063790053971,20.133022312440332,9.591212392864065,5.743468213181027,,9.887163744588557,12.094649260172195,,26.990269925457387,73.33522493061966,24.635158011602716,84.69699696315098,248155469.6574901,45.23575968366653,40.9340750460981,14.167628361944432,33.95084760641607,170455089.11942858,29.458400436166528,27.33944338591883,48.67965590563813,8.710251724378812,3.0744471014722894,11.967449499328188,11.021556880751735,61.58842901483762,20.454296728067064,19.25414239686245,27.496990165666464,8892554.046675297,,41.10351230348217,10.989046188052706,28.47600575478552,18.16431605809073,17.164420072842407,17.481525233398415,3.3504099969705874,,22.92892477134804,21.886952512061644,51.826507536352416,8.012185993962417
LUN425,36.17789112322242,48.0836597049624,,32.26929601997462,47.76624532490954,28.55579874514915,28.383138803487267,,2628537446.266967,,39.32426058351611,7.269517419133284,25.4614019742039,22.01026517613003,,27.850800596873274,20.73436420177949,16.7014703144368,66.00396406815712,18.078962718761396,5.71284054183454,54.94185523825991,4.050510916036755,7.378257131464584,15.504477275368984,11.362146283679479,7.307846361924026,44.69187038822106,33.00196441377378,4.408474495469626,25.260759901115115,13.563916893808337,6.176351840982112,,9.646564481493964,12.177208957975534,,30.203544849538314,100.75479383577886,29.996363626934883,75.09389016128148,2402516.7974882806,52.37589052533183,43.915212635933955,18.86974523907146,38.96537033690383,35353295.4144182,30.27785037149413,34.07090034266104,56.857252187986155,9.749266327388149,6.801143206274908,10.926363064814892,13.043322419433245,90.50326955456273,22.98928166213385,24.801837847306164,24.90694040430765,49727352.017895974,,36.653293955513846,11.238332796044794,28.570757144017403,21.672102143259828,24.357086391716038,17.603066179540882,6.825159461031584,,29.33103983620779,24.09615996215995,55.48813063582323,6.780164111524656
LUN426,29.848821669711324,34.92637805102438,303503766.7733771,23.467413469131653,46.6729620642171,19.85916449882358,24.00781975473333,,2035955261.5771892,361054385.29795045,24.44672279620744,5.517586645549539,16.056725141523543,15.263919177955108,,21.955797495817738,22.20274129405821,9.994014440715679,57.97454826928487,9.975527964142628,4.938702026277128,52.39088156518471,4.896179842694847,5.246910629483537,13.162759770305385,10.47769923588638,5.198846158769348,43.288116035599195,24.604501968642776,3.2663531094266505,17.75957598986105,10.525141919840014,6.8720155374265355,,7.284636185052235,8.094294120468374,,26.801034366666883,71.55993859186317,25.639162681157572,70.27955919048327,163793621.353097,46.19353350057675,41.72685308856731,13.079313197252661,26.662863593761198,114333117.71159145,21.61920450954475,25.049243107379237,49.400952413624324,5.983384906410559,5.041640063403709,7.8296670080364,9.002808942854093,62.746829736267884,14.510149913815544,18.496786803980456,24.35859564566622,10499642.759709634,,35.086281844709504,6.471368558552046,23.974268416688442,19.817148479952735,9.970169292369848,13.553357637549452,6.3336733774974645,,20.416766510528237,16.846006824972605,39.8586711551946,5.616887206536732
LUN427,26.62627378933758,34.84914449441716,814404381.4380367,22.739857983214865,47.59832116929375,18.805245249412398,27.50897215894598,,2617614696.6592064,522941674.23162365,23.312787507821458,7.015652943207884,15.660213047122106,15.833334264280689,,23.157795646029054,25.327886984776356,10.853828018766423,66.38585349473911,10.506415767638462,3.2353097932351553,52.82374766471353,5.524593030207729,7.347234752461661,11.402546533328666,7.352869519230242,6.453029976457424,35.981228166856184,22.562732715665735,2.264093018302246,17.156516424808647,7.245340010917231,6.877157838871266,,9.490193123335027,10.146448632650023,,22.598614025695973,75.1792241178813,25.74359759854543,68.0942138864179,60331.67744244348,48.5760850307335,41.62986749429154,12.75714471812574,28.43395422677388,49331672.873505,19.665027865992688,25.551443117248617,50.63659066731014,7.779983542384764,5.1902435761219525,12.519834702264708,8.08975635883017,80.10853238078359,16.791930643255093,17.136381219118427,24.75102049117023,59975282.08571263,,38.8157962358104,8.780169773830568,19.94952001301044,12.752508564502625,16.658611301740375,16.435034498965248,3.943477534706979,,20.33891794838279,16.593898844199504,45.29195266382669,6.63770909804413
LUN428,30.141812693247875,37.60685837653243,717207012.372002,24.943993222118362,50.960323526427544,20.924994704018122,27.722986084568436,,2550744425.127137,594947085.7819958,21.5541874393413,8.16321765395764,17.878015847887436,17.9447749965903,,28.120810001449385,26.736831199795965,13.312694540294567,77.19774597907154,12.890224864263928,3.9269186212400875,54.666161034894955,6.8103714002023175,8.116901224270235,13.143399166431687,7.073067275619706,7.9308223894603165,32.84796702145664,23.111830502298325,5.421444264785996,18.316064994859623,8.256103773555417,7.307686433791674,,10.618526549037318,12.155611845401403,,25.479998024121148,80.60314992720639,26.981878857538685,75.58876264614454,14002955.079579666,49.67357462520568,43.05559281503959,14.851514292598715,32.83383049730778,139252260.88180467,21.887538886908366,28.878354686784782,53.57531126531841,9.192996001622348,4.273037761378519,16.04507822656391,9.902061840644814,78.88292309718769,19.058541510839373,19.229916268492218,30.954130971750537,42134414.074947886,,40.383688787327515,10.617395139595581,23.866399051881764,17.373673640090473,21.509764484088038,17.756976908753398,3.2623200602026214,,23.25049944964394,19.767490516724607,59.114983431576896,6.960876910177835
LUN429,32.20134012393321,42.30833841409192,,26.80312522273832,49.417440655268,22.448554090295517,24.732844355975555,,1974293155.8040457,644892094.002927,24.079879297134486,5.2179815281014985,20.201665724882414,17.24991434531662,,26.601905930584756,20.74026248727818,12.554456563686067,66.58586442691372,13.080140452636881,3.1331107195734793,54.16526701798384,3.755141905034159,4.84376714918005,13.349440697765363,9.475260804584478,6.310872576661989,33.61444979514958,25.352330310217138,3.881174535641251,20.19646825582289,10.890254269539613,6.736117297208483,,8.030436841041952,10.62526134847355,,29.54442228739407,76.7936759511073,26.523727256686985,81.83177490826664,155200606.80483487,46.45934278325819,41.323000336525105,15.043426338227121,29.35663026016276,107429717.18466201,25.246749877028176,30.71383647975382,52.298205399048754,6.254094288667923,4.221118472328326,10.714839640285792,10.531439218943248,69.9329911525683,16.751092456655552,21.207017997396637,28.109159056941472,17842203.13893858,,34.115827809432254,6.506011654689149,28.67316747904813,20.088699507332574,17.511064272324486,15.489572513481058,4.308962662588894,,23.330792659850417,21.335515949324304,57.98183854934449,4.8509823386924555
LUN430,27.973785698459977,40.30834586196757,,25.306416190369156,47.82176149312824,22.153547660650357,28.12160027629806,,2489850913.3829165,665957906.4027255,25.787621456046338,6.961412224959045,18.65376642321004,17.518587781874334,,24.152969252264775,22.554152171439373,12.464981274381657,65.770617444228,13.378146887308683,3.4601642227433453,53.18882128470273,4.746609913096426,7.017210891585497,11.892958724155433,7.8731590914449905,6.929892911358953,31.24604643189614,24.132414126819068,4.046313494050587,20.112063351815006,9.91775743448361,6.754844355850265,,9.433058852747685,11.82412991049602,,23.820378004226466,78.22308566963599,25.323223836771483,74.07345445309772,238293.03544897013,47.440881408586,39.72015199913045,14.64411529779478,29.344232899834196,7937918.984346405,21.4621893159812,28.733934088090127,50.90430283764119,7.998875423630417,4.84330988682348,12.559004078195592,10.199695412277315,87.93290659589601,18.18489772127126,19.203566181133027,23.935205194019737,52304556.15357003,,37.255672493861965,8.614638784061627,24.476192599285724,14.14040971792843,21.810692000055656,17.7178565211108,4.112180349697303,,21.979544559715322,20.036004676311812,52.429212168936886,6.867512664670209
LUN431,35.608630590929614,41.38466977122523,,28.509050702110635,49.07892804493131,24.360973703802948,25.30124587540622,,2347798686.8999557,392853462.07665306,27.376027087977704,5.745169330720156,23.044652407864454,19.413735307351264,,26.208170605676237,21.09335663722937,14.182070125231366,68.04558953636405,14.681297433399887,3.385397271678381,54.78677573807523,4.058808388993992,4.936336365212599,14.170297672309013,9.928796447993438,5.989441151393656,40.217563808693676,28.05567527625232,4.151606235176463,22.498716143351736,10.773962334919911,4.221082594059988,,7.587271517470929,10.673989725719345,,31.001982472725327,87.59446633498263,27.793281809843084,80.48001274920685,192957170.71932027,48.02271250371365,43.094087686123224,16.24846962333289,37.411454549242166,192418745.1141039,33.013579400570706,30.702421242725936,53.16544232113513,6.251250141376559,2.89143840040091,7.971248954862401,11.71356806950512,66.5322769703192,21.132101771322613,22.8284697315241,29.274610545416422,69344459.8106868,,37.750122811587936,7.395918334627493,30.167967271505667,22.83793239966427,18.343968673232173,15.811796753421365,4.389638974632308,,27.40535607874049,22.963551543665105,55.89207586648744,5.025282563901486
LUN433,35.221968921402855,38.38657598191351,,26.130221721285995,43.994251438811524,22.52505862983423,20.493103696300995,,1807261103.673089,,24.239438721856747,2.8809450788866156,24.623504260320516,15.83362091987446,,26.56683718283931,14.956653697467905,12.720691469276664,57.04277687703855,11.503577635924234,6.512184576175503,49.33570546747624,3.3411048411034048,2.8947508527906036,16.12921205944969,13.586010958014008,4.010825796177645,34.613516672378715,26.220959687294098,3.5185410728716624,19.551989126497443,12.586608955277518,8.979515449530957,,6.123341206254409,7.867305950417187,,34.00756574091267,67.64773360472266,25.765290317815595,74.51673429736536,285221311.03904444,42.05310678426455,40.2445628310093,14.675924159684378,30.180143170268295,151777756.75041628,35.63547382943198,27.55254253040154,49.946760427428764,4.442926597407328,5.896424291106666,7.609574727245614,10.416040788346033,49.43101250416122,15.023131846626988,22.36503884383961,36.28010991316115,91451559.18751886,,32.00068271099764,4.757541601912335,25.369781346038355,23.4789554229218,12.55598042705929,11.400835399164208,7.9642887465961545,,24.044617990146286,19.131883030922378,58.28902212342549,4.093264412199619
LUN435,32.147502075077696,36.91930776346345,,25.32228935871384,49.026536431792884,21.723682118180598,25.110406639589097,,2234256471.0472713,507565239.9056125,23.96135131577294,5.655618545027923,18.07533738260882,17.578960773991476,,24.563145485633516,24.10438864998804,11.988167705266354,66.99797599580842,12.18959250263682,2.7740506058302614,54.06543047639794,4.330898868951802,5.132461905004078,12.955618276113375,8.651527770157344,5.38408633697416,41.41113149258042,25.515119901471667,3.5829515271626167,19.138874779711823,8.606657963848388,5.071904205791142,,7.658979060523471,9.385312775023763,,27.70655681005344,81.95816290694535,27.208716813347795,74.53008713009024,128874332.45541868,48.20196233442244,43.035802657792324,14.401427719666225,32.82786323164611,200906116.35418296,24.150377508307276,27.847066301126635,52.17243900229801,6.17413295484112,2.9530312188536856,9.362578337787577,9.912977505257041,67.52933212559412,18.579483634297915,20.121559764701757,28.020747967375684,31040344.13646236,,37.547435315817395,6.788077370043258,27.023990076963187,21.90541583602584,15.42555013606414,15.00865810757115,3.877963613661397,,24.059156691985454,19.69756829984542,49.94719295133919,5.010676075265745
LUN436,30.129416145797943,37.95624919391122,,24.932807822687572,50.5339744265123,22.090080174285717,27.204493303830507,,2222835309.1255074,633816003.0756861,22.677798022235827,7.369350509447835,17.464204887584994,18.351441791778523,,24.14422962283593,25.453611268960092,12.124999844864549,69.69747748497936,13.257641456461085,2.913480384639925,55.207374068267036,5.849742486439319,7.389970451964285,11.405068936315276,7.0771975581814806,7.359181781739753,35.115641904810715,24.08715494108767,4.88010759306083,19.971166257257487,9.32136019819536,5.836886133895793,,9.587385065491848,11.644188647963832,,25.20461135911342,81.24285260272961,26.425469754733093,79.27699268037063,96274859.75542106,47.58129746302332,41.21428913570624,14.691332637581016,31.71482474039519,164020159.36715254,24.286461578031407,28.18729215440414,51.089414066096545,8.37364002502958,2.3955403096042205,12.96017262333708,10.63073435229963,76.19107425524386,20.091492680652134,19.34853601037047,25.622618386178797,7152885.938440489,,38.566574284441565,9.615120886297671,29.410865860744252,18.832710888679692,19.60556195769549,17.42624639092415,1.7731159056884749,,23.419418877873568,21.12473529445963,52.77633680776522,6.766085757496608
LUN437,30.91619840192263,39.502634786149954,,26.49684269834242,50.700430171733785,22.9376190685858,27.979966421771703,,2725062841.6209745,709491762.3417984,24.16087169625216,7.512669760209951,20.16199566285118,18.941557057294673,,26.393008779269728,24.537816970145684,13.850746098510106,74.68956335751474,14.096517887043147,2.3349417230444693,55.625610562436044,5.4727982092957275,7.338789069944999,12.769597043274812,7.005943955754431,7.3057110223669826,34.73464316630186,24.817963066851696,4.745888386279691,20.789562084502876,8.50032868330658,5.3689226706561755,,9.805124709272226,12.209397773283154,,26.599659875472632,85.28079570432322,26.500014683454516,79.4618926899145,77301404.32332195,49.20080842216845,42.498929140784355,15.513354005331866,35.84186930162867,126660781.42188054,23.918070931172196,30.042439174842634,52.88922632874803,8.31837161766589,2.2267519531840736,13.1716914906641,10.910759350251272,78.24247497482554,21.161479674991448,20.44561689865264,27.61439584826135,17549370.131403524,,40.516825787496764,9.99240332651736,26.67820312287709,17.003875624362294,21.722076777079973,18.044254466514445,1.5754643446617265,,25.035088429993646,21.85549598977955,56.33124432706234,6.758896637612169
LUN438,29.029485594333256,39.8707925910113,,25.28090137325129,49.725300433890865,21.98048582905348,27.50992881991388,,2358272679.1515636,683692692.8212985,23.369087811872788,7.202077531847659,18.532072253517345,17.783500032562962,,24.37292241609507,23.327640555399952,12.349240697298232,68.20109565721098,13.294789110955808,3.1322134688702543,54.8116093898685,5.33780171305977,7.120857750525518,11.681290101443999,7.414900496874718,7.356101718773883,32.65321906696791,23.742186532297545,4.573563694567258,20.354667798716395,9.781973131013336,6.37967675817603,,9.4793569146325,11.944876236886255,,25.18456299973387,78.08705489872645,25.38747385417266,80.27852557078538,92270384.69922693,46.98006240874306,40.32479309976723,14.690869266195307,30.3775029740489,68480577.0156661,23.230375898320023,29.12339608726449,50.75204805848201,8.140790986368945,3.6229090805007176,12.40499522212588,10.620467756111568,79.11838061364222,18.82120671475184,19.444666186632745,24.235891870332644,31355200.619901624,,37.94858525104017,9.108614131899447,27.665535899518854,16.0202213376473,20.10389683569678,17.712245855690075,2.966004180488798,,22.530489579181843,21.143222627412992,53.032168285213906,6.9203747027804985
LUN439,32.506313148868614,43.58779824877542,,28.11475520882539,53.888110289330655,23.652695991418717,27.836744554234198,,2591679875.103408,847654500.0917101,23.631040018013522,8.152166202897282,21.233911564980332,19.409377243383897,,28.971772151846924,24.791610835305246,14.738227227179113,79.20369991398418,14.798685291325699,3.2332176662947663,58.55586017705102,6.140595613104712,7.7882698915303115,13.411521250168798,7.270226586639747,8.34320501515633,36.59778985187312,25.312008317786102,5.570908174860056,21.549163666934774,9.994683603574677,6.675215144029389,,10.453098907297804,12.793232793523803,,29.414999205160765,86.27147304942727,27.271512682384515,89.43113877003746,162097310.0049453,50.46681595635574,44.39117992402114,16.56808058425678,35.83039064809852,126310341.00379021,25.191480574207382,34.21818801045445,55.147873365773066,8.730359095514393,2.9643048520857187,13.630520574487244,11.821659447553904,72.450786677861,20.17124769064194,21.778266915622204,26.971027902730132,15613543.77884212,,40.11691971285837,10.434994327117002,29.41769651061504,19.732751175140795,20.690964419250925,18.448156420459597,2.0931710195075266,,25.470502328483942,23.988093775290086,58.97275236567854,7.549182719355436
LUN440,28.77423796740059,36.3033595491665,,23.82801669028722,46.02378000788249,20.94846135870012,25.91952534462545,,2109248865.9903767,484799705.03207606,23.8521196304742,5.552801147467479,17.06995307714309,16.621981079950977,,22.99990683623346,22.40110292114626,11.149884741211928,61.58058017516593,11.94918715391402,3.1831861168092668,50.990186806837684,4.12330708988374,5.854943784812738,11.870507948770822,8.925823330617947,5.67337686080332,32.47744571771929,23.970060159447183,3.4595497552716883,18.705744167575197,8.63510592720074,6.311908890966172,,8.18233874695701,10.179470892319875,,24.05991363803488,75.45350082171248,25.608726679755208,68.83227189593207,19297624.019068934,45.64355086213081,39.10136884271495,13.478330277275669,28.445085459514285,98406358.40860198,22.461494862395096,25.325152430994113,49.34345035090043,6.985357837650916,4.102121859555481,11.185526841798193,9.38220425066955,80.70398187539699,17.68807331363013,18.6972371554045,27.159477787579075,6992849.137658573,,35.61805701047133,7.429271108446173,24.932617518634405,16.52674377821383,19.110735891084992,15.677616469702087,4.481461078762874,,21.846509704315153,18.49540316550851,51.83205428775473,5.659743412718899
LUN441,34.85038304776721,32.44117510230037,,23.9347796317563,36.95811290768108,24.52860195081635,20.97918908904726,,1357796629.678898,,26.73188608771257,5.16511463381236,23.565403799359483,15.553641404916954,,26.639726823526715,12.591933974650384,12.484190604052676,45.417293636304706,11.420020402324528,10.150304537109772,41.81609341390958,5.556814494080658,6.665387242892003,18.102159232557742,17.483268786591157,3.9863738899917394,33.76739465648045,26.728662642065203,4.528482631600023,17.44063957842193,11.482609980997253,13.310232157655074,,7.637469449138364,6.7203525444575005,,33.61731520745287,59.536978066567634,25.38467508958799,57.32279654269922,140353829.33426407,38.432807280563,36.854287658892304,14.361582612593944,27.1549810296339,166286911.89176416,40.12323217183249,25.86235662563209,47.623946478240434,7.3522961196888525,8.852426896759086,10.43303773803974,10.760670156768526,55.03639526072845,14.651204320065084,22.10746118228968,44.40898849674417,126662052.24183376,,30.33778731074855,8.204969384519414,21.030743147364188,26.087646167672563,12.926424534865836,9.947447186574108,11.859444198140082,,23.27897852962912,15.374368076656877,60.82628794159038,6.571924450309077
LUN81,26.948702597922438,33.60369484834887,,22.05958395071538,46.80168469459431,18.978503220617583,26.32432098668622,,2292211658.613999,455022334.4986013,20.6089135648353,6.68053209083165,15.821939391836803,15.829138611619165,,22.595314130851687,24.106118350134278,10.479258825009314,64.51602221602559,10.77798162474978,3.3996429027601,51.420161302419075,5.575151475047165,7.046099471798346,11.20339132701227,7.785421287433981,6.3988499459784265,30.765694179987932,21.64489531906421,3.7578361059447456,17.431226069567728,7.014540000139446,6.780067017319097,,9.091755844938248,10.476418344041072,,22.660892395494834,71.33680160744875,24.749634828268732,69.3070310629119,33718831.25319774,45.321773816816766,39.124916218892146,12.594481358527645,28.04618691712057,107470027.73694757,19.978691529256405,24.099437406171553,48.402872671692506,8.00245411854221,4.248907249516838,12.829237425130394,8.72325917712915,77.56666648517778,17.55117111084322,17.26127055709924,27.526634074067314,34791298.708668254,,37.88335555686731,8.840993695633154,23.218312073180176,14.567007739281223,18.012586723195152,16.27253498974196,3.930338178462407,,20.57296000849785,17.445330667030817,50.61664858827783,6.4658081311377265
LUN82,32.17358313075885,41.0119096962065,,27.81267805499515,52.28886782826348,26.04300889090231,30.008682018764354,,2615068359.087925,786098304.5958567,25.92681023064617,9.037162520596944,20.737386706223862,21.53880290319413,,27.342191916271286,27.694540846027902,14.941032606660036,78.67038148077745,16.460284392419215,4.180877667078335,56.56766388747327,6.977656156997013,9.300229834047714,13.00196045891638,7.379876564062675,8.327247287173337,34.24517798036409,26.75248197839353,6.408396716908784,22.074141057665297,10.91581437537239,7.225630487201172,,11.623053626013915,13.921613427807733,,25.47098751203542,95.43519316278451,28.51799242618026,78.83365881021712,33880690.91515471,51.272415951229604,42.80383157814316,17.33394240648931,37.59299455014549,170497224.777342,24.831661819146113,31.203570566483688,54.80656912558098,10.459606198167513,3.315292308888344,16.855062854736993,12.338634954952576,90.86664229371637,24.10536041064059,21.24695623485178,28.256799649592757,14965896.241587441,,41.30193946058082,12.784403440460903,29.987122496874733,19.755928507127603,27.658709082722872,19.678883460941176,3.0499139053917212,,27.115342103481453,23.265517456024522,61.19535892343919,7.946859496150021
LUN83,37.9008512687156,41.67274175989878,,29.634803691378142,47.311100407876005,26.07340943896788,25.14812642981188,,2206209135.4609184,,30.125202168172684,5.779091275914421,24.609563180959146,20.504423785131998,,27.066350603334424,20.17898084923308,15.034711103710038,65.5785972388349,15.575467770614118,4.856786353842281,53.10946138722855,4.397852437426655,4.957550456936327,15.36890827221483,11.54087341599032,6.022189319924952,41.87384349508023,30.19645662845501,4.41446509590574,23.3342472113062,11.163615238993685,4.96976253414976,,7.223915900578653,10.732850829934753,,32.14343691400433,91.17351093458878,29.11727612659542,76.23891089628452,154907589.78978962,48.12115194447804,42.99996419700614,16.879074463213996,38.95787261287361,223847827.78100696,37.25376383836725,30.88257607703484,53.88993910841886,6.317080780477656,4.299428292444746,7.200379554622834,12.202439105087254,68.69375671089651,22.24635469983282,24.039310768607297,32.25308563883744,109047707.63173464,,37.209196651255624,7.529471923881765,30.86261661917928,25.991862216479642,19.639974649823763,15.441078569633149,5.971697891112272,,29.269819971096403,22.984870783065013,58.947796544699514,4.9296559194425
LUN84,31.996658957175825,36.5816706320691,,25.46669024798009,52.32213870363816,22.08755174009464,27.30905451958966,,2583483661.9873447,614629081.5813178,23.09926034590221,8.907605182405861,19.643932882319913,19.147944469878652,,23.53519903661693,26.632115885589194,13.088356446556505,73.18826560421998,13.824328313908326,4.7633445470059534,57.766915957914485,7.560669135431439,8.341171807658892,12.162766083373224,7.71287376440814,7.562261771512835,42.7275761406084,24.569297249119494,5.98108474729708,21.115935876642354,10.209644209802578,4.8376163382613555,,10.042825491432652,11.572219549047363,,28.151522477271726,85.45725483444755,26.670493202708936,83.64783015010174,226904394.7684462,48.857042715272556,43.894836812607046,15.356367422260515,37.48415299967384,235103569.75638333,28.84508525617772,29.017975831700554,51.45657713209967,8.957775918961401,3.0364919460663655,11.408443330671249,11.72856276886207,63.976195685244775,22.56266733746693,20.252189903522066,25.014345620230966,15636413.588282432,,42.74329143783718,10.80480074962218,30.311602363751632,20.669158045462908,17.026282605697297,17.774512823597323,3.6554620077759408,,25.255575322687957,22.721277882777358,46.3988036984877,7.733344456986727
LUN85,30.770522141539335,32.70131885066849,,21.918600560537588,41.189680181180016,21.15880789902988,20.00801149336364,,1593871019.3722734,176018367.6342426,20.531946167821538,2.3779260254653067,19.827541856233456,12.20424130300002,,26.2786230671986,14.555237989332515,9.807377414526742,52.195275619089244,8.59661697376348,8.106740516511978,45.009163720130225,3.552296147707315,5.457595980219297,16.005017415575853,14.611844077657794,2.5044320325823994,29.64065014704233,22.705460122829038,1.8403533715757805,14.50623327930063,8.329550656473323,12.07648763796234,,7.687484257110998,5.59058064440704,,31.503367046431094,54.28174786494135,24.204948880283784,62.535116185945085,166228215.9985064,39.894384067866284,38.24402113253227,12.592932726263628,22.463977551653443,129730852.06400645,24.22868852149535,24.170200144813204,47.8530994265836,7.0188589621217385,8.15394032446994,11.305650137600034,8.450177558708859,52.203898099671804,10.602573823880144,19.627250690883628,39.91916945522542,51987044.22556205,,29.218063343571817,9.027193608766582,18.939925868956326,21.259405947446144,9.614969977465655,9.446327697076928,9.765049585792571,,19.30576488538596,14.138476774807003,57.88618779110539,5.111718213629453
LUN86,33.27794781958426,39.95843357515449,,28.451438949337742,46.36942237690786,24.86417321505425,27.75789241259936,,2958200955.2927256,,31.63838877002954,7.4060212934553515,25.428147376344743,20.41249186466582,,25.081643198496693,21.386135207132412,15.680334920532806,67.60142017222249,15.730075527174217,4.944657633604686,53.47664270181095,4.946064469152831,6.439555010752828,14.461458983502359,9.998912786867987,6.060569259432055,39.165978985232556,28.474826563590863,5.299748507740324,23.34539900202274,11.593898946303606,4.934447679036567,,8.506835578374586,11.724955866251182,,28.630264654642612,91.00831834083316,26.73082482986746,72.86683164195463,72983543.05844855,48.908625485157536,42.08801914108965,16.730059447860782,40.281328478907476,98502737.06381004,31.523109796603293,29.76455202692006,52.43063206846579,7.73211094318566,4.1625675416687,9.49844716225425,12.138063712184747,79.8223675662299,23.973360513101344,22.332071884372958,27.64955784367874,33882202.04363064,,40.62392357279204,9.439316333194677,25.875154890101474,16.791193200524006,22.382641547513597,17.416946041516063,5.683648873128452,,27.79356147251232,22.151010198317035,53.19150380889236,6.774435677895706
LUN87,35.662371986126715,45.59812088709525,,31.204446253536343,49.96917396648907,28.496811752744513,29.366426635552557,,2683092770.9714217,537602211.989689,34.31633892599264,7.5906567997556875,24.067646901186222,22.49988173880783,,28.736620746538065,24.17544714430885,16.58243974665675,73.96826915811351,17.926504646662444,4.502242924287479,55.56858551491656,4.4600387856466615,7.929539531333603,14.813577888994287,9.760907533184994,7.055418741401674,41.17982213864513,31.386308749664842,4.801374047991129,23.95232819697602,12.252445700056581,6.910423461615662,,10.499130068999678,12.897616937683798,,28.596535769705778,104.18661315632588,30.684444870629317,74.6578431215967,68739578.28654754,53.58943656585704,44.58903599773947,18.572185919948694,40.093645560898,129572946.96181192,27.19651168565004,33.70617486749293,57.90298078842723,9.942596496625036,5.472986715550992,13.112524070291299,12.667975813530546,94.1908049874554,24.09659592207495,24.008375456461426,28.309133916087628,36651352.62187303,,38.44133360291383,12.258326312741257,29.165073914205188,22.23591508596211,27.648629801298434,18.19158310095664,5.176552135124176,,29.791822841328745,23.77369329196861,61.09628211344828,7.171633137953791
LUN88,14.35099527526621,15.106863654047785,,8.012250524076233,56.47177216301716,11.20552340452592,44.06715176171616,,2389744237.3280373,,2.2382491574748573,23.54100912460604,16.43158959199233,13.616549062084628,,17.919999691658976,52.898245275526186,8.506520687657044,71.50502696878819,8.71203754460653,18.17323162257873,57.80821475073502,23.703924964912535,26.653936856089494,4.200696657825938,15.87626452892386,22.826329328850324,48.530045854289156,12.803472126891553,4.565885747222304,12.386045942287,9.930111180025392,22.274362360601728,,26.235126314503027,20.585796156572755,,11.13957720462672,46.05965177437347,34.167635845107775,56.77302096194842,16720363.674330272,58.071435287708965,46.5577687909165,2.144859392344699,12.278227476171946,16149203.619302949,47.23794803417787,11.441332522643181,42.800915335106374,26.070718978374174,21.636565904061637,29.032768414645762,3.0186261374858048,65.38659381965878,12.316678703396287,3.8888661518745646,21.552920913996736,327440142.40323657,,58.50317668487179,30.196670594258705,8.902925336592055,9.526021016275259,11.209574932228152,28.62703596722358,16.946110770339313,,13.18611861500044,5.894181589861778,13.802048562498863,24.496729444035736
LUN90,17.401159599816342,24.311452012266333,822439005.0285031,14.020777698365691,48.59177774902531,11.523054363477625,33.473945606609625,,2382049850.4388494,,13.450821650789262,13.754231463743933,9.917488022824948,13.545045924166823,,17.595811501490314,36.48722235641342,6.705756598940537,63.152758839866394,5.019513370305901,10.173994211596474,52.30319110661602,13.289984904146456,15.73970603951003,7.662655174096024,9.622783212848548,12.97280981432453,34.13228734496633,14.650300069932308,3.401962685832751,12.158761302719489,7.969539104031436,13.792239923386543,,16.487131530326103,13.372337709857163,,13.216498136178766,53.234939266596896,27.107481259953445,57.03024929584414,107263236.59234639,49.066149866094,40.72574938997263,7.889312688384709,15.32472189603399,45618388.13797401,28.14852041210771,17.56633619588502,45.582557775675674,15.676063315291678,12.024129484007899,20.277068670330568,4.656325346317625,84.927990383322,12.478178109809305,9.287595055079779,19.63672136840147,201827882.23714855,,44.37856440760197,18.206727054625972,12.790906184771549,6.550526052480452,11.352893032226334,20.452629718877578,9.162481474567178,,12.62725198485801,9.043947275073632,24.92510051051542,15.0432348063683
LUN91,34.48161610056251,41.42265605742514,,28.564311968919714,46.654790761574276,25.445959363036874,26.69744943200655,,2320347965.0517344,,29.50573537918912,6.23356077047632,23.970276022270113,19.972346157189786,,25.562594350465236,20.57388651890223,14.593361449185592,65.38115418028362,15.820668233560054,3.9627059154161945,52.51145828473572,4.320721418414502,5.98762566015011,13.910813337015016,10.419058151191793,6.612539074371572,35.07009116210281,28.443251558239893,4.5908280677317075,23.323139995959064,11.018711025467894,5.090906893664601,,8.170004054712058,11.779224736667098,,28.746894634077407,88.59840646865568,27.407302135681945,75.05059111539862,84867077.49198194,47.160222787392485,40.51252766939476,16.460559736059917,37.37650426230513,138628830.437507,35.29742211672975,29.602385149656275,51.875960978084706,7.155024874879819,4.113455543596682,9.297252327255181,12.01973097689192,79.60877994676534,22.721145337764685,22.697284566976336,29.561993263164858,59949272.969249174,,37.17658330073534,8.73543161915615,29.4387346428507,19.932687500512543,22.883594957019735,16.92846626115127,5.273165822761951,,27.692610196706358,22.94288501724175,59.203302966318766,6.003576482806693
LUN92,37.908066604042936,40.313963934529,,28.093468141753384,45.688109359930415,24.06457440429865,20.76296005568914,,1983329028.4101593,,26.401337567929282,3.993419273237093,27.131125616840823,17.237132505526056,,28.610740312670895,15.423934734473258,14.229051189461739,60.513307752060484,12.292886860751397,6.998926782543006,51.16159353580877,4.37628974255973,3.0287436414939366,17.249549314414843,13.702728689142923,4.441513576871786,41.06838618116869,28.438088678078827,4.45455336527471,20.47059611354437,13.724304891485858,8.737338905643659,,6.012826347496349,7.825597025505468,,36.33014635062665,74.40597675707237,27.380078941662305,77.38761505990927,322791354.7825674,44.517344623088086,43.11705069441941,15.85401055527672,33.73819472098947,190151844.2271262,34.91611613200823,29.820980328865705,52.99993673893654,4.414029176248103,5.528373032626016,6.837100208224572,11.09047750524377,44.59111532791201,15.952330392557528,23.817040984713515,37.45603503786489,116542552.78005783,,33.399728410566745,4.30451632742466,26.564412762740865,27.902032337284513,13.410995029554936,11.309207714248583,7.85998464316227,,26.271212832317158,20.16609340921028,58.74159143435139,4.1754940979757915
LUN93,33.435899846572184,28.68414857765568,,20.921036193876372,39.24522852033589,27.315599780386226,17.272279055317437,,1135639132.654279,126301230.12942436,19.235969360081043,5.515783584922508,23.296911081413224,12.275338988327187,,26.862918665702313,11.553671802330019,10.000606747662355,43.694618473933716,8.85024568106386,12.585925296428016,42.51027349156386,6.228225334432474,8.895160463941362,19.38713830063806,19.210862498107435,1.9649006306564076,35.406630037922476,23.913034199127587,5.012249277663584,13.327107700313526,14.655582419464144,16.92035940915948,,10.401010073182492,3.985785264555252,,36.44920085338264,44.61395005659224,24.152147881815385,59.45278399070395,326062451.1032591,36.51586910637904,38.16290625738264,14.546044245543072,20.10028963574714,192625571.5543155,31.342950165904178,24.64894082033094,46.245391012355924,10.68712313568287,11.343589738945866,14.462934105524711,10.868840217835764,27.79755074348564,8.69372006247085,20.69844458708235,45.49043895488208,101426974.66635662,,27.43072996933198,14.764109820324675,18.748117995354853,28.805948235856263,10.639991176817471,5.754753464641122,14.154721101311933,,18.574466391093207,12.376490308138502,53.65935922667022,7.691354669470542
LUN94,39.60929002122042,36.8193298650424,,26.433548963256463,40.59826894675008,27.40415668369829,19.74164469119011,,1219933304.595819,,24.542696099972144,5.240259982251965,28.42495224215841,16.69569724864628,,29.7879409403145,12.007022882078276,13.661036388142044,50.64032895343482,11.92155279703415,10.833813273849156,44.86252207916669,5.910770582621906,6.839771167222933,19.449003789214995,18.022374646613635,4.513696598990105,35.06633378061624,28.01228786482608,4.342134614030544,18.83147210768629,14.67397143304397,13.503193178255462,,8.365013168940576,6.89116339485312,,39.32258265482039,60.78015522530428,27.366793890064137,68.38571623450568,322405000.00240314,38.905892668018296,39.454396234719056,15.66915759449765,29.502217124025382,242665704.50840282,45.653652928432656,28.66095607272551,50.54580455738622,7.527200151033848,9.350289333813201,11.074800024204245,11.631166272989226,37.33502292598666,14.21380002738172,24.607196961265245,47.85491500844981,171292545.52547762,,29.44392949579998,8.634047251318261,25.663068538412233,31.711806963197628,12.36519341456306,9.106537484492655,11.869862419323512,,25.582942899906474,17.995868792366267,67.11821434863555,6.658292491644733
LUN95,39.441418810615325,25.964193573357324,,22.698284208856123,41.256055719241374,26.58672900838984,18.714827270621793,,1712652733.3884187,,22.62983634740545,10.027142506247163,25.585059966863536,17.49843363103683,,23.79378534917237,18.74512588170209,14.967785318689002,47.728034623604714,12.404669994704646,13.055675408714404,47.267382564179314,10.028448887127574,5.851785489802177,19.901280046049788,18.27441639707942,3.5690737791561546,53.405211805951225,27.800843265493945,10.237817997932206,19.58432908759296,19.97461521734082,13.576409581862709,,5.384943490807136,10.152479513443238,,34.34169296249463,60.95998966606541,25.02158803244422,65.07952090474794,481948578.20268214,39.99319866753486,41.685859754695706,16.586052996601392,32.74715737922742,334676106.70858735,52.65124814546227,25.03767084784593,45.17325132043653,5.767067735000554,8.30399229637294,8.488260712115993,14.310538909731884,25.39768234045062,17.946579054003283,21.526007384944176,38.54299583656844,150563048.5553104,,42.215376791288044,7.927060527439787,26.770104718809424,35.65966322380393,20.181873957562654,11.451316541742004,13.895370970803324,,24.163836309005536,15.869689976404448,36.07526420404271,3.545838764825784
LUN96,34.106607853046356,34.46727934257875,,24.33455149087655,43.894188198147404,22.73804619378727,20.26800660475838,,1737601078.3470225,,23.64401467433354,2.424734808269818,20.72507576336847,14.857682982054076,,25.72571775016971,17.070585369565382,11.121078262326332,54.98152523707249,9.70268173673354,6.922700957539032,48.76815292615093,3.2321502413029757,2.435285543664174,16.113197911130317,13.479059164374963,2.39114158010968,41.50147783471646,26.01143990870277,3.427929106161043,17.0487930979403,10.826846980346854,9.352720585250864,,5.44649905588532,5.97394209759099,,32.0717875116995,66.64476180450926,26.163039999888955,67.9558727984058,228592018.42031997,43.274558619182756,41.4205300998484,13.751427878847387,27.880966886549462,197867645.63768622,27.59943897873232,25.854820908039883,50.14213863533039,3.868923719644659,5.793222835124087,7.210529275395423,9.483269623822117,48.82121118520709,13.41331800711567,20.78595272389589,35.654508159188595,85460218.03338991,,32.234032062997066,4.984540194709814,23.6889121280575,26.7969372335513,9.787534766465297,10.065488091298787,8.376353177600317,,22.372836544067496,16.354734641817302,51.447331481409286,2.5722982057440857
LUN97,32.53130295557842,39.847569356105154,,27.479093319243137,52.34019944016312,25.32783423899792,29.162638527948523,,2587401077.016753,748627357.1212932,24.652790666964496,9.557187705427518,21.86001590540635,21.11947528119396,,27.123626282199563,25.799380470416157,15.085335017739103,78.30303387549264,16.3358542241151,4.977164869580314,56.63951821494499,7.983891434115581,9.506012884570792,13.197894922391827,7.704352476673512,9.442730366755002,32.14946728601213,25.58774599886089,7.584735087633256,22.91718138032121,9.64675428913853,6.1528130494273165,,11.516499805388149,14.528208359703546,,27.16633435200811,88.7648526630294,27.012424112314527,85.48719758709079,106172787.9268542,48.08419358460418,41.413873260904175,17.068236215556556,39.07184647497615,203816847.58385125,31.88775758357112,30.563928330041026,52.06126511078382,10.106896823804043,1.4227667592671445,16.06084689962887,13.035772152062712,79.19775519886402,25.333805580199037,21.465724123487803,29.925885055985614,5144399.223880456,,42.13130602710388,13.371911021055368,32.63567816883507,21.075057665526455,26.005989058185122,19.94178152726777,2.600710825054585,,27.284306012848397,24.904572163691135,63.103313305310294,8.68536657845031
LUN98,31.82230301298308,36.59823576190429,,25.26409945350863,53.443626676493736,22.21487030775546,27.44052448902304,,2400636974.3506145,630732236.1253617,22.047088098965496,9.400834560578918,18.611479912830482,19.56317442267492,,25.143693956965173,27.691179106139156,13.329310904989246,76.7423648589083,14.10419765075595,4.843595947206879,57.80340852135397,8.27559994117355,9.170663268395193,12.125941416315111,7.0387736569573605,8.91199731707597,38.120963116945376,23.759261272743057,7.0076044435572085,20.749392709500444,9.596213885083003,5.529157112972327,,11.00653649604476,12.731804634934926,,27.616264164583434,83.65214990830972,26.94637636060266,86.03570118654103,205603921.81361404,48.206004594903526,43.20002114993359,15.626515884124062,36.84799803064007,265543972.47279042,29.06728789582844,29.25609179987738,51.45960993450703,9.795745507709594,2.026964823875534,14.480477283674883,11.896938593051242,65.44305918420505,23.06630098727338,20.06979006918907,27.798097259779343,8936820.838810142,,42.52399400466107,12.237185381494063,31.844870397527046,22.15905636312766,19.071783393699643,18.4892122987966,2.1968233216452187,,25.195954175362633,23.37452405457217,53.40209780517505,8.265188508703378
LUN99,30.77258196514051,38.616687511937336,337610100.77960634,25.977302176742707,50.569587915568384,22.07280691691436,27.44134824876359,,2653896791.582142,663410025.0856199,24.30234708852788,7.094336055784775,18.99649693282351,18.378168319113076,,25.469242744960678,25.142653008143807,13.0905007844546,72.82351572682026,13.252758999404355,1.9989074448915312,55.717890192444386,5.105466484408962,6.906044648493623,12.505768503553387,7.095767171696662,6.637191518767272,38.48974882453225,24.96003807293843,3.860549407169362,19.974448603641783,8.314205202634364,5.227030492644677,,9.346422445706304,11.095105564044836,,26.6644737172657,85.27952636951203,26.86073976836667,77.5271823142398,85319019.17397614,49.82655450079737,43.37850135051484,15.041500176794763,34.789587200322075,138957122.2683729,22.96671999759606,29.454590689247652,53.133059304845,7.825760703794494,2.894428468989832,12.05848909239863,10.295929875477691,75.47167872351314,20.104044900815797,20.036842918482296,26.347661007152485,12369279.18888313,,40.032978106389244,9.0476897848049,25.787253647262897,17.483907656102293,19.10514675740626,17.16163086410666,2.154862384892546,,24.40494912247455,20.81432556850517,51.73175199381826,6.268431979982737
