,Abkhazian,Adyghe,Albanian,Armenian,Azeri,Balkar,Basque_France,Basque_France_inferred,Basque_Spain,Basque_Spain_inferred,Belarusian,Belgian,Bosniak,Bulgarian,Canary_Islander,Chechen,Corsican,Croatian,Cypriot,Czech,Danish,Druze,Dutch,English,Estonian,Finnish,French,Gagauz,Georgian,German,Greek,Hungarian,Icelandic,Ingrian,Irish,Italian,Kabardian,Karelian,Kosovan,Kumyk,Lak_Dagestan,Latvian,Lebanese_Christian,Lezgin,Lithuanian,Macedonian,Moldovan,Montenegrin,Mordvin,North_Ossetian,Northern_Irish,Norwegian,Orcadian,Polish,Portuguese,Romanian,Russian,Saami_Finland_inferred,Saami_Norway_inferred,Saami_Sweden_inferred,Sardinian,Scottish,Serbian,Slovakian,Slovenian,Spanish,Swedish,Tabasaran,Turkish,Ukrainian,Veps,Welsh
LUN100,6.370089931149926e-233,5.288499391795786e-223,,6.311753235203692e-108,0.0,1.543291173601661e-106,3.407043193559862e-71,,0.0,,4.3710311755341976e-101,0.22762955837808482,1.549312563987108e-94,2.4518337971256276e-36,,9.041982221372643e-123,2.103570983726224e-35,9.858928280615616e-21,0.0,2.6157845510657204e-16,4.926890108083191e-14,0.0,0.02775386069135504,0.001668513250116812,2.1461231854890604e-56,4.426563798718533e-50,0.6885399479625441,4.553360585013465e-252,3.455020986790694e-126,0.046944216957100805,2.31634305216957e-56,3.2388467195684615e-31,1.3677214793379245e-27,,2.945518518159342e-08,1.2388168367400189e-05,,1.083072886680481e-229,0.0,2.2811134128189945e-122,0.0,0.0,0.0,3.945141411281949e-306,2.215780225996136e-36,2.8132420685555083e-122,0.0,3.336697140912802e-263,8.20535666520234e-119,0.0,1.2765892668823763e-06,8.201601138830042e-11,7.669946288843752e-18,1.7594553186860124e-18,0.0,1.273231030350477e-27,6.959241323565736e-87,6.212376365154187e-302,0.0,,2.2344898342157934e-189,3.093348491105212e-11,1.8236144203055551e-100,2.2716528748308858e-118,3.197899899731005e-15,4.634993057907729e-15,3.834168347278254e-21,,8.365900168793127e-88,3.191194568400969e-47,0.0,0.002779528467904268
LUN101,2.243109308074407e-55,4.369205811519433e-27,,6.938263815649002e-30,0.0,6.696514983560809e-68,0.0,,0.0,,0.0,6.264968073070951e-183,1.0859016025738697e-290,1.0697467725420677e-174,,1.6912033783039696e-91,0.0,2.3442902673199187e-126,0.0,9.968700838558785e-94,1.3286665214541687e-119,0.0,5.03469906968808e-174,2.219733187347384e-208,0.0014695783998337924,2.904372711700235e-17,1.2318125815268353e-166,0.0,1.505058552138268e-58,1.2977391751764473e-76,8.746420218109617e-108,5.694999086161877e-116,1.408495745442772e-134,0.0,7.261582992865747e-194,1.0182405033830206e-158,,7.338682960335877e-06,0.0,2.1043705833036204e-199,0.0,0.0,0.0,0.0,6.362656357400384e-66,2.987291860903511e-102,0.0,3.6470619249283625e-199,1.8094014373080544e-64,0.0,2.2916173755034896e-246,2.6735417213074907e-40,0.0,1.0532926925569044e-63,0.0,3.558258979430257e-272,6.414035960627847e-07,3.129040825870325e-41,0.0,,0.0,6.565607301592544e-268,0.0,2.6219782846356802e-168,7.594147586651435e-124,6.269026039797325e-251,3.0065711275491238e-21,,6.66606372575289e-100,3.506757428490471e-70,2.97877779724488e-07,2.4225451212095736e-231
LUN102,6.505937878516845e-213,0.0,,5.24182966915724e-150,0.0,1.4059177653956694e-106,3.4121489465690755e-160,,0.0,0.0,5.10498691572142e-97,1.0859096918083292e-16,2.750527541967039e-99,4.137802319490541e-77,,4.084996160178897e-173,9.407744243965705e-127,1.1087495476201838e-46,0.0,1.9679764683094182e-41,0.000349652932244687,0.0,1.1310737181135026e-11,7.863259081785217e-15,8.919420714240451e-38,2.4483871832432263e-10,6.941751241060974e-17,5.843916968482393e-254,1.0880057625801967e-114,1.1434719386155784e-09,3.1147483187296586e-97,3.742030633350213e-17,5.874270975477135e-06,,4.409750074992136e-24,8.290570152222885e-38,,6.284087364481076e-181,0.0,3.991652807286952e-142,0.0,0.0,0.0,0.0,4.758078614015265e-52,5.225106672677e-311,0.0,9.381917606586415e-167,1.1075927066092392e-212,0.0,1.2989756462750605e-17,0.3263414167104283,5.07477313415633e-41,9.206089330539828e-30,0.0,8.776738864449724e-100,9.213615217722339e-94,3.008398376767974e-188,0.0,,0.0,1.2902468527505193e-31,1.2821556166856769e-188,1.5463736927075498e-83,8.276028774481853e-92,9.715165276949348e-75,0.20520233636673313,,6.386138153737926e-135,2.170357631411905e-127,0.0,8.828291388587183e-16
LUN103,2.101790984038233e-184,9.239761934631113e-299,,1.4855428039776173e-122,0.0,8.200373787283365e-82,5.727823278728204e-128,,0.0,0.0,7.9144173502603905e-106,0.00170991718754311,3.261467915344988e-61,4.425930188745381e-49,,8.262963330668494e-126,2.074277606706852e-99,4.079757614725929e-23,0.0,1.2738300995812507e-22,0.5977128026850169,0.0,0.09024149840984828,0.001249052860133488,1.0576194541195209e-30,6.825439108973574e-14,0.00011794093074842984,4.5631523624104137e-259,6.449113294431575e-116,0.6600843357992978,7.218529911091302e-66,9.153425781744551e-12,5.69519369534409e-07,,2.8014586174222996e-10,5.154261212517635e-16,,2.816994029184138e-149,0.0,2.2881033168715363e-137,0.0,0.0,0.0,0.0,3.972589413835157e-35,7.474809981358197e-166,0.0,1.435253438021772e-91,1.0232882505493138e-154,0.0,1.216832672302978e-05,0.028239598361578067,7.984193477813763e-20,4.2581773876419887e-14,0.0,2.8932152188857106e-49,3.388837910579802e-74,9.022472937388729e-160,0.0,,8.610505778202431e-267,7.4122301163339e-07,5.106651320253605e-119,7.752905030896205e-61,5.160970641573771e-45,1.6516001425566325e-43,0.0291380088254188,,1.4022498841726457e-94,4.474186496165946e-68,0.0,0.00238791321203922
LUN104,3.600959056903642e-220,1.24698775439138e-309,,9.111163466264926e-143,0.0,1.7331968783516236e-106,5.0285500801796926e-133,,0.0,0.0,1.4480460537250484e-147,0.0037495219877676264,4.5500727079150084e-85,1.2402510253352874e-64,,8.578269417276465e-130,2.1757119812839586e-88,1.285827463083513e-31,0.0,6.279642364811406e-34,0.4270178556720785,0.0,0.3459922115976692,0.01092897955940763,1.5585771468005532e-35,9.96985643631357e-18,0.0009740840740584736,1.0353664906265712e-269,9.876533636626167e-146,0.1918959661239506,3.191908470645258e-84,5.1218737442404955e-14,0.0003495850967601737,,2.1006076713802772e-08,2.0499727547524834e-18,,5.2034013243829475e-157,0.0,4.047101235479379e-149,0.0,0.0,0.0,0.0,8.923819228086398e-43,3.829628670132851e-231,0.0,9.920943880508365e-156,8.401246697100102e-158,0.0,5.9123266235587514e-05,0.15724416398343305,1.828728627352001e-14,3.487107200530045e-19,0.0,1.6535892517545165e-76,2.9609824650334085e-89,1.5099243697459603e-191,0.0,,1.0509908414556904e-274,3.218019661500766e-06,5.301696161689311e-140,3.526632142724133e-78,1.7571616877701875e-74,1.6585654296870002e-45,0.004387511728572686,,1.362010849379894e-128,9.968474485349332e-81,0.0,0.01703493664862988
LUN105,7.772755587536235e-196,4.498160732032609e-241,,6.151023206856754e-112,0.0,1.6209690036776714e-86,1.216870069780678e-134,,0.0,0.0,4.864532694141587e-94,3.148645510961909e-08,1.8621405145352464e-53,1.8669563096867921e-59,,1.919292496125817e-104,8.722740051663467e-138,6.492097659774722e-23,0.0,1.160643446872025e-25,0.03535947484639248,0.0,4.9998038177537566e-06,1.919952178877102e-07,5.164979513462496e-26,2.1639006674897838e-11,5.225178268895302e-07,0.0,1.2807800444847903e-113,0.0020730777127085727,1.3810290889089344e-70,1.5296914565094275e-13,0.00014236852480301106,,4.082963237353848e-13,4.895062057345289e-19,,5.2672871207167394e-138,0.0,3.054403791195755e-143,0.0,0.0,0.0,0.0,5.809074479928919e-36,4.0504651516399736e-207,0.0,1.3842281393521048e-139,1.6312760845678904e-137,0.0,5.750953591466602e-10,0.4099063241665038,3.950808138693287e-22,2.9538014502571693e-18,0.0,4.074368934034275e-76,1.641471798851399e-70,3.078842213480806e-153,0.0,,0.0,1.125976067448789e-12,4.450250338982682e-168,6.249208978698008e-89,3.4461472472998928e-43,1.052178452799336e-49,0.07445537227990817,,1.0087498690431465e-106,1.1856246090124336e-76,0.0,1.289843519045584e-06
LUN106,8.74709181556963e-230,4.656517339401762e-308,,1.4093846299939458e-131,0.0,2.671725424901021e-93,3.665028713226621e-99,,0.0,0.0,2.324573537463871e-99,0.037662087893981504,1.1226449842749596e-83,6.465596097459383e-48,,1.8496591518252476e-140,6.422699584554605e-80,3.95497570870124e-24,0.0,2.3724927982245147e-21,0.004843680222895676,0.0,0.07512211204378007,0.08451389731033282,3.2924779813031927e-40,3.327556844577289e-22,0.0028925128448861253,1.5373656309749609e-304,1.0088704761278143e-126,0.11751222764587449,4.297137993614738e-67,6.731552584695752e-24,1.944524447499797e-09,,6.16210072373124e-08,2.6068821532331626e-11,,4.966736520156285e-205,0.0,4.658465217841707e-144,0.0,0.0,0.0,0.0,2.50438301852706e-38,5.818260250458769e-172,0.0,2.975829732427505e-134,3.4698873971332254e-168,0.0,0.0009159479034464149,0.002288955015986381,4.758069885616859e-13,6.680318960951654e-17,0.0,1.0840863469605082e-41,9.857098714216857e-88,1.699225806518839e-207,0.0,,3.023488924599235e-237,4.929592106747915e-05,8.24254379218717e-146,2.9264982593247836e-112,1.011568450262282e-24,2.7139806965473497e-31,1.5971946328606745e-05,,2.8204522752376697e-103,3.455043377777e-74,0.0,0.03731722136494438
LUN107,0.0,5.339974188131927e-183,,1.7793672291656494e-130,0.0,2.6319869721894918e-133,4.891267615725811e-84,,0.0,,8.197630501311266e-130,1.013108970636176e-15,7.833379777869268e-156,8.417002912012278e-71,,4.550941650598419e-135,1.5564494757300693e-69,2.121470018696046e-51,0.0,1.2308745413636738e-29,1.1752943494370362e-25,0.0,1.2715991558965204e-15,0.015737002875558535,1.4754600984339683e-78,2.4610682720586833e-55,0.2075254949203151,0.0,1.150622090808521e-178,7.640483562290232e-17,2.1943045746722603e-84,4.59931807099327e-66,4.224930089975959e-24,,0.09820167004167558,1.7621583739359735e-16,,2.0339814034718145e-270,0.0,2.963490139515129e-143,0.0,0.0,0.0,0.0,3.9801337025305216e-56,4.757882903633459e-298,0.0,0.0,1.740863853422166e-146,0.0,0.23932170515856993,2.2765047736657934e-08,4.4262616180298135e-05,3.773861215871301e-37,1.90862939227816e-182,6.308505380590697e-76,7.00919884460653e-107,0.0,0.0,,0.0,0.008412141355733075,3.751134911396689e-144,3.683727035968282e-255,3.567812407575319e-77,9.664479098649013e-27,9.743502115493755e-29,,1.194746820957905e-146,6.532795066270694e-62,0.0,0.6043768075398616
LUN108,2.6492267903020858e-216,0.0,,9.29415002645155e-148,0.0,2.8468757403629042e-99,1.3592814382097576e-140,,0.0,0.0,9.040246801882699e-104,3.712280257822551e-08,9.585399807142269e-79,3.864315493631685e-65,,1.776334322489371e-154,1.363796803225206e-120,1.1269213665744871e-32,0.0,1.72229933518921e-33,0.40272658443216225,0.0,0.00011355235273674705,4.001978552527716e-07,1.9936677082640467e-32,1.0371035190933256e-10,4.225736454843002e-09,1.3588067436912523e-295,7.721531880859135e-126,0.002310025262028436,2.662374606233161e-82,1.8075690025678678e-20,8.380890328372842e-07,,1.0690123280690913e-15,1.6623565978024497e-23,,1.5721288337353415e-179,0.0,4.434164670689275e-152,0.0,0.0,0.0,0.0,8.492344545284829e-47,6.201017635179275e-220,0.0,2.490854474200494e-120,5.688487362034946e-215,0.0,1.0946667478498121e-09,0.126391289921228,3.5363460617190604e-27,7.635575773997093e-22,0.0,6.380978070127652e-66,2.056375876710716e-89,2.396527669909435e-153,0.0,,1.4367784268934288e-303,2.463607259143556e-13,8.628471378471903e-176,2.0669325524575205e-87,1.8128427584050108e-57,6.296294547974405e-56,0.371762046649919,,1.8466318153554344e-117,3.697791383948243e-101,0.0,1.4386180591762153e-06
LUN109,5.036952388457971e-237,4.8087158888730176e-272,,9.415541099648128e-137,0.0,2.1864443062695305e-108,6.5165314149196805e-112,,0.0,,1.329744463680108e-177,0.015633103936353726,2.5795965708864223e-77,5.032849484980647e-60,,1.69348228147767e-125,2.3252572321577712e-79,5.087722670282536e-29,0.0,8.178697356440196e-27,3.536029490342356e-05,0.0,0.11594183396179157,0.3629989681126956,2.565914837099732e-46,4.625685139289224e-29,0.09493024679642231,0.0,1.5342445283212918e-165,0.026309724930980875,3.948447818304648e-75,2.477838467336777e-18,5.347985195469595e-08,,0.00013155209273699764,1.2339476985564486e-10,,2.1877447946908895e-173,0.0,2.804640982136623e-156,0.0,0.0,0.0,0.0,2.2314426028258727e-41,9.570151003232277e-201,0.0,2.0596857246408362e-150,4.9039091735836045e-142,0.0,0.022631904401337655,0.0018072362329761274,5.725538719002644e-06,4.0358206483598364e-19,0.0,5.96180558945684e-59,2.501830631401422e-89,1.2424064499749002e-189,0.0,,7.243729930457287e-254,0.005428174978264827,4.635919245361469e-128,9.991979692491164e-129,1.5134266341190178e-35,9.973686866593263e-31,2.265576061194845e-09,,1.683728321398754e-119,8.612102257842278e-63,0.0,0.12447218382939294
LUN110,6.117142052463724e-224,0.0,,2.5076881671428765e-170,0.0,5.670173315518966e-137,8.371798265541243e-165,,0.0,0.0,3.2274410783755367e-164,3.925947824731807e-08,6.991790392146594e-85,1.642739514928613e-81,,3.171882957596657e-141,1.7880853152846494e-113,8.481772115971969e-38,0.0,3.0708138524280123e-49,0.20447435162660077,0.0,0.004466264814027238,3.760983539145819e-08,1.0692741386550854e-30,3.6750917016598603e-13,1.3048813570122919e-09,1.0468851741837897e-279,2.355077772313612e-159,0.004112353250324043,4.824535430608709e-105,2.8736783441651112e-27,7.380836236521415e-06,,8.20351643148606e-17,9.908795112958107e-30,,1.602399748081945e-155,0.0,3.85425031379554e-163,0.0,0.0,0.0,0.0,9.827960598418154e-56,2.1198235717378496e-231,0.0,1.2591432343847203e-145,3.032639888810453e-215,0.0,5.542299009674675e-13,0.012503926866668449,1.4628756069400472e-27,3.0736071424296228e-27,0.0,7.833087743416412e-87,1.7456994257501346e-98,2.403773384408938e-122,0.0,,7.641402011529104e-283,1.9658848656971786e-16,9.241518687720342e-207,1.5426370334741844e-80,3.2152236042059693e-111,1.6918146484297618e-65,0.04771451902746709,,1.244666943655221e-136,2.178195528598473e-113,0.0,1.0291378376369437e-06
LUN111,5.126996990467768e-178,0.0,0.0,1.4691784095894216e-138,0.0,7.124146162769225e-93,1.4774340235625283e-156,,0.0,0.0,3.5747093502440784e-168,2.4653334456052673e-06,5.826486644169863e-69,1.0760424322919516e-58,,2.9812333888686934e-126,5.547263081624528e-108,5.405559884988661e-30,0.0,4.682829787254464e-30,0.31246579800801727,0.0,0.03698589983460922,2.9179900651214054e-06,7.237936142972353e-31,8.66992092314749e-12,4.769887926025281e-06,0.0,2.0402648149821914e-135,0.590730396699926,5.8004072939159385e-77,1.8200669353044632e-14,4.671034394761828e-06,,9.21819779262129e-14,1.170467431916457e-19,,3.0917718502672583e-135,0.0,6.155598911856409e-146,0.0,0.0,0.0,0.0,8.883397495241202e-42,4.0162373367106257e-194,0.0,8.507936424131808e-107,7.364010086479535e-177,0.0,5.6336862460328545e-08,0.0018014145649413546,4.235139052801903e-23,4.417141881517724e-16,0.0,4.719399386340329e-62,5.51586948557888e-77,8.237460478213685e-117,0.0,,1.7906674252567368e-293,9.120892756855975e-10,3.3124957841688687e-99,3.705045929037119e-43,4.4317705822753444e-63,3.584923449142593e-53,0.03352700394310309,,9.028033523871745e-103,1.277932136474752e-71,0.0,1.816031708071856e-05
LUN113,1.6284417101467502e-174,0.0,,6.918376794688016e-127,0.0,7.313699277146816e-97,9.472061986605183e-149,,0.0,0.0,1.0785978567593078e-120,5.568574144012333e-06,8.333905379073489e-58,8.19469187791422e-59,,2.3432648863868655e-122,5.957243498879645e-111,3.62324644989308e-26,0.0,9.35117065352184e-31,0.12363766890247689,0.0,0.006844066428202866,1.0772803995144848e-06,2.0386836513775586e-27,1.89402754018296e-13,1.1434661234887454e-06,1.043875869281619e-210,2.671880827416964e-122,0.0427834615196427,2.5453261278564894e-73,8.03231022562069e-17,2.8771291478973733e-08,,3.745748575802912e-14,1.1422840172869182e-22,,7.971487970136373e-124,0.0,2.4795435010902934e-143,0.0,0.0,0.0,0.0,5.811756500383435e-39,1.3169152784685728e-157,0.0,3.716206019828194e-90,2.8854077155624492e-154,0.0,7.93933862668737e-10,0.004455958324154033,2.761512904611192e-31,2.1166419713944995e-17,0.0,4.4381929098678383e-60,1.5461018603315798e-74,9.392860236340153e-147,0.0,,6.684944068421024e-264,2.980805185824509e-11,7.616255257063172e-140,4.166341530284157e-58,1.5174499181569044e-90,5.82549917974691e-54,0.01331475157893808,,7.711662557144586e-98,1.1292676263252936e-75,0.0,6.5827194162313524e-06
LUN114,6.471751966983579e-101,4.798469115777949e-90,,2.818421205637282e-29,3.234392009950704e-157,2.0720244148560256e-130,2.227170422119779e-100,,,0.0,1.3551655970760513e-85,2.162607979095441e-35,2.653042417491152e-44,1.9526127659271506e-06,,3.388112575932645e-135,1.9203857312190398e-20,5.817425150836829e-11,1.9841026439736535e-134,1.4296630945785523e-34,8.787168561602318e-76,1.5410308327537886e-163,7.474954180560018e-32,3.058441846180901e-70,2.3116321135949111e-88,4.506829766944641e-142,2.9238688922429133e-10,3.365772783188781e-18,7.588606566534567e-47,7.062535516567712e-11,3.629033136716851e-05,1.5885493172425888e-22,9.998952965728933e-143,0.0,3.662697474154136e-80,0.029238885315637907,,1.2702058051430646e-285,1.2196125786049137e-29,3.849903163688948e-76,1.0142811280915745e-204,0.0,1.1408667660202346e-142,3.548092414533713e-166,1.3484455998237625e-49,0.00034557978242160824,0.0,6.172355912324442e-189,5.286585344087153e-154,2.843108232151337e-293,9.390112662753527e-95,4.024722420112203e-81,2.607604522291155e-144,7.897988243858284e-41,0.0,0.0021002529831018885,8.39349436564373e-85,0.0,0.0,,2.534378354169057e-118,2.9369444148424262e-142,1.440619380041815e-07,2.0704839738084602e-50,1.207775009346051e-19,1.2585513885175263e-16,1.0715306668819129e-99,,2.393163691183562e-15,8.710745022894705e-35,0.0,1.722715953696369e-65
LUN115,4.228640484699387e-234,0.0,,3.3958570150781044e-150,0.0,2.0801664507130713e-108,6.875688251087879e-125,,0.0,,2.560558454687733e-171,0.022517004500403774,1.284076898091696e-102,7.256901418880714e-64,,8.394876978173428e-134,5.843919523228584e-69,7.29979292503976e-35,0.0,6.241042910598016e-35,0.03495295515532758,0.0,0.5763566047622095,0.11023734829639036,2.079102601558112e-41,1.2702177216192766e-23,0.002792922839568009,2.698985336452578e-274,1.3180662222798856e-156,0.2091094115250911,1.0383875506552732e-88,1.6687891025712612e-17,1.2226422060035206e-05,,2.1170693359563356e-06,7.422201340075206e-17,,8.347500404715583e-176,0.0,1.867351271706678e-146,0.0,0.0,0.0,0.0,1.662152455243283e-44,8.54240899416553e-237,0.0,5.981954511344017e-194,6.505879885085919e-159,0.0,0.001555053454913963,0.025122415828921302,1.2596094328390054e-09,4.3814694558378054e-20,0.0,5.358868285297056e-74,2.469383282520168e-96,9.420574198676677e-210,0.0,,2.9106178963700453e-261,0.000679591960449195,6.300094835317121e-130,6.479639148199915e-81,1.7491109221742195e-68,3.705806098077588e-41,2.143991166596142e-05,,6.845162789856056e-134,1.2288140338486694e-79,0.0,0.037135532724899854
LUN116,3.9005512423511183e-205,5.1114811089493826e-307,,5.116258741128014e-133,0.0,2.2143307651981065e-95,2.1792056280941844e-143,,0.0,0.0,1.5471358689197384e-101,2.0691905429699672e-08,1.7777787133636128e-68,3.6654176643043425e-65,,5.150296973262879e-128,1.507094348713501e-126,4.180272706714518e-29,0.0,7.683268763801269e-32,0.42683768067548855,0.0,4.144171133600668e-05,1.0997627708131016e-07,3.3434312754566987e-28,1.1466526431492748e-09,2.211036950232601e-08,5.105703273202976e-295,1.680206739897689e-120,0.0032101448318784206,2.8979522249538423e-81,7.682362669633883e-16,0.00026588242975205556,,5.311941730503659e-15,4.671550003849663e-23,,3.4263397121866893e-156,0.0,1.0493263974161842e-145,0.0,0.0,0.0,0.0,1.3846308368479282e-42,3.2550905902264346e-231,0.0,2.357418530323646e-133,1.1951004969712608e-175,0.0,3.565269062519344e-10,0.655222263447765,3.049666728249626e-25,6.158383377050463e-21,0.0,4.666482248963482e-78,3.791412591218022e-81,1.8215215067622544e-149,0.0,,0.0,1.4038411545281146e-14,4.365664650751816e-175,5.099573394675597e-80,1.3977944110792726e-58,1.7449360649723971e-56,0.6973172964800451,,3.5146087843917205e-117,1.9783195889987556e-94,0.0,1.4119310068063315e-06
LUN117,3.1978066274416457e-200,0.0,,1.0174542019551467e-169,0.0,1.020565621233917e-187,3.4111706118375284e-272,,0.0,0.0,1.9674973016097324e-149,2.960828868847536e-45,1.0029453650629588e-90,4.536789385371376e-135,,3.7563766990953516e-180,1.1090937809242937e-251,5.993165924693833e-60,0.0,5.2213260116340645e-79,1.9148595438034075e-18,0.0,1.2292546638178994e-32,9.263299451461574e-48,1.3105820076688148e-32,5.1121504532443846e-11,3.831725954865901e-38,0.0,6.012079522198558e-142,1.028252202501252e-23,5.941341057421715e-131,5.849519225868726e-45,2.3084508685916455e-31,,2.4141613867652117e-59,2.1298882726153496e-71,,2.6507734953939462e-138,0.0,2.3024878432653555e-170,0.0,0.0,0.0,0.0,1.1323578839298052e-85,0.0,0.0,8.231642255459934e-169,1.4401998652685302e-299,0.0,5.2867608530342915e-52,0.00025805106991151015,9.785196248846936e-118,1.1045548514542706e-55,0.0,6.302623150110615e-174,9.085713054967448e-94,1.653194088256303e-86,0.0,,0.0,3.413881595678314e-85,0.0,4.118698377800783e-141,2.9853819298719816e-188,1.33999709296172e-137,2.1823074475672602e-05,,1.972343895146675e-154,6.534422602610118e-180,0.0,2.6608791603537844e-37
LUN118,4.490366948208659e-143,2.6603909973289696e-251,0.0,4.648144080493458e-103,0.0,1.31143629041134e-72,5.250295343742768e-172,,0.0,0.0,9.007883648088026e-75,3.3785120109122354e-16,7.567766456483518e-53,3.3275567078472406e-56,,2.0117755467168653e-110,1.1622421902876995e-155,9.909209000937651e-25,0.0,1.619162414829958e-23,0.003658511402636929,0.0,1.5049849479519334e-11,9.277372923257825e-17,2.115932563418288e-21,6.82538578115589e-06,1.7992354376646693e-13,7.700132025678062e-282,2.279389707952733e-87,0.0022114176497292793,1.1457700530887569e-67,9.941550022068392e-11,1.4028965636503495e-08,,6.92041561777724e-24,1.2559221396940432e-27,,2.625583770855259e-113,0.0,1.5557217866076205e-128,0.0,0.0,0.0,0.0,2.06568246669522e-33,1.7114416068133752e-200,0.0,1.1516664895082646e-79,1.729215174384477e-151,0.0,5.4184149183111955e-19,0.0005024931467865211,3.13082004616419e-39,1.5462234894059817e-16,0.0,1.653696897810813e-70,1.520799082144687e-58,1.5993618851199378e-109,0.0,,0.0,2.4360572244138195e-25,5.638769299184295e-119,8.516436464187543e-36,1.6501103927069465e-53,1.6938815334383883e-70,0.14376211361472221,,1.183526797845113e-86,7.30741995306851e-76,0.0,5.731570058044309e-14
LUN119,1.7865074020312062e-231,0.0,,1.335422914509429e-177,0.0,1.747237673356569e-132,5.6988146697227186e-158,,0.0,0.0,5.45549151444544e-171,2.315800176496942e-06,1.1290905994918726e-106,1.440890766068418e-77,,2.322435177186713e-155,2.237202432735159e-93,1.957552518339821e-42,0.0,3.2886890471935978e-49,0.5037138382346712,0.0,0.08825867521206773,4.971934505189682e-06,5.7849009181257146e-36,2.585040971273633e-14,1.4289665423747318e-08,6.606644532177919e-244,3.8246621144670273e-159,0.030339326156292708,6.408395544230435e-108,2.602362343871904e-21,1.8294844851433473e-05,,2.2554054126864792e-14,2.78245129319379e-29,,7.28357747723298e-173,0.0,6.703462871112227e-155,0.0,0.0,0.0,0.0,5.336640490952533e-56,3.930698866199671e-259,0.0,2.755044999284696e-158,1.0562189421057884e-222,0.0,6.406644782097137e-10,0.05193409903845559,1.3091566880852077e-23,2.0099003621058923e-26,0.0,1.8370271989703973e-86,5.789692439401139e-105,1.2693115197554927e-151,0.0,,4.217116302491113e-286,4.916182890061343e-13,2.9206295365142637e-176,2.2164207762545704e-68,4.696728093542799e-109,8.169706952381913e-63,0.07310091114569847,,2.4373734865446048e-144,1.2831268511611637e-113,0.0,4.800755156128128e-06
LUN120,6.4567400175502244e-226,0.0,,2.497776963194738e-152,0.0,6.108288259689087e-121,3.699176220187413e-149,,0.0,0.0,3.0740380607141542e-140,4.064950508272744e-06,3.6079871628445707e-76,1.4085781093624385e-75,,3.6082692784538426e-137,8.647900203599379e-119,1.2214599072526927e-33,0.0,6.593267626030276e-41,0.5813012177283654,0.0,0.010262004841728215,3.923676120284167e-06,2.9837909954086447e-31,4.5104651112411873e-13,6.606302795034613e-07,9.984379281972434e-287,3.810816484482114e-150,0.01397468662438943,1.6338118626014496e-90,2.3744717653504144e-17,0.00012980860457243422,,1.1618229385558895e-13,4.058469737828207e-24,,8.249160448776415e-152,0.0,7.925094937864456e-164,0.0,0.0,0.0,0.0,8.081318715583993e-49,3.8774180752868683e-237,0.0,4.8488945414433904e-141,4.381639604959291e-182,0.0,1.177534483582649e-09,0.23772073838841026,9.015176478757318e-26,8.332881714099828e-23,0.0,3.3282321486042294e-86,8.25426815382559e-92,2.85125832646666e-163,0.0,,8.418817456009484e-287,6.760858455295648e-13,2.93515040975424e-186,4.289470945712428e-93,8.766551226949855e-94,1.066742506615496e-55,0.1690559693451644,,1.0664881207634787e-135,8.417892439383378e-97,0.0,5.5043182359564814e-05
LUN121,8.409813576131683e-163,0.0,0.0,5.8464143136466975e-133,0.0,1.0679623318257755e-100,9.031792610596179e-185,,0.0,0.0,3.7246614408879086e-109,4.715487654120834e-15,1.372005883416598e-69,9.250248841480868e-68,,1.0411995297929011e-130,2.530322316848204e-140,8.705224742895547e-33,0.0,1.0228902662130632e-34,0.010469911181089222,0.0,3.040860780770263e-08,4.325319789722037e-15,2.134741933418991e-25,2.39477056954574e-06,5.480279666802056e-13,8.638731951443414e-279,3.064250202363852e-109,0.001650315503462065,2.4901269139345783e-85,1.4108166187049204e-16,4.381489448192108e-09,,8.650060273839379e-24,1.3048561213919383e-31,,3.2556380612812425e-128,0.0,3.0208289277676677e-136,0.0,0.0,0.0,0.0,1.8859803036383047e-44,1.2050329226304337e-217,0.0,2.805967297993519e-102,4.4510085602816356e-207,0.0,8.777147024690585e-18,0.0016407245274960905,6.480733399935372e-39,4.287873184033171e-22,0.0,6.128527326042951e-76,8.900213935796944e-74,1.079091047529529e-95,0.0,,0.0,4.707342129181989e-23,5.3198156115621924e-139,4.675151625512594e-39,9.765148936722293e-78,3.2738548966231076e-76,0.22278086347944046,,3.395392374145384e-102,1.1492705086738704e-94,0.0,1.0576960431802899e-13
LUN122,2.2860439473794867e-224,0.0,0.0,8.007054890097646e-156,0.0,4.255165044472606e-115,2.1613680657160655e-141,,0.0,0.0,9.208998314419209e-166,8.054016296784347e-05,2.3650415114898204e-67,2.524022231828735e-68,,1.0748505336039778e-139,3.3154047915786384e-121,2.35560785598361e-31,0.0,2.6658205580668475e-35,0.20370553459438537,0.0,0.10626485063504805,0.0001398376987489401,1.9223589665433193e-35,6.003115853061705e-16,1.4754361451905127e-05,0.0,4.975696311053593e-160,0.14253644174767935,4.412758726369751e-81,1.5699155915267183e-20,3.82443202971646e-06,,3.343646280313582e-12,1.5104718192507246e-17,,3.0095073228515445e-163,0.0,5.765897884046622e-173,0.0,0.0,0.0,0.0,1.2769162387095104e-47,1.850545196834418e-200,0.0,3.338176291337627e-113,5.4173344410287186e-191,0.0,5.427272859355954e-08,0.004042849604597186,1.0004441314161521e-19,9.058855155915192e-20,0.0,9.317860251357908e-64,1.2037532553830097e-91,5.547388896042785e-136,0.0,,7.95984591920997e-259,1.7019829170881893e-09,1.1719293836196385e-160,4.769428125934419e-107,3.317711881360283e-64,1.1954915446175279e-46,0.0047428468148710086,,1.0569594258098746e-121,3.4788656050785844e-84,0.0,4.929154302503359e-05
LUN123,3.563391238625032e-190,0.0,0.0,3.2327158824399317e-142,0.0,6.571441985175782e-103,2.5487499533530492e-163,,0.0,0.0,2.379075597110322e-126,2.511048032593141e-08,1.450917565088966e-79,7.502488308125144e-67,,1.3114289655214995e-151,3.376814573776759e-116,1.7894177114735886e-36,0.0,1.655747966214078e-36,0.6748452932980598,0.0,0.0013149027415571169,5.669784427479045e-08,2.623753708847115e-32,9.690178586947902e-09,3.0978513064231954e-08,2.7136963397828936e-215,4.966598623989034e-124,0.012460639380052325,6.817316860059706e-82,1.623492209773669e-12,2.8521881667832578e-06,,9.397627128169264e-17,7.997824992181912e-28,,4.91276132771093e-136,0.0,1.1445103736028227e-143,0.0,0.0,0.0,0.0,3.4574245893546594e-45,7.518883341393493e-237,0.0,8.552196770657423e-100,7.967851384135285e-185,0.0,5.853916509899881e-11,0.18102249206850343,3.7570385600660254e-36,1.237687702358478e-19,0.0,5.36295723383854e-79,6.021117222739786e-82,9.403319396011264e-170,0.0,,0.0,1.980682705070466e-15,1.1350028187103676e-123,1.0171906713847194e-48,1.3227321286907938e-103,1.245419319512949e-63,0.6899526284303622,,3.288360209555475e-119,1.0662215093589602e-86,0.0,1.5579474559832515e-06
LUN124,1.7501445268189244e-188,3.20725637114006e-268,0.0,1.476164614399221e-111,0.0,2.807357882829837e-87,5.453039532609325e-107,,0.0,0.0,5.461671804985684e-109,0.18586150346932737,5.2459269096820746e-55,2.3643543640400655e-38,,1.9894644827974465e-135,2.0263157044079055e-85,8.291127113438099e-19,0.0,8.327580599580642e-17,3.241138681313013e-05,0.0,0.2065647243442568,0.0020530840385273156,5.760495456874685e-40,3.7436788842817014e-27,0.019113030281313212,1.0074802584629111e-255,6.518222294707922e-119,0.7964060690444825,1.9979516440013918e-48,1.887242173776492e-09,2.2063785628299047e-16,,1.5343314248896066e-09,2.473097456666063e-09,,1.7056246349920637e-163,0.0,7.709332366724572e-144,0.0,0.0,0.0,0.0,3.4552337229576896e-31,1.0750627339687642e-113,0.0,6.957443245027366e-72,1.0234218864397421e-131,0.0,8.99822304664748e-06,2.0204275444358304e-06,5.1097441427706684e-24,1.461383580912581e-11,0.0,4.945719289871443e-31,6.124094862580815e-74,7.8806651727171e-228,0.0,,7.743782160030616e-203,1.2772364133658248e-08,2.0855775669891763e-95,7.345350082602125e-91,6.759606792994011e-35,1.221459528029956e-27,8.160665433601956e-09,,3.0251206958449778e-81,2.4901959657278652e-48,0.0,0.0012333034581935797
LUN125,1.4904859983476193e-298,1.8497053022502588e-287,,5.8742180540188005e-142,0.0,2.3609115057656756e-151,9.954203441339748e-73,,0.0,,4.1576955500650695e-146,0.08517757197410433,2.0559166934930073e-124,1.4401318307689466e-48,,2.4595155941984933e-168,4.083198654306812e-33,7.085914910740665e-28,0.0,3.627716108301622e-22,2.3703596365583996e-18,0.0,0.002741250121143759,0.0003710539254374056,1.6068017905597557e-72,7.999944364272068e-59,0.2813350412820347,0.0,5.5169942226636145e-171,0.007635782914629003,1.0515207013213228e-62,1.6128382319254153e-37,4.3086574924237595e-31,,6.446497023805057e-09,0.0002841481628364127,,8.375430443710775e-288,0.0,1.4149453790427617e-157,0.0,0.0,0.0,0.0,4.0569283175272655e-46,5.437642406080408e-140,0.0,3.365220152619732e-227,1.9623449089548878e-160,0.0,1.339202603767455e-06,1.7952498335105612e-12,6.355387724213198e-21,1.186521240845334e-22,0.0,4.2831302270059756e-29,1.2824121142649015e-110,0.0,0.0,,3.9119231974215746e-165,1.4329569213573375e-10,5.610128346104587e-131,5.948273912421166e-218,4.0104858091023133e-17,6.319211559559698e-12,4.9595561057160975e-24,,5.71521584824015e-113,1.8805359726317742e-55,0.0,0.003207682224393457
LUN126,7.789917495422082e-77,5.6719275102181496e-127,0.0,4.5612965440485795e-47,0.0,2.714857291647809e-26,1.566941558374665e-205,,0.0,,9.4006412566161e-31,1.3327871484296247e-32,3.1015964891401435e-16,7.25067563591618e-29,,1.4755408313022007e-78,1.6811277116732397e-243,8.343607417099348e-09,0.0,0.0011773056315116464,1.6131477073754212e-14,0.0,6.25680662330972e-31,1.5030456530313523e-40,2.051237203673013e-12,2.920515417832971e-13,1.0130483934405436e-28,0.0,3.42060845865984e-49,0.40144880543536415,7.596857591846046e-30,8.699595577079328e-05,1.1380223901681267e-28,,8.301614560700013e-45,1.5874737183199066e-29,,7.219460059015327e-62,0.0,6.63731761928207e-141,0.0,0.0,0.0,0.0,1.0501476830378929e-11,7.025796519727022e-93,0.0,8.821404588459354e-116,5.147325805528736e-79,0.0,1.686499170737105e-39,1.570128077836157e-24,4.2807015479711815e-63,0.002933463136583577,0.0,5.035175008056282e-31,8.547154061957776e-22,7.42296565392089e-92,0.0,,0.0,8.470556724598604e-54,8.625452347762671e-31,1.2138984204334953e-05,2.1534125790549127e-10,1.3429135819946398e-77,3.4670564936887847e-13,,1.3329074947801706e-36,5.997361862068355e-23,7.046489810457768e-144,1.759688182433638e-32
LUN127,3.0998613650878766e-107,5.4181079665365974e-176,0.0,1.932723511557537e-69,0.0,2.8691891073876856e-44,1.6920603700077178e-164,,0.0,,6.262925954925604e-57,3.853710912414666e-15,1.270992528065292e-24,1.582289360552588e-36,,1.1035618869066438e-82,6.641495642299118e-174,2.5747598952131825e-11,0.0,5.536581764009858e-09,3.714158954066732e-05,0.0,6.07020904342069e-13,7.357216434967417e-19,3.665907688386766e-17,5.292072325443667e-10,5.092843046630827e-13,1.8242763467211758e-271,9.158400814304204e-70,0.6431469818141375,4.288196394490685e-41,3.056399738040973e-05,5.107458757985726e-15,,1.587226386851585e-24,2.5600248464312925e-20,,1.4526564333826928e-79,0.0,3.7271269651309926e-128,0.0,0.0,0.0,0.0,2.393583620017815e-19,3.209234516289023e-113,0.0,2.265676126072734e-54,7.234832691871747e-94,0.0,2.8553057906848123e-20,3.0699297074399514e-09,5.7813876893069936e-40,1.0963308588490607e-06,0.0,1.7700930057455491e-40,1.3844982328105472e-37,6.135560323573731e-109,0.0,,0.0,1.2876669652422292e-26,3.908719873972518e-66,1.2207314302461376e-19,1.707447500933082e-24,3.338526906518331e-58,3.956638272058132e-05,,1.2137790845441765e-54,1.6562337879242583e-36,6.504743547988667e-285,6.929864406259465e-16
LUN128,1.8074683350507562e-205,2.0473597841033e-295,,2.272321091634983e-130,0.0,6.842496603227543e-92,6.467143161748437e-135,,0.0,0.0,3.2175419029652e-103,3.2667546202934936e-05,2.614919245727583e-66,1.323791037228138e-59,,4.44629500043008e-139,2.4337908875318577e-118,3.057653797513749e-28,0.0,4.505509746455356e-28,0.7369427531423389,0.0,0.006416433604754104,6.578505454326908e-05,4.682032090216937e-32,1.093171915826715e-11,7.776960385358865e-06,6.072203206912407e-274,1.000384780792456e-122,0.07095703927577107,1.1650975758743457e-70,5.152420522530974e-10,2.9817787981513402e-05,,4.320656952723169e-12,3.735672698563915e-19,,2.1927346506429486e-154,0.0,1.805744085382236e-149,0.0,0.0,0.0,0.0,6.957200112629297e-40,3.5999941615373515e-215,0.0,1.631330144540181e-106,9.520156245059113e-164,0.0,2.2264701026627334e-07,0.31132484288687723,3.9666175897483623e-25,9.331616486263044e-17,0.0,5.7477065111440774e-67,2.573766121482022e-80,3.860314177521621e-190,0.0,,6.307501643975881e-297,8.752580965549025e-10,1.679629498911644e-139,5.492129924872524e-81,4.6525205061236224e-61,2.7991570658536146e-48,0.25730414619852626,,2.202994678915926e-114,1.0680124753543001e-78,0.0,0.0006245349164027604
LUN129,3.0318723767752477e-196,0.0,0.0,5.0926756812221766e-145,0.0,1.644445421892111e-87,6.331576324380194e-142,,0.0,0.0,1.1369324611472631e-159,3.583247546684189e-05,6.406851148983926e-82,4.052579576137502e-54,,3.4268667718043674e-150,2.4906881059822185e-97,1.4713566046832954e-33,0.0,5.705063374603626e-28,0.24152467030888294,0.0,0.048568148353179054,0.00015476090882348995,3.41724080711098e-36,1.4394743487858065e-12,4.276324758895742e-06,0.0,1.633672022462525e-136,0.353754878669027,2.562919293526643e-73,8.426393432227578e-12,2.389920557919528e-07,,5.571246699801056e-12,1.261639951789864e-17,,1.0449726744224067e-163,0.0,5.10635598492589e-147,0.0,0.0,0.0,0.0,1.5021496808129925e-42,1.427069294100188e-204,0.0,8.964092113275089e-115,1.866279043262163e-190,0.0,5.527630868119277e-06,0.008705665032253234,6.255807433798494e-22,1.967254692170854e-15,0.0,2.9778901631699787e-56,9.23908869089706e-83,8.561143492633513e-151,0.0,,9.420348320804909e-285,2.7829711541709894e-07,3.515470034185843e-95,4.15408563518258e-55,3.20125594361378e-52,7.760693897534125e-47,0.08187934367499272,,1.401940324623205e-107,1.112799401258804e-71,0.0,0.00024733303780583797
LUN130,2.426881811404673e-172,1.5198656276767896e-300,0.0,2.2328361983645675e-128,0.0,9.335554952847534e-97,2.387060072074564e-177,,0.0,0.0,1.981707143606543e-114,2.0936700780384051e-13,1.0036928627017587e-64,1.0355980571977872e-68,,1.7634613683551567e-114,2.612513603036853e-153,1.3384033283131958e-29,0.0,4.55374097570533e-33,0.06735792634160422,0.0,1.8434992714520628e-07,1.4914164591573633e-13,3.498163551864354e-24,7.063314212128098e-07,6.33892801087133e-10,0.0,1.6827927142451842e-117,0.020165694403633628,9.923365172083212e-82,1.1479783364714425e-14,5.312073676348279e-06,,3.2208209178997754e-21,8.089949508603036e-26,,1.759047093842911e-129,0.0,3.4619985235710657e-144,0.0,0.0,0.0,0.0,1.1650488887602756e-42,6.98836567513521e-240,0.0,1.3086849261964476e-100,1.1587407702720673e-177,0.0,5.990099459125151e-16,0.011741451492263386,1.4915246369316362e-32,2.2045090223308015e-20,0.0,9.64497571878999e-85,1.4000056540743046e-72,4.894082056460193e-100,0.0,,0.0,5.52001742497495e-21,5.157936580720065e-140,9.743356216470405e-45,7.760729283413034e-67,6.820960722273394e-69,0.2976948138042052,,3.963351183018463e-110,4.221142742762712e-88,0.0,3.8740766296068404e-11
LUN131,2.083417272369378e-243,2.724641354350197e-292,,3.1891118337985002e-133,0.0,5.637638238187897e-102,8.02161267989453e-94,,0.0,0.0,6.112521074451814e-115,0.8284921150903694,1.4108591026859588e-92,4.44516637671832e-47,,3.614488479508529e-149,3.8314913345367567e-62,6.105122406753723e-26,0.0,3.4625302551043766e-21,0.00012268140387928654,0.0,0.6415279861080551,0.7082154596581174,3.15919433820471e-47,5.363573415830932e-29,0.10984664072790383,2.0164232926639992e-299,3.883314909704994e-138,0.518801792273026,1.9783324226589093e-64,1.121411976517189e-17,5.107985404914273e-12,,1.617334257319484e-05,1.059212967818538e-08,,2.738583343465361e-214,0.0,6.104022073116646e-146,0.0,0.0,0.0,0.0,2.5366218644263076e-38,1.2027775803242897e-175,0.0,7.596556528794922e-151,1.3717164069151189e-155,0.0,0.03151965328361072,0.0004858809415876677,6.933165765909026e-11,5.961776903882449e-16,0.0,9.016045190405467e-41,1.6782568388799407e-92,8.604996918350508e-265,0.0,,2.4775517579921357e-219,0.008955638629560702,4.555063875033804e-125,4.32354298121697e-126,1.6315248889300186e-27,8.044422486290879e-25,4.4295730431783795e-08,,2.4171801413981943e-110,1.1465742367285987e-64,0.0,0.5001193266993867
LUN132,1.821616195806581e-128,3.7325510689056395e-218,0.0,3.026217518440622e-83,0.0,1.7309723109482554e-58,4.068789814402591e-180,,0.0,,2.412211690474314e-59,1.693133463877506e-22,6.346637362164032e-27,3.594449822353188e-54,,3.707880478457522e-95,9.622241213907768e-225,2.209133821393629e-17,0.0,1.6229593982384596e-18,1.3389373073133157e-06,0.0,1.371651924485879e-18,1.5653803501763045e-25,1.589964065608502e-15,5.520214294396128e-06,1.1920542243416998e-19,0.0,2.1722896880374697e-74,0.00022810132637293557,1.8517348718190276e-52,1.423930207689723e-18,3.398467995033118e-16,,1.5019391692232736e-31,1.5591599775741934e-27,,1.8522022464730416e-99,0.0,8.714990109269034e-142,0.0,0.0,0.0,0.0,9.689534944086603e-29,3.831183457330245e-139,0.0,3.9451466344571273e-76,1.9848929402362685e-140,0.0,6.639852444065061e-28,3.6512462766805497e-07,1.0997080987331587e-53,3.5887872518560736e-14,0.0,4.541342937892959e-58,3.3091401491258835e-46,1.7349346024145907e-89,0.0,,0.0,9.569116538950878e-36,3.1127450452921756e-141,1.8907341882028253e-52,9.783184158710184e-31,2.8623275682258614e-72,0.009134224963275263,,1.0724407466823659e-67,1.725993467418682e-63,0.0,9.034421657490303e-23
LUN133,3.579212869970184e-172,0.0,0.0,3.628402431026317e-126,0.0,2.805268912487534e-83,1.353981164004565e-141,,0.0,0.0,4.495141545244847e-128,0.00017979476219582603,4.301177123871616e-61,5.737686955097766e-51,,6.3279822607917725e-124,6.682854787875307e-101,8.2220268400265235e-25,0.0,5.524448925332862e-25,0.5737422220641328,0.0,0.07537444900482089,9.214213142287639e-05,1.0271194942985426e-29,7.646848083057888e-13,2.439373769250749e-05,3.5895394316648533e-255,1.6567900741501467e-119,0.748783055991729,1.0139715983624756e-68,3.6654041985006795e-12,3.457791208053262e-07,,7.551580530411128e-12,4.1586277609122146e-18,,1.2042437080536745e-135,0.0,1.2495332196764175e-137,0.0,0.0,0.0,0.0,1.443899289614278e-36,5.925193907654762e-163,0.0,4.193836818087806e-88,2.1775801536268948e-160,0.0,1.3662656287885402e-06,0.005159946440546715,1.8433118685701453e-22,4.3468716075274004e-14,0.0,4.1406973835687625e-51,1.1664296869789786e-72,1.0042240432247767e-136,0.0,,5.3711424697415064e-272,8.202419494973365e-08,6.775994693067528e-104,3.7642248044647927e-45,2.58493413924006e-56,2.062648654810271e-48,0.03109255070192499,,1.5434614833576974e-92,7.717616953871881e-67,0.0,0.00025550015798131984
LUN134,4.177974065854386e-278,0.0,,8.112718014965288e-200,0.0,4.150343680052682e-153,1.1732865858609464e-146,,0.0,,8.822798212521523e-261,5.3165027904689013e-05,6.6319850479958835e-118,2.22077165401355e-87,,2.2481803191923466e-159,1.486970140922665e-80,7.308986419203913e-47,0.0,9.202046875410511e-55,0.0038962079853185386,0.0,0.19830067237793184,4.918730041365011e-05,3.948330496608773e-46,2.7068804698348944e-25,6.479196487719989e-07,0.0,1.0554716008178172e-210,0.08870549322967815,4.306754972915037e-116,1.4052626894806051e-28,2.5251868389551788e-05,,9.542467656551168e-12,1.8333856174842674e-23,,9.287633708069794e-194,0.0,1.1244998996247187e-184,0.0,0.0,0.0,0.0,5.838432216135462e-62,2.958239851105153e-278,0.0,2.6044933452846713e-189,6.664598729749562e-216,0.0,1.4094649040318054e-10,2.4283578716221887e-05,4.580581456737983e-15,7.239713557700346e-28,0.0,9.940983666395622e-91,1.0090477163183471e-120,3.2942209845922587e-164,0.0,,9.935556034051699e-256,1.8047443596467486e-13,2.841173295187546e-176,1.823319430721924e-114,3.4774206593904676e-103,6.153193802081926e-52,2.23682858543933e-06,,8.355461419259244e-168,4.5925666166418676e-108,0.0,0.00042479039716450964
LUN135,5.734909129917071e-189,0.0,,2.7622079421958045e-144,0.0,6.174631242810212e-111,9.785247400286673e-179,,0.0,0.0,4.4685843701931973e-110,1.8306285985972872e-14,1.4775309329981488e-67,1.9840585287768345e-76,,2.0116536234169443e-139,1.0112250687288169e-153,4.0383763492532275e-34,0.0,2.763730517624228e-40,0.05034012071375098,0.0,4.209013598418365e-08,1.8149389063029885e-14,7.158284447270527e-26,1.2594355702037612e-06,2.7989375067731514e-13,8.90928025659422e-298,8.525147786646689e-122,0.0001358355196495194,6.088437054760648e-90,2.3485904332453475e-21,9.0256401613095e-09,,1.306326019233893e-23,4.291128120491158e-32,,9.601931765670291e-143,0.0,1.414348043808806e-150,0.0,0.0,0.0,0.0,4.374551296123319e-50,7.877095191990739e-229,0.0,7.598965820436619e-114,8.060082450872501e-220,0.0,1.0688946886765496e-17,0.06599987942603473,1.9039284579774476e-41,2.53151571173833e-25,0.0,1.1299375044739827e-84,9.061370094799632e-82,1.7701013838578874e-105,0.0,,0.0,1.9604882974943034e-24,2.115071715102805e-188,2.2968540227915906e-66,1.3654570230552937e-84,4.1982684433119956e-75,0.7995173208963996,,2.5051360514426093e-116,6.0155881991466195e-108,0.0,4.610698688007344e-12
LUN136,3.608177443654258e-199,0.0,,3.393968644835022e-146,0.0,8.086053280545229e-107,6.366142454293667e-161,,0.0,0.0,3.978794249696323e-109,1.985343768377468e-10,2.5342240383397953e-72,3.799890497844108e-71,,1.1707761902750072e-146,1.7571947713954633e-131,8.660654117134464e-34,0.0,5.060181388169161e-38,0.3631868824170823,0.0,1.6390914917122017e-05,6.889786319236238e-10,1.1542038309913054e-28,3.3998035144411937e-08,7.111676420311673e-11,1.0663121952627308e-264,3.959544533057539e-124,0.0008058483291893324,1.9940200371507682e-87,8.60125117195536e-19,3.2105622455104094e-07,,8.498444124428479e-19,4.160791711221156e-29,,7.866818114175383e-153,0.0,5.797031723637661e-149,0.0,0.0,0.0,0.0,2.8366199536710457e-48,8.258803424053359e-221,0.0,1.7515807239589047e-115,1.6185727637711183e-211,0.0,7.23718065965955e-13,0.23923068569881556,2.4042555135212084e-35,1.7863511433531828e-23,0.0,3.950627047903363e-77,4.2744427608072244e-85,5.543873007478272e-132,0.0,,0.0,5.849923586459702e-18,1.9306622184600628e-181,3.406291895025887e-71,7.240423494817934e-82,1.8066221051067606e-66,0.8937107754337041,,2.2005930050943966e-117,5.730831531203695e-104,0.0,2.527582110791608e-08
LUN137,3.620489907823396e-272,8.317938621825851e-280,,1.0520084604445522e-145,0.0,2.6850080943021e-112,2.201031506443803e-89,,0.0,,1.39878627792377e-191,0.00022637171864232775,5.630878793343606e-113,7.333342581813542e-58,,2.82929791150536e-129,4.8158582261383485e-51,2.8246597346003266e-33,0.0,2.8689659390536385e-26,8.276674122468211e-12,0.0,8.865099627384486e-05,0.22015204653254766,3.609379025819012e-61,9.625170907658579e-43,0.08168890730319402,0.0,4.904977057886478e-181,2.3790438800858595e-05,4.028135526745206e-82,7.278210196624778e-41,2.0360465370691343e-15,,0.0008340932492676189,4.461366125386262e-09,,1.0773965446725872e-228,0.0,6.156786573737261e-145,0.0,0.0,0.0,0.0,6.695972009966848e-49,2.546081717012346e-199,0.0,7.497159069952034e-224,3.2073289454434705e-143,0.0,0.03644798836313656,1.080985107370559e-05,3.3169931660941954e-09,1.5884818386902667e-24,0.0,1.0403575935076735e-48,2.017883825053041e-99,5.326061789278269e-202,0.0,,6.152237732155446e-254,0.01551573920344196,9.105997606610869e-125,1.257052731672734e-155,1.576130398789111e-25,1.8496455916160684e-23,7.373524315493626e-17,,2.893417856236482e-120,3.2637340788996706e-61,0.0,0.4412325062833059
LUN138,2.2034558608709818e-281,2.1934637748748573e-257,,5.360376599750821e-140,0.0,8.733239808313263e-104,2.4308303126490236e-105,,0.0,,1.721573145942935e-113,1.3232614950981148e-07,1.3439301288680616e-132,1.7769066088206346e-66,,7.759144433014736e-127,6.450014086436774e-77,1.061506671047429e-40,0.0,7.496506640944226e-33,1.3235169168375214e-07,0.0,1.7234483307353464e-06,0.0050507580121516545,7.305429046933477e-48,2.0766812557224002e-29,3.039177078438079e-05,1.2376831689680432e-297,1.6143739277274009e-139,4.141270563916272e-07,1.4719354997277844e-95,1.1485649797798325e-31,1.74033528901304e-05,,1.0289456564117142e-06,6.332713343383846e-20,,4.8252941795340425e-227,0.0,4.253959495933954e-142,0.0,0.0,0.0,0.0,5.430402193160425e-46,2.4686683432012248e-307,0.0,0.0,5.196420372492378e-151,0.0,0.0026594518248495586,0.03151520886631788,5.1788543045463055e-05,1.878905400317282e-27,0.0,1.7466938883965701e-96,1.2935974532806522e-102,2.4703135190613004e-276,0.0,,0.0,6.333743123696166e-08,1.4757152393432106e-171,1.8882551547757096e-127,6.610761099825724e-55,5.871084478741054e-40,1.6267066028878497e-08,,5.870693867658857e-150,7.759143838778165e-95,0.0,0.0001368590172770045
LUN139,2.5248023670382326e-217,0.0,,3.411593539598799e-163,0.0,1.9285977110804695e-125,1.6981112304620008e-176,,0.0,0.0,3.33864353983075e-124,5.999858600899256e-13,4.896042806073311e-79,6.193454867007508e-84,,6.816462581950051e-161,4.02026785741977e-151,1.6422126114493905e-40,0.0,5.30365539247155e-47,0.20348851081414934,0.0,1.6637138426484491e-06,7.992174011440336e-13,5.673673974211885e-31,7.579072805237152e-08,1.7997264785689362e-12,6.843219042234176e-300,1.3456765241407924e-139,0.00012598598074134497,2.761287864618868e-96,4.6687520528757175e-20,3.2510195119196565e-08,,7.076767142263001e-23,5.095966288052528e-33,,6.340836421760283e-160,0.0,6.5363008203555775e-164,0.0,0.0,0.0,0.0,5.236184991901053e-57,5.012299666864543e-266,0.0,2.746986821408874e-128,4.744697414374032e-237,0.0,1.7895316699530006e-16,0.23044242828624983,1.7663261479561452e-43,2.156319117440314e-27,0.0,9.570459035590017e-94,1.018608525329252e-93,1.3854255693027584e-132,0.0,,0.0,4.760302098784601e-24,3.258072320656936e-196,4.71865575819394e-82,5.671553132134256e-104,3.776966169968772e-74,0.885541063261067,,3.506092178162886e-137,4.344758009805125e-117,0.0,4.5229043255105665e-10
LUN140,2.5646814097595972e-173,1.7515883764601098e-276,,6.57192460140276e-116,0.0,8.203616928323071e-98,2.563710243843207e-181,,0.0,0.0,9.950816850833824e-98,1.0517420651504604e-22,8.594521890335794e-53,1.134635435413086e-80,,9.687990685861118e-128,1.8126160453408965e-192,1.776620169850589e-32,0.0,2.7414250609928947e-39,1.956191945109774e-06,0.0,1.1625379422248578e-17,2.1753522566919607e-23,9.956060948836702e-22,3.70223659714613e-05,5.710680386583081e-21,2.3301863076596712e-254,1.1078356364870728e-102,1.8128066207286555e-11,4.024479461387836e-82,7.201944424846336e-21,3.180778123948378e-12,,1.742419799743848e-31,8.157182953527536e-40,,1.456425851227305e-116,0.0,7.901401837107492e-146,0.0,0.0,0.0,0.0,1.0684315721011645e-47,1.5432081192172052e-215,0.0,2.1373175883462392e-130,2.1501426551728786e-170,0.0,4.65127076725541e-27,0.23414155558919644,1.6999535517549076e-69,6.322058474519908e-28,0.0,4.1962730619488634e-107,2.0954557334467647e-67,1.3521124681400897e-131,0.0,,0.0,6.04897225716239e-40,4.5277599839959043e-234,1.0741305768816646e-93,2.1344675415808375e-94,1.6252908751438525e-83,0.9415014841339829,,1.6257506314858118e-108,3.378686271562729e-106,0.0,3.076987307796977e-18
LUN141,3.565616406296195e-242,0.0,,6.844732580736091e-175,0.0,8.565125979823881e-154,1.007103940058573e-191,,0.0,0.0,3.1055981233665835e-142,2.6462176333576497e-21,1.6704317674368356e-111,2.0646924270398769e-103,,5.058873097289713e-163,1.1670696825771808e-145,2.0559406858321793e-51,0.0,3.9446277482758034e-64,2.223586330159985e-06,0.0,1.2997857394067126e-14,2.428680852153481e-21,1.1384200972328438e-34,7.259967750761822e-12,1.6185344512507389e-21,1.0551206805891317e-243,2.3898923314386918e-148,2.878810152072804e-13,4.88659667630233e-127,1.3024341351910748e-23,4.4972596834059435e-09,,8.860319487178608e-31,2.0026389770274286e-49,,7.774671211139145e-170,0.0,1.8012744209026176e-160,0.0,0.0,0.0,0.0,6.048105569645717e-68,0.0,0.0,1.7898189196809713e-280,7.191065077191754e-228,0.0,2.8651786597821827e-23,0.6807341902084101,1.836156338326831e-56,2.1849924105820718e-41,0.0,7.54958750734761e-152,3.543522715572288e-105,3.6884039006112925e-167,0.0,,0.0,9.107388510625155e-46,2.5352611084604037e-287,3.9762077825026316e-112,2.9883171918144963e-151,7.833617864805505e-92,0.14744643740138696,,3.848156141768102e-170,1.0052245038632535e-157,0.0,1.7670439220545406e-18
LUN142,3.0626014920523953e-264,3.401763248149284e-228,,1.96937762270438e-108,0.0,7.300734264888659e-152,6.905186753952837e-66,,0.0,,2.2833803207277095e-85,0.010386339613212567,1.222199671356622e-119,8.80068629843603e-35,,1.0135852895641048e-171,8.346601220456808e-28,5.98064225050679e-21,0.0,3.916211420612251e-16,7.925878048300397e-25,0.0,0.0004630251279714691,1.1290242708861566e-09,7.550563481113527e-73,2.805945979726652e-66,0.9253978537229242,3.2790993978364533e-246,1.5970755023545273e-127,0.02805152778383633,6.211236676058389e-42,4.868363941942735e-34,2.729447845737645e-45,,5.01007408211997e-16,0.029729660400364264,,1.355088594773207e-294,0.0,5.345981253529474e-138,0.0,0.0,1.9438202737011526e-305,0.0,1.8176477986943485e-40,2.2714101781518238e-100,0.0,7.097664744555109e-221,1.0710932333940301e-147,0.0,4.493129750120244e-15,2.999010025111248e-20,5.353554842456425e-35,8.933554790118017e-21,5.412390008331088e-267,9.56490559781912e-18,8.174674923716105e-100,0.0,0.0,,5.791621518539193e-145,6.73338259022723e-27,9.790668571118593e-101,2.378623625587456e-190,2.9793572247104047e-13,3.442519671233299e-07,1.6210288397132828e-31,,2.3269277175464618e-86,6.908268331036535e-43,0.0,1.673049880133066e-07
LUN143,6.214816125050781e-246,0.0,,1.1342517972909182e-215,0.0,4.138256125785962e-187,4.530854209694495e-212,,0.0,0.0,5.094107800638276e-203,4.1701475322690005e-16,9.50587704720273e-128,1.4917105287613268e-105,,7.690677597537087e-197,1.2859912368733095e-130,3.960302966468706e-62,0.0,1.1395407482224937e-72,0.00048498844805213267,0.0,2.549307699236287e-05,1.105488277849801e-16,2.350511808299451e-41,6.5173928080970145e-12,8.947798577743346e-16,2.5219969682537905e-263,8.091104978997053e-179,1.0141683981922243e-05,2.2526891821215588e-133,1.164871611885651e-28,1.0765985337576595e-12,,8.706258260560803e-29,3.7146186016667035e-47,,1.4288586143061468e-175,0.0,2.725054927061536e-172,0.0,0.0,0.0,0.0,2.357685234490448e-77,0.0,0.0,2.424672823958687e-162,0.0,0.0,2.0641382119884506e-23,0.002319678347351578,5.0437612711373396e-51,1.2389048356188104e-38,0.0,6.495326427585619e-121,6.36636817422411e-121,9.217041076999873e-131,0.0,,0.0,2.3340044491573584e-35,2.1906723020403278e-204,4.26551007949781e-74,6.887300428018918e-182,5.831180423323808e-93,0.011356670233452716,,3.0207793016548124e-175,1.1536790972120844e-149,0.0,6.37836773724553e-15
LUN144,1.2283392692938474e-257,5.941169252766266e-242,,3.048441797257152e-143,0.0,6.303171470133276e-115,1.6613235499991656e-157,,0.0,0.0,5.54668619241141e-129,2.369244254663664e-26,3.030451834803053e-107,5.5059380211589853e-95,,2.6608921547179607e-137,1.3191074322852924e-165,1.1400783127821265e-49,0.0,6.224250950412651e-51,2.1154167660892857e-11,0.0,4.274312858248507e-23,1.9170990236822687e-22,1.0913550598347576e-41,5.944433056643236e-17,1.0530970746308875e-21,3.4025728963666024e-294,9.142040033593368e-125,1.0550417574170736e-19,1.8405649612657834e-107,5.186193993204823e-22,0.01502197445272618,,1.2467535788736098e-28,1.6035189810601548e-43,,4.7324235045572405e-203,0.0,1.489516033946327e-159,0.0,0.0,0.0,0.0,3.6412573813282694e-59,0.0,0.0,0.0,1.1276389235280776e-171,0.0,5.107095550819187e-23,0.10519908979442383,5.910617428379923e-51,1.4248691754696252e-38,0.0,1.4793559833578722e-174,2.9939389524459948e-96,8.424859557641195e-256,0.0,,0.0,1.2385507835783997e-45,3.682106592528532e-247,5.5195761027213215e-146,5.607755962995109e-104,2.5361118631323496e-78,0.0003772521366501109,,1.8924421006925243e-170,5.1439900304228293e-138,0.0,4.400400846498739e-18
LUN145,0.0,1.1641892062355242e-162,,1.3303864301622488e-139,0.0,2.5812145072021944e-161,5.863343375449522e-97,,0.0,,1.380455691269173e-164,1.5176733089007398e-29,1.6495153380191894e-173,1.9600454709215662e-97,,2.2032225148718309e-147,9.436999624912847e-103,6.400449225863077e-68,0.0,4.854835955801801e-45,7.563247148904374e-39,0.0,1.7324021664666327e-27,0.0005332397126484619,9.311804680396383e-97,5.037321333108987e-68,0.03488178816189392,0.0,1.5871914898006916e-212,7.475362488625321e-30,4.8165820499838086e-105,2.0035257908064503e-80,4.085428563757777e-29,,0.9841309375282129,2.6414187169796686e-27,,1.792952541367343e-284,0.0,3.188782508036917e-160,0.0,0.0,0.0,0.0,2.7151666189166588e-70,0.0,0.0,0.0,1.0917593936287672e-184,0.0,0.9507663446924614,7.887613848666028e-12,5.595620980486938e-07,8.955671286717331e-55,7.78019626894758e-225,8.684328181655708e-118,1.9149485690693472e-119,0.0,0.0,,0.0,0.7998790101667359,1.8487807164995444e-199,0.0,1.391727937938568e-97,7.876021100289418e-40,4.629993575405801e-41,,7.95141241026643e-177,8.030210164329445e-70,2.4488206600574687e-275,0.4921320356285709
LUN146,0.0,1.2585013976307185e-197,,5.017295653476206e-133,0.0,1.8547661560814526e-113,2.932555616736463e-116,,0.0,,5.599629039493096e-144,1.9844335535642165e-23,1.7937089679835797e-148,3.695899737835165e-84,,6.454993674208735e-106,1.5962989291263414e-119,1.3176772316520005e-50,0.0,1.329673902057528e-44,9.208749488620202e-22,0.0,4.514178228318146e-21,2.231978433943989e-06,1.1506691508361496e-58,3.7913328912076325e-40,0.00039498491766924536,0.0,2.9276282420250766e-164,1.284819985785837e-19,6.54269971815796e-112,3.657545979174441e-57,4.1090012903922823e-10,,1.8090611686667787e-05,1.9314081489635181e-25,,6.961493948202604e-231,0.0,9.228360998941145e-149,0.0,0.0,0.0,0.0,5.318666494631614e-57,0.0,0.0,0.0,9.734433211923801e-151,0.0,0.0001295191568746413,5.04217530457736e-06,0.0007020198382604588,2.0336773940835585e-43,0.0,1.0082675184191982e-137,3.1711559264040397e-102,7.136074847836623e-199,0.0,,0.0,9.810190089781876e-08,1.5468098582534776e-213,6.017886522426387e-199,2.7436791215495742e-64,4.444971074880257e-50,5.968208984781504e-21,,7.41223921902023e-164,3.7117449962109916e-93,3.067779525469878e-278,0.0004206420756196867
LUN147,9.541331281975247e-241,5.334559289468585e-229,,2.375339522792699e-117,0.0,1.7746364225705306e-100,2.683999016225439e-102,,0.0,0.0,1.1850829292001274e-104,0.0019752200692576185,7.988554664735758e-75,5.584347493992982e-55,,1.3332501801478435e-114,7.546378407778826e-86,7.558107990059579e-25,0.0,6.433717838939736e-24,4.822351579331783e-05,0.0,0.0054691027139471115,0.061415155352513295,3.3302409900794004e-39,1.8123264591143622e-25,0.007840657352648371,1.9541262907604816e-303,6.786847826493376e-130,0.003056959918160438,7.146011885158742e-72,1.2452776387070029e-16,5.613475766230035e-07,,9.446831388069551e-06,3.1168269195133507e-13,,9.55615540535182e-178,0.0,1.6540099368882276e-142,0.0,0.0,0.0,0.0,2.4499408750977e-36,3.8620036006531484e-208,0.0,1.977850925383155e-269,8.98895715674137e-133,0.0,0.0017261505476731931,0.029946603923751924,4.067958991537114e-09,1.601535968678288e-19,0.0,1.681285444320762e-68,8.186844908426314e-84,2.9221832369485557e-242,0.0,,5.8047944329084954e-272,0.0005600990531526803,6.508222569373112e-159,6.8578607753372674e-127,1.9079008867034242e-34,7.076453812975891e-33,2.2769964195642972e-07,,8.475025216388348e-118,9.308191687767906e-70,0.0,0.05582934857734785
LUN148,2.8339391468561494e-204,0.0,,2.976114115702769e-143,0.0,1.3105113429471968e-101,4.281200419234121e-145,,0.0,0.0,1.5664505077034887e-124,1.9337183168366906e-05,2.015047626625392e-74,3.476919228609037e-64,,8.964006509494523e-136,2.529842493728345e-109,7.632254452474157e-31,0.0,1.4264168473754813e-33,0.9960415774202374,0.0,0.04023670571077059,4.656023636893637e-05,1.2509395093801731e-30,4.844374634602819e-11,2.512091520173353e-06,6.269298509803526e-273,6.164240346541932e-132,0.14633849831711526,7.834149921835347e-83,2.21650443112519e-14,0.00015185311080568036,,1.3516974799627504e-12,6.959400765028975e-22,,9.229515972313087e-154,0.0,1.4422833282486498e-147,0.0,0.0,0.0,0.0,7.479189412346264e-44,8.545931256540187e-219,0.0,6.450345271244613e-116,1.5190389458065848e-182,0.0,1.079149330991193e-07,0.3627713100077068,1.140412475573494e-22,2.1870734322228447e-19,0.0,5.426241764245825e-71,5.221015369278345e-85,6.25877184001429e-150,0.0,,9.874776934215977e-295,6.35601534318225e-10,5.264983015701384e-151,3.4146253232101224e-67,4.181816780055229e-71,4.8971905670305877e-54,0.5436689281327812,,2.7020197680632296e-118,5.0160774924198224e-89,0.0,0.00023843210926695135
LUN149,4.6284885037758265e-262,4.239677920891445e-277,,2.2100572984862603e-140,0.0,2.9825431774430224e-111,4.1192406165873815e-98,,0.0,,1.0842528931798373e-168,0.0019295849346061373,2.0780333531327177e-86,2.1802882190745997e-58,,2.635479321588197e-121,5.594503035314648e-71,2.4318543641505464e-28,0.0,5.938930518474691e-26,1.2069948855360166e-07,0.0,0.0043548614021216205,0.5723123255760696,4.154668516258602e-51,9.910852847675656e-34,0.10051889805818578,0.0,3.179686138693294e-169,0.0013493963141230543,5.036711088163335e-80,6.628618664638043e-32,4.095117381014711e-09,,0.0007754564318837021,2.27508413954059e-09,,7.985354654833202e-203,0.0,1.2626676276363138e-151,0.0,0.0,0.0,0.0,4.521785960115774e-44,5.227925374563427e-199,0.0,6.865565475788374e-198,4.512500989246806e-145,0.0,0.047119933028476585,0.0005210951201676243,0.00031521557700360536,2.037994024904494e-22,0.0,2.568112429486729e-52,6.258584752402312e-94,1.7422456302989147e-177,0.0,,5.689303868841941e-257,0.07493403878599755,6.036784035906696e-148,4.710427451736213e-152,5.740592258624689e-22,1.821348181880778e-27,3.594806604523889e-12,,7.975391235286063e-119,9.797399627434426e-67,0.0,0.31700372018870066
LUN150,3.912628258456484e-225,2.582471999682914e-192,,1.06051140942953e-98,0.0,2.782450507013169e-101,1.149149006122363e-79,,0.0,,2.1679283711102567e-87,0.16034397671040587,1.0643223358032005e-75,3.216337322836101e-37,,3.646048195249859e-120,4.9019960929473306e-54,2.1455221829116926e-19,0.0,3.36217668361174e-14,3.607753517491395e-11,0.0,0.03875164351448264,0.01634880082696728,4.1500749318020817e-50,4.3621485743397774e-41,0.7026794844901801,3.9077437733596464e-269,9.446587331629655e-118,0.06308204450714643,3.8163025461566566e-51,4.757936598696967e-19,3.0106932323265706e-21,,2.5861552677001697e-06,3.3071731804744295e-06,,1.0263064463205238e-199,0.0,2.8733380189468386e-126,0.0,0.0,0.0,0.0,6.982770896569247e-32,5.2434078435523546e-142,0.0,1.8538723456757072e-233,1.1047558301602366e-115,0.0,4.1166051494274805e-05,7.69799978271445e-08,1.1133533976037186e-12,4.1002324382367415e-16,0.0,4.98245773795839e-35,2.2409523202970206e-79,0.0,0.0,,4.107715924379274e-222,3.274775880710112e-08,1.5004736733219452e-102,2.146802652952423e-127,1.2067564639023054e-16,6.7278378714389936e-18,7.866022378050299e-17,,1.6481265429708506e-90,1.0061985557444304e-44,0.0,0.03505843383749027
LUN152,1.5724888439022599e-257,7.589736987940336e-278,,2.9284458111153587e-134,0.0,3.0738123454224374e-107,4.196932194481807e-87,,0.0,,2.621132093337354e-139,0.17184253291188642,4.32888640592808e-104,6.432195021149088e-51,,3.0669412194960245e-124,1.8567513071073703e-47,1.2149211251117568e-27,0.0,9.589861649837381e-25,3.57400805789064e-08,0.0,0.09130532213175141,0.5040832664094155,2.9477078031894986e-51,3.0622826941879815e-39,0.10568096873551906,0.0,9.912788236322964e-151,0.030082047327280204,5.609870575987412e-78,1.2085319372243018e-31,4.21429979764578e-14,,0.0001226924772007981,9.571040113979962e-10,,3.2350627146137035e-219,0.0,2.304115791963318e-137,0.0,0.0,0.0,0.0,1.7772594614148333e-41,5.661228863539564e-179,0.0,1.345045144687907e-289,6.940486621386027e-138,0.0,0.016538039313621293,1.7906742375459826e-05,4.7627146897366875e-08,5.662813225288407e-21,0.0,1.762312600107973e-47,2.458384936889154e-96,2.5183033851700783e-240,0.0,,2.4314923572619284e-222,0.03243971017428813,4.817248130904934e-134,5.484018901287477e-120,2.1387786378878187e-26,1.2632355081880461e-24,1.3724650495618602e-13,,1.1307716189867108e-114,8.428135012242428e-67,0.0,0.24890310666446316
LUN153,8.450621191586561e-211,0.0,,5.439397802222842e-162,0.0,1.1533757855012705e-128,1.6599042358440483e-163,,0.0,0.0,2.3755675200187642e-189,1.2688931974755826e-06,6.682211435623548e-76,2.3881218275917278e-77,,1.3373741494662602e-132,5.947145111027146e-117,2.171048433468016e-35,0.0,6.264881130957927e-44,0.2575933934168661,0.0,0.07615105363379578,5.340953184551065e-07,7.766589632154703e-32,3.0366630643162564e-14,8.675203692248182e-07,0.0,6.933613976081404e-164,0.07727879261758125,7.952781085515455e-95,1.4798042152258262e-24,4.751706062393341e-05,,4.163779310330363e-15,3.552541161271798e-24,,1.4780555746709273e-140,0.0,5.055241219571407e-168,0.0,0.0,0.0,0.0,9.026270776785461e-52,7.930124621086438e-220,0.0,1.5910908530239638e-119,1.7000575420697212e-193,0.0,1.6691150779576973e-11,0.001625837812409818,6.23719535604769e-24,7.545748646255421e-23,0.0,1.0185711708123283e-79,3.110938114353456e-92,8.405192084960555e-117,0.0,,3.06713333206206e-277,1.3562136373661436e-14,6.763003895224091e-161,5.814153926680964e-75,3.978858512925038e-102,1.2032912398478478e-58,0.009475684103254018,,1.5748907597660047e-128,4.335055105150492e-94,0.0,5.427105014484549e-06
LUN154,4.312179684128295e-204,9.18618067111386e-284,0.0,1.5776597567613643e-137,0.0,3.11440431099159e-100,7.167933928470864e-164,,0.0,0.0,1.0558498212847091e-121,1.189877559789852e-12,5.982810216096722e-73,4.1104347978096795e-74,,6.071399306520715e-126,1.0669409343297744e-158,1.0653354124771491e-34,0.0,3.962078348811458e-35,0.024281536686634023,0.0,1.8311936572226596e-07,2.162303934930931e-11,2.85679149852184e-31,2.081149903466329e-09,4.992906682533675e-08,0.0,1.2538233317942335e-132,0.0013980661356750217,9.849485205520318e-82,2.466242844517032e-13,0.0001647752759680028,,7.483526234635631e-19,4.5838439485483594e-23,,1.1210748118376276e-156,0.0,6.086232485527007e-158,0.0,0.0,0.0,0.0,1.4372120982057683e-46,7.55783791073883e-294,0.0,2.813067662574128e-115,4.775279249037633e-177,0.0,6.671839417565257e-14,0.02495758709419583,1.1642664668655655e-29,7.029894832921561e-22,0.0,2.938490543174876e-96,3.625332436486653e-82,1.495221208543344e-139,0.0,,0.0,3.736135516910881e-19,1.095940220644752e-143,4.089921602497004e-73,1.3879875347662375e-66,9.032420228520206e-62,0.03729114919413924,,2.825223948986566e-131,1.2216760565396733e-90,0.0,3.918918423374933e-09
LUN155,6.2707434683431455e-263,0.0,,2.8764893613116297e-192,0.0,5.703477595546363e-135,1.106280282021787e-149,,0.0,0.0,9.20912692448986e-238,4.682252692704124e-05,8.441032901468835e-114,3.8554717903786177e-81,,4.256615170290394e-170,1.9521243729197847e-91,1.515929382321652e-47,0.0,1.6963205735248937e-48,0.06195441057391446,0.0,0.504545741052395,0.00017777890153714858,1.8797298396876313e-45,1.6804931507108494e-18,5.095904565389444e-06,0.0,1.0566960625672652e-193,0.15697639996286716,4.925395403056721e-103,3.8828644106540146e-20,1.0372879618424118e-05,,3.795528263107258e-12,1.0451562345816255e-21,,4.756303625282595e-195,0.0,4.221199775240375e-179,0.0,0.0,0.0,0.0,1.6454771597975545e-59,1.7206071049611023e-285,0.0,4.816983662020097e-148,1.4851359080198372e-225,0.0,5.335057414885855e-09,0.007535127081973957,6.9865114405332e-19,3.0194644859830524e-24,0.0,6.180357186793e-86,1.2665481041400338e-113,1.6096633636823107e-170,0.0,,1.8591666504351117e-277,8.585708528653762e-12,1.4825200952149524e-147,1.8143353745618467e-103,3.981041538725716e-91,1.85808472741796e-50,0.004949947162154624,,6.747821132513725e-160,3.5320885379093493e-99,0.0,0.0004024531599455178
LUN156,1.8710864549324476e-204,1.0484698294967885e-218,,2.2980112263009022e-112,0.0,3.0391167647677415e-75,9.572933712912691e-110,,0.0,0.0,1.6739410532163107e-93,2.997420001789548e-06,9.941870457908265e-104,9.396702670115855e-50,,4.2949261083494775e-110,5.611656702943996e-74,3.3815685938742865e-32,0.0,1.1081099844942275e-22,4.286055141008906e-05,0.0,4.3482484198316887e-05,0.003897158451466783,2.4236633811215342e-39,3.817879311215546e-23,0.00024237848339201784,5.984303080423202e-244,5.485069463765937e-110,0.0001101905643975823,1.150678707480353e-74,8.225795870419852e-20,3.979788966929105e-07,,2.556884140404204e-07,3.138050488725605e-17,,3.8840694072970025e-175,0.0,4.330942418230091e-116,0.0,0.0,0.0,0.0,1.4915496775326095e-35,4.34742897273377e-243,0.0,3.5049311262667185e-269,5.475515044301986e-120,0.0,7.315876390574838e-05,0.010837553922007042,1.5021850371286478e-07,4.1773374745730355e-19,0.0,7.234721245437338e-73,4.0030122540708763e-79,1.274667573663157e-233,0.0,,0.0,7.0163404789592e-08,1.7475557428571371e-109,2.408621046651348e-64,2.794686451429213e-46,7.88837949140533e-40,2.3855013661399644e-07,,4.771221655003829e-111,9.918746493964951e-70,0.0,4.801064417010299e-05
LUN157,1.0765537500074877e-209,0.0,,3.502601597268905e-150,0.0,3.664705497396549e-103,5.994796692581147e-142,,0.0,0.0,4.231159148738372e-158,0.00028122287248575945,1.2449254259234946e-79,2.17182332494423e-63,,3.561215775195918e-132,1.3489628473576045e-98,1.2490528290514835e-31,0.0,1.8722957370173892e-33,0.8460964998221436,0.0,0.32382058688521,0.0011131592594702522,1.100612816505066e-33,8.3937308255115e-14,8.030553997131733e-05,0.0,2.9770664773647055e-146,0.5419261574506228,5.666375709510124e-85,1.9423932158246474e-16,0.00039724974929517866,,1.4032091643911004e-10,1.6959855149170716e-18,,1.031467620910144e-160,0.0,1.7870491866127127e-150,0.0,0.0,0.0,0.0,4.8159919026912346e-45,1.4012828797216138e-219,0.0,1.4808979432315046e-117,6.00718525105893e-184,0.0,3.2437088306225404e-06,0.07403942315961383,4.631890895246326e-16,6.510495365574681e-19,0.0,4.561637637553245e-67,3.556634209424779e-88,4.446995268280817e-136,0.0,,9.458912225234917e-283,4.878208586694965e-07,1.9793271499349212e-134,6.223985388372388e-67,7.021339991612565e-61,3.804287605272222e-49,0.06066423399599545,,1.3067826142343666e-119,4.562184911597932e-84,0.0,0.001964611172578474
LUN158,2.0470919538586861e-221,0.0,0.0,7.469919813637715e-159,0.0,4.0972088173149733e-101,6.114183362927601e-141,,0.0,0.0,1.8926108963759888e-160,0.00040559051593217404,4.24185830938282e-93,2.6361182357965257e-60,,8.472114610558405e-175,7.015365339762438e-95,2.307583441970006e-38,0.0,3.1670045027463217e-34,0.4179122460244077,0.0,0.2451925117554671,0.001594409027565179,2.417746110084055e-40,6.526434924973997e-14,5.539421443645667e-06,6.0381397608979116e-282,8.39056941238526e-146,0.22257926328424954,2.1694958804335283e-77,5.478079234061139e-12,4.893204204448823e-08,,1.2480834320941073e-11,6.039893855103885e-20,,1.27183056383847e-176,0.0,1.576234854052394e-157,0.0,0.0,0.0,0.0,3.6301939874681707e-47,3.728905022502065e-218,0.0,2.187902007559493e-116,1.4304025317927669e-204,0.0,5.857644608652013e-06,0.04854430308627269,5.343714995007657e-25,3.877038567937402e-17,0.0,3.970992974231078e-61,3.396227958096221e-93,1.77309745268923e-193,0.0,,6.692140367224901e-268,2.0871965499665708e-07,3.530746835873438e-112,3.611311821545435e-74,1.7028357930485848e-74,2.9359601967973916e-47,0.19953292595117372,,9.077991063815224e-123,5.651453425084079e-80,0.0,0.003120568332931917
LUN159,2.01292184220493e-78,1.261180467252023e-147,0.0,1.686752227553398e-52,0.0,7.618866701530454e-30,3.679844323624015e-210,,0.0,,9.188014842963045e-42,1.361575092809349e-34,5.516452494707404e-18,1.78165672951002e-31,,3.073879971938652e-66,2.7771653471904815e-240,2.2591719996439138e-07,0.0,2.1926640848580287e-05,1.2679763274907395e-16,0.0,8.502958882534103e-33,7.606985527686636e-43,4.8449647026903904e-14,7.036088934095174e-17,1.6553139379647942e-30,0.0,1.1553946411627662e-54,0.0795450329612732,9.46138431695243e-36,1.8197854200029524e-14,4.1302491399403055e-31,,4.012242645548195e-45,4.8154921838813264e-30,,1.2771315455197806e-75,0.0,8.987463972639759e-139,0.0,0.0,0.0,0.0,8.119094430121841e-14,8.276234906504273e-73,0.0,1.148675941959544e-120,6.663394946149344e-98,0.0,8.466529445805408e-40,1.2809409222784126e-24,8.993529106805053e-54,4.076190059881877e-05,0.0,7.268541167315999e-25,1.4855035234141483e-24,2.0124112908299662e-69,0.0,,0.0,7.805967878718382e-56,2.8982024032170577e-48,1.8180840737688232e-11,3.2859520523506586e-05,1.0855897285426143e-75,1.4873778541421523e-14,,1.0131024868524808e-33,2.349032114100775e-25,9.144365352133984e-90,6.966988439625498e-39
LUN160,5.962017469818591e-201,0.0,0.0,3.679075643118906e-147,0.0,4.845082934208225e-94,3.1345659072388662e-136,,0.0,0.0,1.352641767028895e-159,0.0013579514386704106,4.1493211944603e-75,8.291030343483167e-55,,3.124299254678928e-144,6.489259660392401e-96,6.181663493768022e-30,0.0,6.917655604989293e-29,0.4460513336650439,0.0,0.34718128060609293,0.002156528239331022,5.2094533008322024e-36,4.8928868970792996e-15,4.787996868436211e-05,0.0,1.8216618934019205e-141,0.6809853770017286,6.545402934704084e-74,1.0876109254161128e-14,2.556911095695389e-07,,1.1714424259863806e-10,1.7044114753759315e-16,,8.516691890899915e-165,0.0,1.0034383154547665e-151,0.0,0.0,0.0,0.0,8.554899013109341e-43,5.068262091698467e-180,0.0,1.9971926136262325e-109,1.139514882394488e-188,0.0,3.949503483847381e-05,0.005193853785975331,5.493760453615596e-20,1.0053978238108621e-15,0.0,4.331589370360081e-52,8.022881581699042e-85,7.403009048343247e-145,0.0,,7.401228917637011e-256,6.42529638972858e-06,1.7250187354186882e-110,1.9705124777897445e-67,4.503740104797766e-53,2.6581762267871703e-44,0.02297057901030574,,1.0468593734188814e-105,7.649125953508421e-73,0.0,0.004431361373540724
LUN161,8.167449642498708e-263,5.231161258350246e-243,,2.0926934930622244e-146,0.0,5.5408124567064564e-133,2.0388923258809198e-163,,0.0,0.0,1.3918281410354253e-163,1.539481207117509e-19,1.938384896167198e-106,3.4628488430848156e-102,,1.739014927739983e-109,3.9616139173194207e-175,1.8618895913472793e-43,0.0,8.187973245586851e-52,5.264344979375525e-10,0.0,1.439752905564922e-14,1.2157566734830938e-13,1.0713165225216874e-39,7.649976766576973e-20,4.23391653756004e-07,0.0,1.2269922964255e-168,6.695544378666272e-12,1.5936022871769706e-108,4.3351275784182004e-24,2.8887739440828006e-05,,1.1669059715085104e-17,2.214260222905125e-27,,6.357696370875025e-175,0.0,8.698085142969214e-178,0.0,0.0,0.0,0.0,1.1225570071647093e-58,0.0,0.0,4.87208883773e-275,9.422038187457507e-177,0.0,2.188769423231957e-16,0.0001093874632203672,3.848692169490669e-22,2.0354490546370978e-36,0.0,3.992525688818369e-157,1.3491881146758334e-96,2.5459687426565794e-144,0.0,,0.0,1.942010562915695e-25,2.0722662451686676e-225,8.824328752972035e-139,5.077075717387886e-76,6.57108808119384e-65,3.8412032486054915e-09,,7.337573330518305e-175,1.7096687984479308e-104,0.0,6.172244974738817e-12
LUN162,5.1492264900236465e-232,6.262022729317818e-283,,6.112306342987257e-137,0.0,7.149911873694253e-105,2.215517841091784e-142,,0.0,0.0,5.042372620781437e-104,1.6548555480305188e-10,1.1032661057534649e-69,3.2930731063049467e-75,,1.492031855836498e-136,5.84738797046448e-149,5.225749071106633e-33,0.0,3.7990643471667013e-36,0.026448868484761644,0.0,1.2500219160453213e-07,2.1288021414592475e-09,2.1026837205908708e-32,4.223880372288134e-11,1.955958220440368e-09,0.0,3.0830893096114617e-130,1.1486724378306162e-05,8.374359638386311e-82,1.173512453514731e-13,0.0005142933849681742,,1.2040257342816324e-16,1.8812633572202878e-24,,1.2418347849036448e-167,0.0,3.3688242007524297e-162,0.0,0.0,0.0,0.0,2.2520454677904724e-47,9.852956271752315e-277,0.0,3.2451578434998945e-161,6.138448124697419e-175,0.0,3.6181254113714036e-12,0.5813641071538714,9.801230128572652e-32,1.72049039520573e-23,0.0,1.0153484755179385e-96,5.310395224948354e-87,1.7179440228021533e-195,0.0,,0.0,8.403993730215739e-18,3.98108173648657e-193,4.9051627631512026e-117,9.17463646323096e-68,1.8438820398815898e-56,0.17009398852632385,,3.0351265953169715e-137,6.5045631044661555e-99,0.0,1.1927599352709253e-07
LUN163,1.2611045331303177e-216,0.0,,4.381032014757664e-153,0.0,3.5095085564742034e-113,6.772741419025318e-139,,0.0,0.0,1.0723950673387939e-161,0.0012640621417219161,2.2337579252502742e-70,3.927880649431233e-65,,3.3520313958942686e-138,8.843910329237729e-104,1.0756881033602455e-30,0.0,4.752909099995241e-35,0.38212233371714005,0.0,0.40217789263634407,0.001193156026268392,1.2235027757947503e-34,9.419230664843047e-17,3.7860491789773096e-05,0.0,3.6984764145874783e-154,0.30461507785930747,5.99502429721208e-82,1.3119168931726345e-19,5.933837242114877e-06,,5.651897619032901e-11,1.149792674289733e-18,,9.623284856539608e-159,0.0,1.7961899676294344e-163,0.0,0.0,0.0,0.0,9.791581366598881e-46,1.0336456654153138e-188,0.0,1.971347390532228e-111,8.364754815938284e-183,0.0,6.388681425398048e-07,0.0070384154464883456,9.846708237701e-20,4.641749602117964e-19,0.0,1.1128470872766211e-61,1.8438816942882816e-90,2.685890705618114e-146,0.0,,4.1974091741849734e-247,1.2115689538479965e-07,1.2164201947324819e-152,8.804665470761748e-90,1.973591937839108e-73,8.672760675514112e-47,0.00638369658037365,,5.458204576953913e-118,2.4882418111817627e-83,0.0,0.001762023580012791
LUN164,5.647704685638242e-260,9.473036753342602e-262,,8.688418786791546e-125,0.0,3.935270261294529e-117,2.009202844085698e-80,,0.0,0.0,6.08428282879182e-98,0.20247199903408497,1.9931086640472507e-120,2.8201479437978493e-41,,3.13230523036905e-175,3.648312241167952e-44,2.2034169814115572e-27,0.0,1.5493043261599093e-17,1.301125104624612e-12,0.0,0.01115455207399362,0.0037179381017463818,4.9439231711706695e-61,1.408101328339851e-42,0.1702675952108617,6.0944581579724495e-288,1.9175860548572814e-133,0.03978822474243864,2.0549992989959762e-52,3.716496517055099e-24,6.800879098678991e-25,,2.1150354649795467e-08,1.832114507375288e-05,,1.1236372941229223e-258,0.0,4.422722780545146e-143,0.0,0.0,0.0,0.0,1.0533964790914326e-39,6.260618480390501e-161,0.0,3.046598198806769e-161,1.400255620116013e-153,0.0,6.9176254835879585e-06,1.3554150878806124e-09,1.0327698656469227e-16,7.587517055760991e-17,0.0,3.83014482436372e-29,2.5123927946623816e-97,0.0,0.0,,2.6183711073799857e-197,7.920805412040624e-11,1.0533990475518557e-103,2.0481015748783172e-162,2.6123068045009607e-22,2.1482682615540974e-15,2.2425713857235946e-16,,4.740946461432154e-105,1.7972238162897887e-53,0.0,0.00533558408846534
LUN166,2.65868107382625e-237,0.0,,7.06942991997548e-148,0.0,1.7781442030718704e-103,1.0851732417877362e-125,,0.0,0.0,8.672634591363129e-126,0.002923899855557357,3.2341203933629593e-93,1.6148792028972836e-63,,8.514197258523047e-148,5.85696215538046e-88,4.034942602429549e-34,0.0,1.9655519511058813e-32,0.49855051002170025,0.0,0.15085981648692276,0.023584649963082925,1.0435985125631001e-38,1.1013332194888331e-16,0.00014029452086116709,2.1652036923687807e-273,9.85246552816986e-141,0.10890880857247148,5.511031823072851e-83,9.126252726224683e-13,0.000632570931704502,,1.6183542912986646e-08,1.753642675942243e-18,,6.242583644549351e-185,0.0,2.648139892033763e-150,0.0,0.0,0.0,0.0,5.242676072173341e-44,6.865211097044207e-250,0.0,7.032483483915851e-163,7.427528694966001e-174,0.0,0.00022336598501885107,0.5494013506677076,1.5624047425518032e-14,1.8932478064105833e-19,0.0,4.6977634512643376e-73,1.2073912215287212e-94,7.561824159015432e-221,0.0,,3.2494211220786365e-284,4.997481851170131e-06,6.989802850237841e-148,8.579746426487235e-93,3.6639866218918144e-63,6.466399940718479e-44,0.04004835846952804,,7.59541261775729e-134,1.8564368948728985e-87,0.0,0.016949768272591034
LUN167,6.155489872211189e-247,0.0,,8.131711239324309e-153,0.0,1.5999203158542379e-109,8.042698362074585e-104,,0.0,,5.933266752197747e-163,0.31309071192539123,5.459024415065496e-121,4.657532727641515e-51,,2.0534557855043385e-164,2.478716934598954e-41,4.956574602695144e-34,0.0,6.115328214808013e-32,8.003232235627187e-07,0.0,0.2406093886140352,0.0135278563692444,1.2442303231486461e-52,1.2556083838735634e-37,0.0012220066867867634,2.4417010959112615e-194,2.246491900772844e-153,0.7405822432298241,4.343490933434671e-78,6.334134948583244e-19,1.733476681230205e-17,,6.787475078565062e-08,1.8478139339571188e-13,,1.5917116505992327e-228,0.0,6.65156373098507e-143,0.0,0.0,0.0,0.0,8.548806779158214e-44,9.028010747405439e-172,0.0,9.693978912129831e-198,3.15251195623326e-167,0.0,0.0001560753943338473,1.5377531465736622e-07,8.222027156189643e-18,1.017054987802028e-18,0.0,2.0252442932449174e-45,1.176779430331468e-106,8.801491270882642e-297,0.0,,1.3332041416663695e-185,0.001116083199733635,1.901062794102887e-115,2.5250632205984443e-94,3.8465598029204135e-55,1.1032788718483233e-29,1.7819026271287443e-11,,6.131297313477105e-121,2.0752127906174967e-72,0.0,0.0018257624596391944
LUN168,1.5344691538925791e-266,1.82174520691032e-182,,1.8463303182473167e-95,0.0,4.833312328516355e-189,2.315087049329256e-60,,0.0,0.0,1.0779201825658704e-77,6.295090214960015e-06,1.6189028311133356e-118,5.397018196151087e-33,,4.614999709679103e-168,1.8466212243546326e-29,3.0375473850650722e-19,0.0,6.753714521762404e-16,6.672503709552269e-36,0.0,7.029186003620274e-07,1.9149766805664745e-16,3.0410040952273364e-84,2.3120185478195494e-82,0.7934680579573412,6.8571754782659445e-301,3.104197959841717e-127,0.00013261082122573655,4.663680340102892e-34,1.0736893815801772e-46,2.015192899889079e-62,,5.79817981931273e-23,0.10179194367552305,,1.039489484157555e-309,0.0,1.8995094741348728e-135,0.0,0.0,1.864950578759617e-282,0.0,9.240979047618547e-45,9.764755235644264e-82,0.0,1.3187664929848571e-226,3.798275363994679e-147,0.0,1.9901778444711713e-24,1.9139393752635693e-27,1.29185811447658e-47,1.2758014097258074e-25,8.976347931602292e-139,9.171450801895434e-14,2.7869434514660505e-97,0.0,0.0,,2.0742405483165157e-142,2.0776627421860955e-46,6.487139181813789e-94,6.2822698546203285e-233,8.533795298437114e-20,0.0006207130026694637,6.11852042412649e-44,,4.4078179227761426e-75,3.2795601127823666e-34,0.0,1.5171450895838292e-12
LUN169,9.610176654485334e-306,6.546064205924115e-263,,8.711563058822217e-129,0.0,2.2104995410957095e-160,9.632795304196695e-56,,0.0,,1.4097813080780728e-114,0.0010264013299979009,3.439590660222211e-120,9.504130743975794e-46,,1.5572016539769706e-145,5.344145317363595e-33,1.2893566680358989e-23,0.0,1.2768906469782417e-20,1.469760265747677e-23,0.0,6.127403670978522e-05,8.915282681550351e-07,1.2569025815292059e-72,6.225395672132791e-66,0.2874961304026357,0.0,2.8591204875450896e-153,3.613466437529533e-05,1.2404701093836164e-63,2.921968961679396e-65,2.005226085811778e-36,,9.141162448160865e-14,4.032200055146265e-05,,4.628553781785382e-305,0.0,3.991974021772971e-149,0.0,0.0,0.0,0.0,3.2497074831444912e-46,9.974169185526833e-114,0.0,0.0,2.4158854552316137e-153,0.0,7.152160830148641e-12,1.2363340028970232e-16,1.3034436428353165e-29,3.1320750031403273e-27,3.399703973816848e-238,5.631160157212317e-25,1.1768805696258698e-107,0.0,0.0,,3.549883990341569e-154,4.6822838864075345e-19,5.449413114123664e-163,1.5306394948116272e-218,2.497682798958223e-14,8.840135476270694e-10,3.552661197431717e-30,,1.8590745557397774e-98,1.0043437107516587e-59,0.0,1.557502843336806e-05
LUN170,5.197170520264886e-217,0.0,,1.3217307218501016e-157,0.0,5.306801360994851e-117,1.419329192766439e-154,,0.0,0.0,2.734100921412899e-151,1.2913564560200821e-06,2.8429424614411255e-78,4.853208991373758e-73,,3.775706806326745e-134,6.175376868200439e-116,1.348245815536236e-33,0.0,3.7796644306009885e-40,0.8333138435909602,0.0,0.029191562891414006,2.739987890777655e-06,7.568609476003828e-31,1.0573707566670967e-11,5.707105512101031e-07,0.0,4.208066078650953e-149,0.09800349816121115,1.6794255063242325e-93,3.1955702906894745e-20,0.00032652953570794593,,3.43219493015857e-14,2.8933072181667036e-23,,2.467233146200974e-158,0.0,6.7555363499866954e-158,0.0,0.0,0.0,0.0,8.616028447001031e-50,3.322590927933595e-235,0.0,4.337338733795456e-128,4.202207004038244e-201,0.0,6.968950041464807e-10,0.10681254373801825,1.4713814731671003e-21,8.259964152922158e-23,0.0,4.2521079393038935e-79,8.273307328606781e-92,2.5280201640297006e-123,0.0,,3.365867548991454e-297,2.1696362117346966e-12,9.489229990368124e-173,5.336335669059327e-75,3.3908065413151915e-77,6.84086973486828e-58,0.23069669516252894,,6.58123977066769e-129,3.060828653182981e-99,0.0,2.01234314341606e-05
LUN171,0.0,1.0643347101764123e-271,,7.681440695786336e-154,0.0,4.368649154804429e-126,1.1551185541172707e-89,,0.0,,3.184544693786706e-153,1.4099383783453647e-06,1.9053256874230467e-133,9.204176497390973e-66,,1.1143190077436905e-153,2.2365679996497407e-67,4.313308455680014e-41,0.0,1.7244128310734967e-27,5.195696228437934e-13,0.0,1.2099090997733177e-06,0.29266813094580363,1.748085700170701e-65,1.2949279253643946e-38,0.11447035003365573,0.0,2.1834704039480802e-183,1.9509370906034712e-07,9.014040129471201e-82,2.731668257882034e-41,2.0158112206878529e-13,,0.0026122637798694907,3.2288205309644596e-09,,1.0057507179757529e-267,0.0,1.9389629919462525e-162,0.0,0.0,0.0,0.0,6.305321854173504e-52,2.9948687995247285e-276,0.0,3.73037564131469e-247,8.410629409141759e-171,0.0,0.18796491654140177,9.122662710236037e-05,0.0014767807107421557,1.808320765942024e-27,0.0,8.620758988954101e-60,8.775285952037863e-112,3.5401867878406984e-278,0.0,,9.583108379879484e-308,0.1207669734249465,3.0719289481360897e-155,4.322611867765895e-230,2.8095698014391744e-39,1.2578028760367005e-23,1.9996269735672644e-15,,5.774851138191434e-148,2.9188131632623596e-74,0.0,0.1442293110975286
LUN172,2.559888953455238e-246,0.0,,1.2930220951845952e-157,0.0,1.0219245146251273e-108,2.1292403744430952e-110,,0.0,0.0,5.278686155083165e-148,0.17249000614842133,4.331222315811231e-98,1.7258353632058755e-57,,1.228774553455113e-148,1.5919057473751216e-68,7.21362640785086e-31,0.0,4.390887988459213e-31,0.03978365725288222,0.0,0.7704864011297534,0.36700584688353677,9.575758155380234e-43,9.762549434586455e-24,0.0011967238387876953,2.453305318539286e-302,9.138903783416793e-154,0.4604583835856403,1.2553584967583785e-83,2.074192630224034e-23,1.6792874355700772e-07,,3.918597525387677e-07,2.161321165280024e-14,,2.2711622106503945e-209,0.0,7.234870961262712e-153,0.0,0.0,0.0,0.0,2.1728297420430646e-45,8.318134441875022e-193,0.0,1.561092320198715e-156,3.0198323647578847e-187,0.0,0.002423423206543541,0.004208607718399122,1.1172945878226976e-11,1.3231074227482126e-19,0.0,1.4567657013387074e-51,1.824686648975417e-100,7.192312366348675e-192,0.0,,3.3128371763974625e-225,0.02047798042123796,7.834743744252905e-153,6.725638636972431e-104,6.155646832766177e-44,7.017393010405304e-36,5.1789869384563934e-05,,5.309793877515349e-122,6.146487998468895e-85,0.0,0.19865436089625463
LUN173,1.2189389119476414e-206,0.0,0.0,1.1563532969124414e-155,0.0,2.796736886508346e-108,1.9852052423142483e-167,,0.0,0.0,1.8967164834314665e-140,1.8326377616631322e-09,9.547834642083151e-88,5.3673833086107025e-71,,1.3598850707207404e-169,1.0009314591403065e-122,1.8905807784885763e-42,0.0,2.6848461354142833e-39,0.3696005884504772,0.0,0.0006095059081049594,1.0560326509643918e-08,4.4005987980111615e-36,1.823538201349833e-08,2.4435775858519405e-09,3.033790223114936e-261,8.035290069415303e-134,0.006211599066451732,5.0046156499667977e-85,1.8819507085044622e-13,1.2767317735765562e-06,,2.4427339277780555e-18,1.6986468929843034e-28,,2.857245091021378e-154,0.0,2.2126586378617882e-153,0.0,0.0,0.0,0.0,6.955523123509262e-50,9.672198476242942e-266,0.0,3.2344765205214774e-116,1.3507180215849172e-209,0.0,4.145876789447015e-12,0.15854993008127485,1.664130425709012e-37,7.178374477836298e-21,0.0,8.462216730324705e-82,1.0029671532008234e-88,5.642574226385475e-171,0.0,,0.0,6.908756928265161e-17,8.941409255191717e-122,1.0084657150881789e-53,4.022916197375097e-101,1.2210645614806779e-64,0.8231227788323845,,2.2894534146690234e-129,1.3197789381633083e-92,0.0,2.1626151444115754e-07
LUN174,9.295492639575682e-288,0.0,,8.529345789288167e-191,0.0,1.364267077190971e-140,5.219933510465308e-139,,0.0,,4.6177227669048487e-231,4.083697839450646e-05,4.9816868277224376e-136,1.15884490777498e-85,,6.082348515132727e-155,1.8177180644700872e-75,1.3820580851064806e-48,0.0,1.314745482189454e-50,0.0013848831449817431,0.0,0.05517770695100461,0.000759865714986079,1.064079787752976e-48,4.2800806984729755e-26,8.114492836309015e-06,0.0,4.1177619448253936e-199,0.02764106149592301,1.2974984506331122e-115,1.554018930075867e-25,8.730593365986578e-05,,4.374609229148196e-09,3.3422395738358635e-22,,1.9205517007977338e-209,0.0,3.019609977985167e-172,0.0,0.0,0.0,0.0,4.748389608879819e-59,0.0,0.0,1.745689434294528e-250,2.7199937654594448e-202,0.0,1.81857563289648e-07,0.0028679946180434767,2.8364736513402936e-10,6.347987282827275e-28,0.0,1.021056791231317e-99,2.388668783318927e-120,4.63656891839364e-202,0.0,,1.8455350898476412e-287,3.194089940328989e-10,4.596863129195234e-168,8.856354883408472e-111,1.5744517367538434e-88,3.036907010015319e-49,3.4115963350768602e-06,,4.008041126040749e-176,9.325242098434771e-105,0.0,0.000393398415688015
LUN175,5.328678482376909e-249,0.0,,1.8452823296688112e-201,0.0,9.572822902230056e-186,1.8024974860811133e-220,,0.0,0.0,8.335668088490548e-166,2.4024859908631007e-21,1.377739421920917e-106,2.272946707160797e-118,,2.67007428490785e-184,1.5494757853962442e-179,7.273184409687572e-58,0.0,5.4907498333603305e-74,4.100550534849109e-05,0.0,6.935354692227966e-11,1.8101628480594646e-23,1.645319256141975e-37,3.430925811154061e-11,3.0804470192223385e-18,0.0,9.811090259707946e-175,7.271459210061671e-09,1.2126101554138033e-127,6.355645337911757e-30,8.166104209739858e-15,,5.3803839073723785e-36,4.689086080219832e-49,,9.14583551693784e-168,0.0,6.882024220585417e-187,0.0,0.0,0.0,0.0,3.3898393043395575e-80,0.0,0.0,4.54475808696053e-163,4.74030108627998e-286,0.0,8.589111970351976e-30,0.008141501449427272,4.1505781430148256e-69,2.774666626042846e-41,0.0,3.732390850275752e-145,1.06645530520237e-113,2.241855740181669e-132,0.0,,0.0,6.511036396137607e-49,4.956067405715188e-248,1.76520155182789e-97,2.4679909666762136e-186,5.486856344792621e-99,0.01093770147201354,,1.0975541130662031e-183,4.7238767621744933e-154,0.0,2.1850164056384194e-17
LUN176,2.054241857125145e-55,1.9884179906256425e-62,,1.5715792874014868e-16,0.0,5.731854490033994e-25,0.0,,0.0,,6.338907426551189e-14,6.674204945013479e-113,1.4161354496998661e-62,5.952096052541802e-52,,2.0746092993640252e-66,0.0,1.0992501695618284e-13,0.0,1.7421283707084302e-10,1.652697078634735e-64,0.0,1.9394134389679442e-110,3.107329754733281e-145,0.0029965918679503703,7.955588881363945e-47,2.624653009211394e-103,0.0,4.862868595859818e-35,0.010828646143456556,9.832382833623325e-34,3.2762275968187314e-24,1.359225567331832e-96,,2.986131392833958e-143,1.108471122733416e-84,,2.2908515667428772e-32,0.0,2.138369072655913e-264,0.0,0.0,0.0,0.0,0.022080341483150075,1.3514166986643335e-26,0.0,0.0,1.731147854132984e-54,0.0,1.0869567691861246e-128,2.0654125762097933e-90,3.4959215956033063e-180,0.03423577654795686,0.0,2.494816692903764e-39,0.00037790581452161925,1.558540899971346e-104,0.0,,0.0,1.4410966294970125e-176,1.246318180432357e-18,1.331593305844333e-22,9.797183767776226e-10,2.937213142305499e-175,2.001048348543039e-51,,1.419994276697555e-37,2.1860344816055247e-05,4.732964221785787e-28,6.531406232356978e-128
LUN177,2.698806988455329e-218,1.747498349509679e-225,,5.0965804564425315e-112,0.0,2.0417922994885934e-83,3.6651629553290677e-103,,0.0,,4.4343884851805845e-102,0.00010249213722093761,8.063324859038181e-91,1.3224219261769016e-49,,1.0638834565917121e-98,2.1644187159411045e-72,4.8124966781315914e-26,0.0,2.1780633396394293e-23,1.3800603842399065e-05,0.0,0.0006233303909439599,0.02473662369702598,1.005793034320164e-37,2.4245500539361893e-26,0.0029536992393472687,2.9138951961716796e-271,1.490648192906987e-118,0.0006327640804713021,8.047004323440689e-77,6.3492847990239396e-24,4.345284113571877e-08,,3.7968887106207387e-06,7.238745171189e-15,,1.3061313813814106e-172,0.0,1.7490988690852025e-121,0.0,0.0,0.0,0.0,7.924002819882949e-36,1.5396817328693664e-206,0.0,1.13231876416791e-309,2.504892810113281e-117,0.0,0.000689948687451586,0.010404990552115493,1.4760602630266249e-06,4.2184947925780155e-20,0.0,1.4998375926078796e-67,3.422093569568009e-79,7.368141143847413e-204,0.0,,3.9300433042913686e-288,2.181893673360021e-05,4.12728025511875e-136,8.387780247015662e-82,7.884849002641097e-35,4.786783419248718e-36,1.816578730867837e-08,,2.246176206874494e-107,1.5049398844529577e-69,0.0,0.003734334809890213
LUN178,6.906398334405076e-150,4.276294516822109e-231,0.0,1.4111590148627217e-95,0.0,1.6992116844369705e-58,7.5980704119561815e-143,,0.0,0.0,4.594661365592735e-72,7.277358290539716e-10,1.7765226292327874e-39,9.20952927292596e-41,,2.8723621086031675e-113,1.0732732535318693e-149,1.5461109287030265e-17,0.0,1.5823494566118351e-13,0.014003003055237804,0.0,7.826664924866842e-08,4.078593811303016e-11,5.821719765729204e-25,4.4806578092162e-10,3.8977500956121304e-09,0.0,8.045800766345229e-91,0.4337208149249434,1.7375238369100186e-48,6.558257489032562e-08,1.292900568756992e-10,,1.6632699595394908e-17,2.5788180272142165e-16,,1.8458769347177555e-124,0.0,2.298543482649155e-137,0.0,0.0,0.0,0.0,2.5607703281324666e-27,1.524609663624513e-153,0.0,1.5562612234166363e-74,1.2564413039705327e-133,0.0,5.075641831989143e-12,1.3550804569339726e-05,1.9210879006571825e-29,1.0497587251346014e-09,0.0,1.826541854458573e-42,2.3643531250541286e-55,1.0278875896387593e-137,0.0,,0.0,1.1307427287021398e-16,3.0883775815893362e-86,1.8045502897524876e-47,4.840586499917245e-25,2.9318422061593546e-49,0.0028677300639033355,,4.398317850448318e-74,3.0487714888999763e-52,0.0,3.589190729650466e-09
LUN179,4.8563029236833355e-195,0.0,0.0,1.0493337613158593e-149,0.0,1.247078015254218e-117,2.0701303571159256e-186,,0.0,0.0,1.143763193922393e-115,2.0923297773068298e-14,2.1589773215353003e-67,2.9231642110356554e-80,,7.424940522875376e-164,6.43361454546024e-171,9.051288417821677e-39,0.0,1.0953077127064445e-43,0.035362006357240024,0.0,1.1870152163945276e-07,1.7197779387577442e-14,6.0650388174173834e-30,4.1951987032486365e-07,7.557696256011148e-13,5.721882168616364e-258,2.2341369409273944e-129,6.109925295770276e-05,1.4641770145394411e-83,1.5933185062544372e-21,2.6736671481190666e-12,,4.241125817829724e-25,1.1636219891470448e-34,,6.725134562941538e-131,0.0,1.0854771209289287e-165,0.0,0.0,0.0,0.0,8.017003097655401e-54,9.43857064483099e-220,0.0,3.5899951264116533e-127,3.6287614533660735e-221,0.0,5.741579948634037e-18,0.014676529988976918,2.1325275308136157e-58,4.428887554657719e-24,0.0,6.022448189167655e-84,7.705215397548534e-83,8.932998187434505e-137,0.0,,0.0,9.405622611956104e-25,6.045862448960406e-163,5.9651337499942325e-71,1.8877977974826729e-125,7.383533554348128e-77,0.5274903910543179,,2.088002992669222e-120,3.2423148610091085e-98,0.0,2.466725022174268e-10
LUN180,6.066359186398187e-247,3.1456684068652837e-198,,2.2436661529204955e-121,0.0,2.8264271048294763e-91,7.074572213287425e-117,,0.0,,9.172068554671753e-116,3.182907059461761e-12,4.774011302788943e-123,1.486490820203448e-66,,1.7339333889633483e-100,1.1626880350234258e-96,5.402449430147314e-40,0.0,3.66727577742262e-31,1.1465668181441326e-09,0.0,3.2934725137899064e-10,0.0011673984275144562,2.0603224085703406e-45,8.401564007819533e-28,0.001116511570528269,0.0,1.0351249182319779e-133,7.765905915336653e-10,8.639385211189956e-90,4.8335296499060494e-30,2.2958362154880906e-05,,1.5903371510227834e-05,2.753605360224194e-20,,3.744111376387441e-192,0.0,2.6214366721273467e-130,0.0,0.0,0.0,0.0,1.4849005075076561e-43,0.0,0.0,0.0,1.751915971979702e-129,0.0,0.001169681977085518,0.013430526110244152,0.0027155942153147066,1.592167565431154e-27,0.0,8.187723610146911e-110,4.406708463538448e-87,3.997665554062292e-220,0.0,,0.0,3.1871373001887437e-06,5.32824056429216e-141,2.0586391576637848e-107,2.0760172374835588e-55,4.1778020498242774e-45,5.2806907401632e-11,,1.583164847236331e-138,7.931311776310814e-78,0.0,0.0023211923501771413
LUN181,7.625982110146132e-256,0.0,,1.0323383438128752e-162,0.0,1.5085428776909399e-120,7.244107932178497e-144,,0.0,0.0,3.1045691115223347e-132,1.6106605854767685e-08,1.7471752567048927e-84,8.293148365380254e-80,,6.230725104584108e-146,3.911311377318615e-130,1.1116924414841611e-36,0.0,3.3815301858829655e-42,0.17044245759467916,0.0,9.069583053870706e-05,2.4030263003228716e-07,1.6010022247451708e-34,7.999283421780131e-13,3.7140525412538535e-08,0.0,2.1126311512542909e-153,0.0008589056087434378,1.0248303260418577e-95,7.626611709749981e-21,0.0006580914900043607,,3.1491128618486867e-15,4.6091907733271525e-23,,1.3870786625902846e-190,0.0,1.5970973315790998e-170,0.0,0.0,0.0,0.0,1.0429795417529097e-53,6.804519120133978e-286,0.0,2.7468306978471295e-167,1.4146056727771444e-211,0.0,1.668822013856797e-10,0.3301852631216981,3.5922176455204004e-22,2.1041865481684093e-26,0.0,8.523105270442518e-92,7.012529528961198e-101,1.1643523230022916e-160,0.0,,0.0,3.4789974181779624e-15,8.292433526663748e-214,1.6172163258331677e-123,4.4375665320262855e-66,6.773944587269087e-56,0.11874719835855711,,3.8503097564945104e-149,7.652857787674095e-113,0.0,1.2660142504804668e-06
LUN182,7.604590483615884e-169,5.183359427547644e-171,0.0,9.444973374329512e-90,0.0,1.8750681792656924e-70,8.265582443669792e-112,,0.0,0.0,2.589038284936052e-110,2.386065515043183e-07,3.35815705386968e-51,6.051082548105997e-34,,4.250401263014225e-102,1.1674299244719219e-101,8.58173226780885e-18,0.0,8.906954155988202e-10,1.0134859903664302e-09,0.0,7.4858654647983e-08,8.163125311642953e-07,1.3548944440889992e-41,5.632172141954946e-29,0.0001592509323312125,0.0,5.420795953260773e-119,0.008201111536398993,3.607669225248015e-44,1.0397600985820273e-13,1.585426404270079e-18,,7.864540780369709e-10,3.809142222966952e-09,,1.5926254001101313e-145,0.0,2.7228320532805482e-129,0.0,0.0,0.0,0.0,1.4944968278703713e-28,3.644743868746774e-138,0.0,5.688269311131998e-69,1.6444385819590214e-96,0.0,9.30363795278936e-06,3.023591774348375e-08,1.5332788946518598e-13,9.090772386751981e-12,0.0,7.13660259952659e-32,5.480853551443522e-58,1.6590891905040792e-176,0.0,,7.755478183976534e-287,1.3037318757528135e-12,2.3922224740768205e-67,4.7247442028817895e-94,3.673449056609535e-14,4.926659687542031e-28,4.972464221797235e-14,,1.1822307272381684e-71,1.2752415559104555e-31,4.41297056951449e-264,1.5537445346688357e-05
LUN183,1.787239852871992e-215,4.220115050175371e-291,,4.164941365333494e-132,0.0,9.442544902962046e-90,2.994273828988192e-116,,0.0,0.0,5.995773576473328e-131,0.00443893466871295,3.917219629953949e-82,7.433969752045184e-54,,3.449791504672166e-115,2.000857204764693e-80,1.2816336383964994e-26,0.0,2.128825271178257e-25,0.043626879308108706,0.0,0.09279310532180704,0.10162404126541999,1.9556655860789324e-36,7.15723105406292e-20,0.005800279495762053,0.0,1.0417582655943267e-135,0.18014203225603842,1.613180595000866e-78,5.350866676128258e-20,5.6545037935317304e-05,,1.69510834463582e-06,1.1592312623019181e-13,,4.304426862841632e-173,0.0,1.9901425468716916e-136,0.0,0.0,0.0,0.0,4.1149141219270574e-39,4.627290694765829e-205,0.0,3.728457237441668e-157,2.8271070968703e-149,0.0,0.00236753172831247,0.06304751678788877,2.452125644139469e-07,4.914296384663488e-18,0.0,4.4370288874279295e-58,8.202500687850733e-84,6.9081651373909e-159,0.0,,1.1240065278339489e-275,0.0028859487447758054,2.242686672294593e-131,5.001543889500395e-78,1.7357974845637678e-34,3.043092567821315e-38,0.00011318460794939763,,1.405268316870281e-110,1.1458867043233167e-73,0.0,0.040946272256692236
LUN184,7.017603808117846e-246,0.0,,6.443219786940827e-148,0.0,4.812278931018054e-103,5.907406098614379e-109,,0.0,0.0,6.116457242275658e-136,0.0235627277325871,3.687560011631828e-86,1.5415813775075146e-55,,8.311168516330886e-146,2.8588674349041345e-88,1.7320432394417095e-28,0.0,5.448734638749516e-26,0.016230783496964215,0.0,0.1734126609341819,0.19228063366886225,7.023013692335207e-43,2.336725478958319e-21,0.004306948710141367,0.0,5.473701691579815e-151,0.17056354766388088,2.7771224390999558e-73,3.336727494407289e-21,2.476512071323392e-07,,4.321772777396463e-07,9.486252500171967e-11,,5.166574180349531e-206,0.0,1.7703889459046978e-158,0.0,0.0,0.0,0.0,2.377653861484325e-43,3.151831316014027e-202,0.0,1.7620306647300147e-125,7.293402144404434e-181,0.0,0.004986574714517766,0.011047373611596788,4.2445032608677596e-10,4.465673041894985e-18,0.0,2.0672737269699243e-49,2.0704087415699496e-94,2.0851101378374643e-189,0.0,,1.8933928101782998e-248,0.004398724605772539,3.7896441767562384e-146,1.487039455706125e-130,5.572230900480665e-30,1.25320002340516e-32,6.121184816141063e-05,,1.4273723810980136e-118,1.0151973034664233e-76,0.0,0.06286698190214393
LUN185,1.131656723519249e-222,0.0,,8.536210325795264e-150,0.0,8.804625523882221e-107,6.177003224492123e-141,,0.0,0.0,1.150922517784649e-131,0.00015977511918743848,1.7670964473694774e-91,1.3331421165798095e-65,,2.2698624969483014e-163,1.810928131212649e-91,7.23084619951629e-37,0.0,4.728336729220809e-37,0.4745337027717006,0.0,0.045755340214138546,0.0002646548234297272,2.0409830134502332e-38,3.15834663579825e-15,4.19000506360075e-06,2.1257396940210738e-197,4.617209703091734e-137,0.04011535590101646,3.3355848632605224e-82,4.383555451528675e-11,2.7318202015133614e-06,,8.995604480476581e-12,1.0463327430753741e-23,,1.7743824948711166e-164,0.0,3.6884627545954603e-150,0.0,0.0,0.0,0.0,1.721614739222595e-45,1.7683686452526158e-237,0.0,5.165001393779791e-126,1.6177106857203572e-178,0.0,4.733277881503001e-07,0.1770190923526356,3.0476217891665346e-27,2.4161051451487224e-19,0.0,7.777046868922762e-75,3.698771235254474e-93,7.644519286033756e-239,0.0,,1.1182605850100287e-278,1.0800474164779025e-09,3.9820530890506556e-136,1.3755528847890313e-74,1.092610360968023e-98,5.015018280564166e-51,0.06980785353108988,,1.142326864007703e-131,1.6459638263877593e-86,0.0,0.0008622049904697552
LUN186,6.3350082597455644e-254,0.0,0.0,1.0705842082018781e-223,0.0,3.4336057587680475e-220,1.6163963389671694e-246,,0.0,0.0,2.922072866758742e-223,3.362858805216431e-23,1.5153353923496046e-128,5.239935532898507e-127,,2.2563483699224114e-205,1.1330044345884552e-175,1.0234688413180083e-69,0.0,5.1182177176907244e-85,9.429147503008753e-08,0.0,6.896990450711779e-09,5.508161697685542e-26,9.021460796810198e-45,8.463327819621993e-14,1.3325161342691873e-17,1.0873133304844941e-297,1.7049060898189592e-194,2.7266999988703577e-08,3.153386722212503e-137,3.091005299032992e-42,3.986669756357826e-20,,8.119157135244923e-41,1.2794747982594585e-54,,3.5168376389196425e-162,0.0,1.3657078740076345e-195,0.0,0.0,0.0,0.0,1.2700671126059141e-89,0.0,0.0,1.0874653863609928e-187,0.0,0.0,5.219056642392792e-35,5.519908114561018e-06,7.321760728386847e-80,4.673132153169247e-44,0.0,2.2260505799132053e-150,2.5427248207957296e-122,4.8370930270981443e-132,0.0,,0.0,7.152285686003635e-56,7.014672532177613e-204,5.882734093668562e-82,1.6497511746239373e-243,1.456449779472164e-107,2.443437447981425e-05,,2.6113379632840903e-193,1.8479772917063905e-152,0.0,4.037255158609491e-19
LUN187,6.832096649580481e-102,2.3229281447041133e-215,0.0,3.3669876056220014e-78,0.0,1.8693281294755292e-60,6.54629020973509e-220,,0.0,,1.2516711544853147e-58,1.9429390559879075e-29,5.316825197422448e-34,8.799627066767372e-56,,3.038941893936016e-87,2.184562750734951e-228,7.230388484028733e-18,0.0,1.9089183692254037e-18,2.0978319890455994e-09,0.0,1.806303890766419e-23,7.82129710465891e-34,6.3255335563427e-13,5.7948496334918194e-06,9.9485691109161e-24,0.0,2.1160688963910046e-67,0.003616191654640844,2.4178576513851433e-56,7.757267686804548e-15,2.7893602733927685e-19,,1.1088800318188881e-39,9.565247375778313e-34,,2.893376529145065e-79,0.0,1.8591572939267682e-136,0.0,0.0,0.0,0.0,1.1808351902366391e-26,7.242917110972493e-141,0.0,1.6843651569637185e-94,5.3990106361838765e-142,0.0,1.3011821073486865e-34,3.7591440730565905e-12,6.872305086532461e-60,2.3482491709119593e-13,0.0,2.2595286407465835e-60,1.0814912325932753e-39,3.808852765856908e-65,0.0,,0.0,5.5774921908375874e-43,9.921331962014521e-102,1.7056639800054773e-22,4.61580237030125e-39,2.0946487711104414e-88,0.00010777216774017059,,2.2091871394904e-61,2.942049945629076e-58,2.7135277949928764e-232,7.999629421325117e-29
LUN189,1.1970984274170126e-214,1.3551522359003545e-218,,2.4277328602630904e-109,0.0,1.7861614219075683e-95,3.5801914192695974e-98,,0.0,0.0,7.848946329492068e-114,0.10325928131709665,1.4747629116515346e-60,5.563676886126254e-44,,3.1114372010184975e-120,1.6422991712026198e-83,2.619123509977326e-20,0.0,4.523380458743003e-16,2.2888774447172736e-06,0.0,0.07639464448219976,0.13405146460882061,4.591559148963484e-44,9.744405140929352e-30,0.2521517498814171,0.0,9.770392432744708e-132,0.1295354376089944,3.167520347560017e-54,1.2039753948446902e-12,4.104139479996329e-13,,2.5797862984154674e-05,2.1625052512634406e-07,,1.4471790456533607e-170,0.0,1.1514484942277888e-142,0.0,0.0,0.0,0.0,1.9160117234711215e-32,9.557466843408442e-157,0.0,3.1873344376344184e-122,1.653260228396696e-122,0.0,0.005636406874781305,0.0002141793188079401,1.6541793921764147e-09,2.0492918528797753e-14,0.0,1.3825012405000342e-40,2.389068445108531e-76,3.037474238674882e-232,0.0,,3.3877618800354965e-240,0.00020758604227167832,2.9443364975382936e-109,9.783428427556485e-127,2.0453884112756152e-19,6.4203584401653874e-24,1.4029717364848942e-10,,1.6403672421998617e-95,6.049422971955102e-48,0.0,0.04369543709681313
LUN190,6.070714917833992e-160,2.876370228638874e-263,0.0,1.5409464268357685e-106,0.0,9.742212600089616e-78,1.106284345970942e-147,,0.0,0.0,3.011027752959525e-86,1.4384722371898566e-08,1.582248327146365e-45,1.257861212137291e-53,,8.827958970497128e-107,6.116373748689992e-135,1.1724732216074104e-20,0.0,4.916995139269649e-23,0.11770491657632136,0.0,1.2564531650185089e-05,2.2743730530020167e-09,1.6007372079685761e-22,3.4968095588283757e-09,1.8890275201410053e-08,5.353262267840301e-246,2.771058766753999e-100,0.032681271367192136,1.1761829952811488e-64,1.6076058791079816e-12,1.1149757156266936e-07,,3.168893497605009e-16,1.7323535203336116e-21,,1.74068471869494e-116,0.0,1.89276290617886e-134,0.0,0.0,0.0,0.0,5.595564147725266e-33,6.598364888227987e-159,0.0,4.925921623321389e-84,1.4008588036927756e-138,0.0,2.9594737475415746e-12,0.03528431045541505,1.2158399602920676e-31,3.585358488479137e-15,0.0,3.089046696953292e-60,1.5039155810318493e-62,1.8043512351821394e-130,0.0,,3.627609760222468e-304,2.984820920990916e-15,7.746539763654602e-140,1.9588355621313117e-53,7.477880928721704e-55,2.900381444470166e-55,0.213271083150133,,3.968935650727638e-87,2.0249189969840684e-69,0.0,3.3660620723410074e-08
LUN191,1.541467952565687e-231,0.0,,2.933471599965643e-201,0.0,2.65317631646386e-196,3.38210624218116e-235,,0.0,0.0,6.831614034012384e-165,1.7269103646414393e-23,1.4846268143019535e-102,8.330277257598001e-119,,9.360220969542672e-192,5.717691177445055e-181,6.180770816414045e-59,0.0,1.1706738783170336e-76,1.256550563782195e-06,0.0,8.933947415362533e-12,1.9213693538199822e-24,9.680485365260219e-36,1.418399342227396e-10,2.1335133035704855e-20,4.898059154685049e-271,6.499205668091782e-172,2.1276717733046935e-10,4.5870175815700766e-128,1.9681776619482442e-39,9.220703507713537e-20,,2.3866225796133375e-37,3.1442522669426075e-55,,2.2012973884779516e-146,0.0,6.852428740175243e-183,0.0,0.0,0.0,0.0,6.088006267671485e-82,7.656331006930875e-305,0.0,3.7332086006726625e-158,2.3831488602941696e-307,0.0,1.2338375710866583e-30,0.000666190494613582,2.1337231022186045e-77,3.82380331809802e-43,0.0,2.1976335256516606e-131,4.4541025612948184e-110,1.8640768180019413e-115,0.0,,0.0,2.1476846403154873e-47,1.3805218188212504e-258,6.247635143878189e-101,2.931338644913097e-218,1.4365270721427646e-107,0.0021108627543797325,,8.688259651395688e-167,1.5402004693812274e-153,0.0,2.1803830928434514e-17
LUN192,1.048627050339253e-169,7.346628668520636e-281,0.0,9.345043050378666e-121,0.0,2.594658685798725e-83,2.8599765823060357e-172,,0.0,0.0,1.4466202647806673e-92,4.1472799800644455e-14,5.441076732679096e-57,3.2700216485713688e-62,,7.540444797908685e-144,6.731999309703716e-165,2.1921990718503907e-31,0.0,4.0176537696564175e-28,0.028642820281431322,0.0,4.040590340070497e-09,1.8386806136408507e-14,2.280049123470227e-28,2.8458292617329784e-06,4.7228248342750524e-12,1.2640886388751844e-280,6.321626695431656e-104,0.0024772284963624357,2.479656660322334e-66,4.578070679260077e-11,8.68698062250722e-09,,1.307526632555272e-23,2.4672632256683266e-27,,1.6250223688872236e-125,0.0,1.7126759637646655e-148,0.0,0.0,0.0,0.0,6.976909389460703e-40,8.0433619685432995e-227,0.0,3.059607786642941e-102,1.1164299415840298e-170,0.0,3.6549968784646466e-17,0.0010480890063287026,2.535022594469775e-48,1.269546361977809e-16,0.0,1.3785990274020236e-73,1.138916643348757e-67,5.570881078987913e-150,0.0,,0.0,3.835304118564937e-23,1.5209238800237493e-105,3.7685886469022236e-44,5.2862518150216164e-76,4.5361371358665155e-68,0.21396716751593442,,1.2450977886312703e-102,3.8012271245197984e-76,0.0,1.259203853768526e-10
LUN193,3.3614665856024716e-219,0.0,,1.1211144339289001e-178,0.0,8.775002633970811e-143,8.526906846077437e-181,,0.0,0.0,2.530995967071861e-232,1.4576922905893641e-09,1.2707651802523451e-117,1.5669468561444156e-87,,2.4285143579343572e-143,8.14021590366537e-105,1.2634967327981845e-48,0.0,1.1104881712039483e-53,0.015821544204131014,0.0,0.028496105953083252,3.023158337048441e-09,1.3634878052536425e-37,4.86997217029011e-14,2.5794952315202703e-07,2.108827395681015e-309,1.599021030197936e-173,0.009512865580155851,2.92031284188751e-112,9.786096301212238e-26,2.900554619301608e-05,,8.926887470281589e-18,1.8283122680372778e-29,,1.9957165160318066e-152,0.0,7.134540831584054e-159,0.0,0.0,0.0,0.0,9.649560508210162e-60,0.0,0.0,2.340169760677387e-142,4.370107963472398e-214,0.0,3.020840790732625e-14,0.001876468317085356,1.6545089496134123e-27,1.551460585792392e-27,0.0,8.876017083863486e-110,5.223416439398504e-102,2.5086645231618096e-131,0.0,,0.0,7.389611056941717e-21,2.476947872088365e-136,7.29763659233163e-50,4.1553737001566164e-126,1.9684687875597576e-68,0.002261063779775544,,1.2500718856538867e-153,7.309621568765826e-105,0.0,1.6013319796468374e-08
LUN194,2.7640083496551397e-175,1.8657440666099834e-287,0.0,1.0560020912015552e-117,0.0,1.1771163432173628e-76,6.37852527017105e-148,,0.0,0.0,8.912398272001359e-76,7.463543086543234e-12,4.0158179260412676e-60,2.8571122427698056e-56,,3.5170610690711554e-135,1.423065864042808e-138,1.9015647170443755e-27,0.0,8.11524092334228e-25,0.06050360869941813,0.0,2.0460642073828754e-08,1.636928841684403e-11,4.0237164842947496e-27,9.057101408126387e-08,2.1369602367376982e-11,8.745744082007681e-282,1.3364494930386245e-97,0.0010485566442010534,6.03391718924065e-69,1.0679883183693548e-13,1.8661093420497716e-07,,3.111846346721398e-19,1.9854059274814032e-24,,4.444855471692843e-147,0.0,6.749370484531862e-137,0.0,0.0,0.0,0.0,2.068612334477575e-37,3.621571903426057e-207,0.0,1.9028897889943962e-94,2.3824733025304774e-175,0.0,8.614979762346309e-14,0.014491266999042086,1.6925595181562637e-33,8.278798150149419e-18,0.0,2.5928391900194426e-63,1.1608484229752985e-70,1.1532852679463091e-144,0.0,,0.0,7.879290755635503e-20,4.715919595877423e-139,1.0118903373531938e-60,3.659810185574353e-48,1.8157437421025283e-60,0.31450130280415317,,1.2995531381112875e-96,2.4011843774983408e-85,0.0,6.825109654322002e-10
LUN195,1.4629587965355247e-199,1.2624721810443726e-237,,8.006738040720243e-124,0.0,1.15541306477185e-87,2.6735187127392942e-137,,0.0,0.0,4.959823763500066e-152,1.4764043863949925e-07,1.5905220976452402e-82,3.9734759471722615e-62,,2.201328197899457e-105,9.468138566826523e-107,5.141265067695142e-31,0.0,6.05015426183244e-27,0.0009464086834768532,0.0,0.00014264790230745556,0.0006730052242196733,1.537692135308681e-36,3.616028918465111e-18,0.010749810804542966,0.0,3.2604791727364395e-141,0.004451330601022061,3.541038297296351e-77,7.735861092807818e-16,0.00029555266897676296,,4.9390667634341484e-08,2.2327519756071696e-15,,1.4369914694537728e-148,0.0,2.88332396955586e-140,0.0,0.0,0.0,0.0,1.8038721819542406e-39,2.3608585416939333e-250,0.0,1.3193207585924037e-132,1.504873336672289e-134,0.0,9.262591212989245e-05,0.012002330281825782,6.67073835433024e-09,7.293826346612898e-19,0.0,2.5735671428564933e-80,5.080168116925184e-77,1.2146025177607879e-148,0.0,,0.0,5.714896374031204e-06,2.7161042704327013e-108,2.860659370627082e-71,1.9517458436015653e-44,9.80789125592999e-45,3.530663552924097e-06,,2.387424664640826e-117,9.282280168283551e-65,0.0,0.0028965189358525155
LUN196,2.5019737383781074e-202,0.0,,6.161539727090737e-140,0.0,3.963824875715431e-103,7.998226512342203e-147,,0.0,0.0,1.582694791308129e-108,4.273984088277858e-08,1.2723726963021727e-70,1.1781837614465535e-66,,2.3010010354142318e-135,3.950235572183886e-116,2.6146377168036995e-30,0.0,2.587730075264207e-35,0.2623021266075813,0.0,0.00017324302297079395,1.4481718616801153e-07,2.9878179300346663e-28,1.2269935334857718e-10,2.2600117935561614e-09,1.010381629169086e-244,8.477454652954781e-124,0.001334867954773428,1.5167621976724705e-85,7.477071612234177e-20,2.0868781809422453e-06,,1.1882022490210507e-15,3.1173855028080616e-26,,4.530351003959866e-154,0.0,5.6816663376822734e-145,0.0,0.0,0.0,0.0,6.612683003105783e-45,8.048609487644357e-202,0.0,1.427175552431803e-131,8.563765945011083e-189,0.0,1.339539455627802e-10,0.26396567413566246,1.6148043338954153e-29,1.7175368896133096e-22,0.0,3.852580623040948e-73,5.329313080697589e-84,1.1058584362562841e-143,0.0,,2.283474555714552e-294,2.0948883290077437e-14,2.7722429273061006e-190,9.888580654602692e-77,4.3203431648309016e-74,3.2655843153695728e-59,0.45630251858693127,,1.1012533112095124e-113,4.099998290990042e-99,0.0,1.1533214890574085e-06
LUN197,3.828472092889629e-162,5.167831738959004e-304,0.0,6.217344371001297e-128,0.0,3.507116242659022e-99,4.728270154366082e-178,,0.0,0.0,3.0660424121290203e-120,6.000947357908287e-12,8.413018220324823e-75,2.928787750522335e-66,,4.962998449291113e-123,9.189156674199446e-129,1.2675446720107988e-32,0.0,5.4314395871331315e-34,0.09629223932327045,0.0,5.4579374314602114e-06,6.582952507630826e-12,2.0891727858552402e-26,4.5176690649087817e-07,1.3107690271573161e-09,6.345344340971736e-241,9.417919581572726e-113,0.0067103612433380005,2.6050157561256983e-82,7.857781146793944e-14,1.7743610183612053e-06,,3.072208680587671e-20,6.288367746271691e-29,,1.2864065552848491e-115,0.0,1.5066388384652068e-133,0.0,0.0,0.0,0.0,5.061965814204419e-42,7.15250212438644e-233,0.0,5.504006913283232e-93,3.1351924510105196e-170,0.0,1.1402718017739856e-14,0.015421959091579845,2.084438460768177e-36,7.829058113327166e-20,0.0,2.5050232585795815e-84,1.3075650767118388e-71,5.342787230081309e-122,0.0,,0.0,7.247813911391041e-20,4.978335632814928e-118,1.5528429811932723e-33,1.547820440702539e-93,6.113702666089126e-71,0.24843003510921963,,1.4436570451854032e-107,7.697386987411949e-84,0.0,2.810724176611562e-10
LUN198,1.2885140818413859e-225,8.73253520900283e-310,,4.988672363166328e-140,0.0,3.868694080561648e-112,3.7287820658730414e-131,,0.0,0.0,2.1505827587567957e-142,0.0001534082087203603,1.0713366363276876e-76,1.801946565525836e-66,,2.2249682045182595e-115,1.559705611304217e-93,9.866606668577974e-29,0.0,2.604974182003344e-35,0.030541022446983073,0.0,0.020417038283324394,0.0006295849638489371,4.107249169829987e-32,4.49874120125664e-19,1.793297478848752e-05,5.548047219158543e-291,2.58782704293042e-146,0.011796837048936044,1.0319205307414648e-89,3.734232913104233e-21,0.000349918192977834,,1.271799140314901e-09,1.1413571976930256e-19,,8.286620922208387e-155,0.0,6.297972982285769e-150,0.0,0.0,0.0,0.0,3.027961366194376e-43,1.3525283887583532e-211,0.0,9.139416954974492e-206,1.3512477937327426e-152,0.0,5.848132024367983e-07,0.054174457954262706,4.5389152240592356e-14,2.926001060650265e-22,0.0,5.916081046678165e-78,5.018588524323145e-88,2.0948125186968148e-158,0.0,,4.746217164225453e-264,6.263472889705409e-08,8.69914485658619e-183,1.2710866178386721e-90,5.331283538298956e-67,2.5931555526007254e-47,0.0004454063436856035,,1.8008809777831155e-124,1.390662753839439e-88,0.0,0.0006217013237244124
LUN199,3.744309298650594e-193,1.531675832910614e-275,0.0,7.103043428336113e-129,0.0,2.248859488473959e-82,1.369269675118469e-143,,0.0,0.0,8.694775977009478e-111,1.0125278103537629e-08,9.255533640636733e-78,3.239948740993343e-58,,1.17121509699316e-128,1.491219408108191e-118,1.900706941448809e-32,0.0,4.907879515291853e-26,0.10232376869884358,0.0,2.8754064065999907e-05,7.322289585575042e-07,1.2647167392551927e-32,1.1827078732777677e-10,1.3052345700833828e-06,0.0,1.4351090384025528e-120,0.021554986795648372,5.78401663009937e-74,1.3242430840361055e-11,0.0005925582272818132,,2.2168596083024943e-13,3.140662964425945e-19,,1.2684761739345114e-160,0.0,9.452784195312596e-140,0.0,0.0,0.0,0.0,2.5875193569273763e-39,3.1670148436672488e-258,0.0,1.9894491375213528e-106,6.6816889974027e-163,0.0,1.38425129509138e-08,0.05891103127284179,2.9814882497087463e-19,2.2610206461419208e-17,0.0,1.9273491203170152e-72,7.119543329460779e-78,1.0304076413154223e-157,0.0,,0.0,3.0613282335462354e-11,1.1400697950999965e-111,9.51902747842431e-58,5.096756501961167e-50,4.697230652219533e-52,0.04734729490930901,,2.7093573988742502e-114,1.2310547870269637e-78,0.0,3.915908182461664e-06
LUN200,3.712463727434234e-235,0.0,,6.5924311699682695e-164,0.0,2.2871466966340977e-119,3.705173263029502e-156,,0.0,0.0,7.59443858157975e-125,3.4741883605962907e-12,7.917043144443538e-125,4.1692686389276216e-80,,2.207930660936818e-157,2.763599064250544e-104,6.510569881410835e-49,0.0,6.479856892678328e-47,0.003203957458218849,0.0,2.091425132838361e-07,2.5196072850159026e-10,1.3676135170638333e-39,3.901801018628029e-14,5.840794120888772e-13,1.4243596609702753e-230,9.707636231606776e-135,2.0479780077841785e-07,1.5690665065550183e-110,2.6020120295959188e-18,0.0006772561918549334,,2.596945363566719e-18,4.4156253692541374e-35,,4.1987576129181353e-190,0.0,1.4425775673584146e-142,0.0,0.0,0.0,0.0,2.245079012052645e-54,0.0,0.0,6.003486355425324e-254,5.272242218334075e-201,0.0,1.3741351659476998e-12,0.8279200966586402,4.945762284412196e-27,1.0583723766883273e-30,0.0,1.1345723284132201e-113,1.2548000210249377e-103,2.1913357525637543e-201,0.0,,0.0,2.0807552012479803e-24,1.0244337074235296e-190,5.77521814651695e-76,5.404225975866476e-104,7.978230370292514e-69,0.09028177527494195,,3.3011467070337583e-155,2.0452813480580507e-127,0.0,2.7403212785331904e-13
LUN201,5.399711611117346e-196,2.494348889206818e-219,,1.8380483418265133e-101,0.0,3.601980490964931e-79,5.59869221021749e-90,,0.0,0.0,1.6591457843060042e-84,0.23320113326778055,2.735444491814939e-72,7.455784591239944e-34,,5.221737340270065e-123,8.197798393068486e-64,7.8942342538453115e-19,0.0,2.3628201823728413e-12,4.935694264561239e-06,0.0,0.06718963008720077,0.03466105787286087,1.7162567210877398e-42,3.9742723027818395e-29,0.1379475508229053,6.187084395922037e-265,8.413520442521744e-109,0.504598666710557,1.1192870166458984e-49,1.5912032475162505e-14,7.092510353962202e-16,,7.973172726692476e-07,2.5756113036846665e-07,,1.9410548533393738e-182,0.0,2.5377250814478344e-123,0.0,0.0,0.0,0.0,6.930387084951039e-30,1.7776508875155108e-142,0.0,6.054552956914205e-121,7.325977311734087e-118,0.0,0.00027997697451269946,7.543486139973699e-06,1.7055220829713338e-12,3.65356239121512e-12,0.0,7.87819749977233e-31,1.4630436109570092e-72,3.449103660176348e-251,0.0,,4.71686190205608e-236,6.522620300019418e-08,7.056107490241923e-86,4.136875236102398e-87,4.86470547349639e-17,4.1268275556887605e-23,2.0169938758945221e-10,,5.764529141227882e-83,8.289780148158729e-46,0.0,0.05304934912895075
LUN202,2.86892711188838e-222,0.0,0.0,2.9798853716664544e-156,0.0,1.9311189572082428e-106,3.989586375986958e-149,,0.0,0.0,1.328608186254541e-116,5.98208837108773e-09,4.290696096513763e-77,9.3699874759066e-70,,2.1119128387378742e-158,2.1909536383943228e-134,1.7926557585956248e-34,0.0,8.740110904153886e-37,0.45791605391960966,0.0,0.00012202207440676542,4.495891055458807e-08,9.610618635479796e-33,3.552130593761598e-10,2.1336084447516035e-09,0.0,8.569497835655887e-136,0.0038237281559042775,5.646073983022888e-84,4.449969593694542e-21,1.8578810223208731e-07,,3.693714236710547e-17,1.3218673184401593e-23,,8.508792309623472e-180,0.0,3.214497260731356e-162,0.0,0.0,0.0,0.0,1.9824134346508996e-50,7.481292968882315e-229,0.0,3.50816206946633e-122,2.322225124955886e-229,0.0,6.648855804024198e-11,0.058387944175859074,1.0943902212244387e-29,1.4803533964526294e-22,0.0,3.651999048365358e-69,2.824584240192463e-92,2.2344903571356254e-141,0.0,,3.2553405708784073e-307,3.549039973486465e-14,1.261672111056147e-177,1.3017771581679404e-93,4.23440506046812e-63,3.252308709691718e-58,0.3506775017150484,,2.3680486695443572e-123,4.615811318433822e-103,0.0,3.417427093359215e-07
LUN203,2.2097832265199207e-110,2.800336987006928e-171,0.0,1.3595042799468582e-69,0.0,1.013218090363944e-43,6.473381632008356e-152,,0.0,,2.0794233287132096e-69,1.7340298614002743e-13,4.927206899415762e-21,1.324865901161636e-29,,3.676625786433131e-79,2.2384859236736898e-159,7.928488359831023e-09,0.0,6.636529339618417e-06,3.583769395367964e-07,0.0,1.4897246376736666e-12,1.2494110786169238e-17,4.1433906642323704e-22,1.1066090673045172e-16,3.079413778583803e-12,0.0,4.538223351077963e-78,0.8809896039798212,4.663203960705311e-37,8.491449191124489e-07,2.5180341289907003e-18,,2.7340728341931036e-22,3.663189213061876e-16,,1.3165501897149537e-92,0.0,2.5376038223769967e-129,0.0,0.0,0.0,0.0,1.6559288446579757e-18,1.935693159147582e-90,0.0,1.3086149718908448e-59,5.8010668734152796e-89,0.0,3.44418189212972e-17,2.063200486595546e-11,5.721495968334637e-31,1.2187429540493417e-05,0.0,5.979677066575128e-27,7.319789626166312e-38,6.371083893582636e-106,0.0,,9.88046876898e-312,3.8628868398174e-26,2.209197716879235e-55,2.1977256729835556e-28,1.791679093328746e-08,1.154720983167201e-47,7.95586231211437e-09,,1.367428091878472e-47,1.6652784486466072e-28,1.1639183442203625e-214,3.0657425578620007e-16
LUN204,3.608871043534528e-274,0.0,,1.4955390413689723e-239,0.0,1.3111277928048044e-190,1.4878072104076661e-183,,0.0,,0.0,1.8539707612501743e-11,9.656394609803172e-134,4.3118498665684043e-103,,8.746390541813284e-176,2.5746794614988436e-94,1.9583907513827312e-59,0.0,2.7565162363420535e-75,2.672112545449926e-06,0.0,0.003119644058961194,1.221169693438057e-12,1.202239994326713e-47,1.513976131007707e-24,1.6601532926093339e-13,0.0,3.859939403729229e-235,0.0012033134443620156,4.6694139657494405e-142,1.333446956927894e-44,9.455510939164904e-09,,1.9910791753129608e-22,1.2599284771029463e-35,,2.998270727777059e-196,0.0,2.2168093779844105e-195,0.0,0.0,0.0,0.0,1.5283627738746786e-80,4.976910704096243e-294,0.0,1.262524481934276e-195,8.976945764071513e-293,0.0,2.6195582783819636e-23,4.8549471800637067e-11,2.0724462622669526e-31,1.5473517620906166e-36,0.0,4.798306263344081e-103,5.4576625100715376e-135,1.0525667314867872e-109,0.0,,5.629854415683133e-265,4.696033985077958e-28,6.186257892463595e-186,2.281760292110037e-92,2.19631512611552e-148,1.7001169275364763e-72,7.394320090625422e-09,,6.759911181342616e-176,9.852208922630984e-137,0.0,6.776484553408664e-10
LUN205,2.167682859261351e-155,1.4087707473077579e-232,0.0,3.569554572110259e-104,0.0,6.076178697817126e-73,3.768142290675084e-164,,0.0,0.0,6.623692723447536e-84,5.172363359545964e-13,1.258828456479654e-48,1.0188377418077939e-56,,3.281030465856531e-113,1.9094041028588637e-167,3.8050569009291654e-24,0.0,1.4657088323139214e-22,0.03491008076627059,0.0,3.735367070825531e-09,1.3059932371038007e-13,5.4664388690398305e-24,6.637417737831891e-07,4.958918810011694e-10,2.42465941705695e-302,6.93758613216124e-98,0.02007188248784665,1.1211049849084634e-60,1.4467234852721824e-08,2.2194549283698351e-07,,6.2225789797582596e-21,6.615689440615464e-23,,1.4501920916505062e-113,0.0,5.1873985976725526e-142,0.0,0.0,0.0,0.0,1.8992626930912787e-33,3.6141066831707445e-210,0.0,3.224549258422688e-79,3.501965709174354e-137,0.0,7.683289796642631e-16,0.001136496374152405,6.067701453917627e-39,4.327744615932731e-14,0.0,3.090872529947867e-72,1.2930794773104287e-59,2.9991686313339586e-138,0.0,,0.0,1.753705018801492e-20,3.003456493685553e-103,3.7005450890619096e-42,1.4664103356586623e-56,5.270538993860586e-62,0.08839628875370441,,3.0115453189739344e-94,2.304087234319411e-65,0.0,4.1293064287821195e-10
LUN206,8.003162441751803e-173,2.3169346372306247e-127,0.0,7.258228155286779e-75,0.0,1.0083513803822495e-86,1.3031563110743883e-110,,0.0,,2.340612189089013e-82,2.4009227392471656e-12,1.0464588038784055e-34,5.510898303402223e-32,,7.619508499561759e-92,6.077258204206003e-141,2.273524390879644e-14,0.0,6.995913736067329e-09,1.7844749548793224e-16,0.0,2.8895028563106423e-13,2.4583987367931477e-12,3.3730056685713406e-45,3.9644272342327424e-36,1.6580476845825824e-07,0.0,1.539676396594444e-112,3.055838185876936e-05,1.6286463211977453e-37,1.0423929915712416e-19,1.3700854056175686e-26,,5.0804230983917137e-14,3.5233853168905724e-11,,4.394825492243159e-140,0.0,3.533831324074339e-134,0.0,0.0,0.0,0.0,7.334385069716085e-27,4.0859939477614506e-114,0.0,1.8799431609059532e-60,3.8987503162423355e-86,0.0,8.667968407801497e-12,8.435353288338963e-12,3.111240988228705e-17,1.969660829168721e-14,0.0,5.156651009189953e-25,4.584222543785041e-53,4.407924138375078e-177,0.0,,4.7407788565939285e-293,8.818752360696107e-23,1.0403850228389462e-89,1.0469560707188196e-142,1.2677607060242125e-13,5.677153202426391e-28,7.022194412835827e-21,,2.5145388619735797e-62,3.450032961515758e-27,2.3785721289717457e-185,4.745363093648816e-13
LUN207,4.371895524203258e-143,1.720411353610385e-269,0.0,2.3806744339083407e-100,0.0,1.0065954674823148e-59,4.469344128212696e-180,,0.0,0.0,1.960999053462308e-80,3.0049816343531757e-18,5.712503349074375e-34,4.1206798123867423e-47,,5.682811228846042e-131,5.683552785270228e-219,7.86068835568464e-21,0.0,2.5117987282970138e-17,9.437436994161434e-06,0.0,7.446062692928745e-14,4.100069916879648e-21,7.771511890336913e-24,5.1717640098723816e-09,1.6730138582741668e-16,0.0,8.780530640013836e-91,0.026882232164537955,5.959419485516093e-45,5.791223495317017e-14,2.4979326290795076e-19,,1.5623766196402588e-29,9.807967374576884e-23,,2.3594234250303327e-112,0.0,2.162726553305783e-164,0.0,0.0,0.0,0.0,6.800073424304028e-32,1.0296217662447157e-131,0.0,1.0442101672523569e-208,3.5578885550547295e-166,0.0,5.552327205420406e-20,7.362902236060316e-11,8.124868896359684e-56,1.5016962471196234e-10,0.0,5.4585180826188915e-45,3.8088895671308514e-52,3.156878494594207e-110,0.0,,0.0,8.06590820643109e-29,7.55624064747917e-79,2.7143617814980278e-45,7.570117940292549e-39,2.9799030604541434e-64,0.0001258027225871423,,1.075905013624239e-68,2.7366986194474095e-51,0.0,2.5087085213224527e-18
LUN208,3.2535299155401234e-150,0.0,0.0,4.934799193652458e-119,0.0,1.2862430480420927e-79,5.315416994238617e-173,,0.0,0.0,2.9125534179966408e-108,8.76191179276777e-12,3.9132294636630325e-54,4.4964635724745365e-54,,9.551615392172428e-131,6.962069696315364e-138,6.804855771019882e-27,0.0,3.9596791755784015e-25,0.044988538675458226,0.0,1.2459037385698059e-06,2.1626192236559558e-12,2.5560847236136537e-25,4.768927076075844e-07,7.8732274117048e-11,8.41719299317575e-255,7.67198332834099e-102,0.12313397926918149,1.02560482380115e-66,1.1328514537458367e-11,2.2509277134188013e-10,,6.7146286360654475e-21,1.4163528390937373e-25,,8.490314637797842e-116,0.0,1.8134693338474978e-138,0.0,0.0,0.0,0.0,1.298423140644412e-36,4.737291747369861e-167,0.0,8.27195029630127e-111,7.703000310584975e-182,0.0,1.250751869267978e-13,4.336534767341441e-05,2.6321477241593493e-39,1.2406383181740628e-14,0.0,1.563616436059252e-55,7.153340589447921e-64,6.501023030384002e-110,0.0,,0.0,1.961831494338566e-17,3.4098610850745193e-93,3.6059126887665735e-30,1.4060642172839374e-64,1.591485374420205e-65,0.11844292402760463,,1.4474323952164465e-84,2.7544889557494316e-68,0.0,2.6442906996208993e-10
LUN209,3.1525459328100754e-178,9.725429867196635e-287,0.0,2.3419584662540615e-119,0.0,1.5089115649494556e-91,2.130229177583104e-153,,0.0,0.0,2.5681849864956236e-107,8.44112692717377e-09,1.6688888528279812e-44,3.4164367307594466e-62,,1.911994001339217e-111,3.127107039813827e-157,2.190059004828199e-23,0.0,2.8427021767627895e-27,0.10367438007145587,0.0,2.5696127518196343e-05,1.7208076317911605e-09,3.4935640506743266e-24,8.964910353869807e-10,3.070614399656e-08,0.0,6.809604119072416e-120,0.027590703381540516,3.216109013804061e-68,7.216348730521006e-17,2.1951186876311227e-07,,1.0703339624606218e-16,2.1847236061290116e-20,,7.777954732505691e-123,0.0,8.157456395497199e-155,0.0,0.0,0.0,0.0,7.072764022030753e-38,2.6112972829098333e-172,0.0,1.0491071762505452e-87,3.138286551217165e-154,0.0,1.3963279953686594e-12,0.023572191159856936,2.616551808012247e-30,6.951394650095594e-17,0.0,2.224067285308951e-64,3.972427648910317e-69,8.784810169707895e-118,0.0,,6.951447049152216e-298,4.6052462636404475e-15,7.379730482239037e-158,2.673030688458876e-75,2.770079714543772e-57,1.702628638379338e-54,0.1372581688896083,,2.9957986399940974e-98,1.3327603330663206e-73,0.0,1.8276781521725875e-09
LUN210,4.7142689776435065e-269,0.0,,3.635161203175966e-172,0.0,1.081116061246296e-123,2.1834971144675262e-153,,0.0,0.0,2.8824106408056044e-123,6.342882305140146e-13,1.1499975204900346e-105,9.439482702201779e-89,,1.933855217843247e-176,1.0919714066495284e-134,5.034473639358751e-49,0.0,2.502510293865723e-47,0.003476327119573945,0.0,1.0918731167476835e-08,3.8305687253867985e-11,1.7015672361328714e-43,1.3505563283418167e-13,2.5860887721343192e-12,0.0,1.220141736098709e-149,1.6641052515671723e-07,5.173118050527072e-100,1.097620189977397e-16,0.0016603660844830782,,5.899884068198387e-20,4.471476750802857e-31,,5.5879822532857075e-213,0.0,5.58094630233763e-172,0.0,0.0,0.0,0.0,1.3331139402674764e-59,0.0,0.0,2.109074948312357e-188,1.7043429543981306e-219,0.0,1.685266974097863e-14,0.5307442426497001,1.1822727342466133e-33,2.0755849018187287e-29,0.0,1.0484657650762054e-112,6.872079171055538e-109,2.258291536514902e-232,0.0,,0.0,5.083006395375935e-24,6.3393138037841e-196,1.6708484245615006e-122,8.211827102021191e-95,6.162558567420423e-64,0.061418778722974667,,8.465152801735666e-171,2.701459283541171e-125,0.0,2.765535506767509e-10
LUN211,9.317505629808886e-205,5.406820318729193e-225,,2.1201522031060697e-104,0.0,1.291651362396425e-78,2.3433645621519604e-104,,0.0,0.0,7.759647698969969e-82,4.932226065672103e-05,8.916191011148586e-65,1.6502170566879748e-45,,6.546088233588641e-103,1.6982292021094955e-94,2.805902752102195e-20,0.0,2.0861611569082477e-18,0.0004234747144725147,0.0,0.00019198909078110675,0.0007206938790000396,1.5863997370349125e-32,1.0508063816706776e-19,0.00025026469218998853,5.513864134298055e-296,2.5535051942639736e-106,0.006337922855824587,5.895971155932229e-65,6.595552834854176e-21,1.8194321921592056e-07,,1.018483679121315e-08,8.936678663796894e-14,,2.122630715541315e-165,0.0,7.326012306818294e-128,0.0,0.0,0.0,0.0,6.408159173662074e-32,1.7033805714446137e-179,0.0,2.670448914840941e-189,3.2057195688802253e-124,0.0,3.923359800420893e-06,0.02081006448901547,1.1393096768504521e-11,8.866863911628089e-17,0.0,1.3987755227322982e-54,6.491610638457581e-72,1.8493044042877016e-187,0.0,,1.3407415098529805e-285,7.722941021956318e-09,1.2974049848026612e-145,3.1169590743797357e-93,1.642932666080789e-23,5.319621351618098e-36,1.7687953444965983e-05,,2.2251451694154195e-94,1.9870568350183094e-67,0.0,0.0007943393518085471
LUN212,2.2762566777181885e-236,0.0,,1.3003269617641393e-151,0.0,5.100799589566749e-104,2.2231353842700796e-122,,0.0,0.0,1.2725903441113764e-126,0.009834741476763421,1.8731150589741026e-85,2.1197636188584047e-59,,3.867785511977165e-160,6.183578133548277e-95,1.4797258230912247e-31,0.0,1.4347820604626225e-30,0.3987459309167656,0.0,0.29284450279722957,0.030906834743000284,2.7155626777210944e-39,6.698088738974547e-17,0.0001261802319931668,1.0974312529281159e-305,2.317860548139969e-143,0.26915117736234634,1.5958721429121309e-75,4.9548656703665245e-15,5.961404912850624e-07,,2.2891039878188634e-09,4.0179653679939283e-16,,5.7480922934673066e-192,0.0,2.869617746825566e-159,0.0,0.0,0.0,0.0,1.1005438727826627e-44,1.1585805118644822e-206,0.0,7.393957074492971e-118,3.1273867567677654e-192,0.0,0.00017878780487718242,0.059083693494164126,2.3550002354292476e-18,6.725300629635787e-18,0.0,2.912459473056409e-56,1.2063173370720478e-94,9.595531335436125e-203,0.0,,5.7665240398190115e-252,4.604185128279244e-05,1.8956765417894156e-148,2.5485902643851897e-107,1.377649529414697e-53,9.262597405032157e-41,0.019127162325676766,,2.8027346926721455e-122,8.548038239032703e-84,0.0,0.0317863484070821
LUN214,2.776251521563253e-119,1.999549072541026e-240,0.0,9.543119360092395e-92,0.0,2.506282071205945e-63,5.11175442947497e-195,,0.0,0.0,4.008901379857785e-90,2.2058413777061067e-18,3.8330895343216325e-37,8.788286889777795e-50,,4.891421686739393e-104,1.642590878552384e-183,8.079199065458339e-20,0.0,1.787220471724444e-17,6.426616183628207e-05,0.0,4.4039475173710627e-13,2.7336920592637283e-21,9.817568299456942e-19,7.955060461878495e-07,8.101245880950048e-15,9.452842613881878e-292,4.5863602732654817e-85,0.34122482845310376,1.1446318641180972e-53,2.0462389867424557e-10,3.4781146414259715e-14,,4.446791827986688e-29,4.8823847276724546e-26,,2.652254676448075e-84,0.0,4.061222047709361e-142,0.0,0.0,0.0,0.0,3.949293686946118e-28,1.7989283295027741e-146,0.0,1.838114023132914e-123,8.217366942743277e-141,0.0,4.263220987633272e-21,8.258294613344776e-10,1.5231764451440835e-49,2.065966705950694e-10,0.0,6.550536507598671e-54,2.814666974701434e-46,1.5982086572397098e-91,0.0,,0.0,1.9111682560700568e-27,3.690760428888611e-67,4.058639970825873e-17,2.227138067514442e-50,9.394786481756207e-72,0.0010106702972390903,,4.658348077454234e-68,7.055889979450744e-50,0.0,4.9328888525646956e-17
LUN215,1.6905418428683078e-267,0.0,,7.766551470235518e-188,0.0,2.7637022619060998e-146,2.7225189400848417e-168,,0.0,0.0,2.7092340590954775e-178,7.558372583833724e-10,7.268306627856659e-107,5.5179223433299116e-96,,1.6808420591151453e-173,9.665116589657802e-132,8.013600338653114e-50,0.0,1.954301814575692e-55,0.05894977113164388,0.0,0.0003243154152289998,8.895838958624044e-10,6.314440959298792e-42,3.0513173554257506e-14,5.64909457571572e-09,0.0,2.3932812921126572e-179,0.000428016378745309,1.218928677557122e-106,2.93450520868685e-19,3.23980451499703e-06,,3.460337202472075e-19,2.7981089527582167e-30,,5.49852722902553e-185,0.0,5.219477398762709e-187,0.0,0.0,0.0,0.0,3.88612994216929e-64,0.0,0.0,3.8079041726638186e-153,1.3836159341244631e-229,0.0,4.2733602814675586e-15,0.055938148873068146,6.571663693861594e-34,1.0968857030049441e-28,0.0,3.3752464213135115e-113,1.7134496235643375e-112,2.634519586122736e-193,0.0,,0.0,3.230435740429019e-23,8.38638928984373e-186,2.4643493718159936e-109,8.634384218582405e-126,3.574453958100193e-64,0.03563784253800118,,1.9890873891303145e-177,8.024128999884634e-116,0.0,3.810108024337003e-08
LUN216,2.0030525958607016e-179,4.7320610637609896e-265,,1.4937990882918141e-121,0.0,2.096676424317627e-100,1.0632543069010289e-164,,0.0,0.0,9.12483655242514e-103,2.285197568824027e-13,4.539838172271343e-73,1.0546725011576191e-71,,1.9271651442777022e-120,3.063127577298125e-137,1.7588359885573156e-31,0.0,3.4736824275766545e-37,0.009908840734251812,0.0,3.082584373013707e-09,1.7162317308781956e-13,1.878249345316471e-26,1.0661401765836299e-08,1.0007127568400851e-11,8.025199316777078e-198,1.6899808338405774e-111,7.376679746231775e-07,7.953227474274088e-84,7.137442142497985e-13,4.577322194978876e-06,,8.465024967345124e-21,6.210553663664064e-32,,4.422172028977053e-118,0.0,1.9853562510410984e-136,0.0,0.0,0.0,0.0,2.1377142031241564e-43,4.9357091320229086e-244,0.0,3.5999980208042245e-152,2.5070355265586762e-145,0.0,1.8273997492890632e-16,0.45122019159291693,1.7098165867337236e-45,2.0332571086734557e-23,0.0,1.2056664851041454e-105,8.205407173937701e-73,9.408948323893416e-174,0.0,,0.0,6.160448056005485e-25,8.859071751368106e-170,1.8874275972287566e-64,3.815244767732109e-109,7.846595077493359e-70,0.36973483113169536,,3.0219006305152445e-119,5.0279291960639575e-92,0.0,2.0257955991234304e-10
LUN217,6.637944273617163e-209,0.0,0.0,8.019603157246682e-165,0.0,7.702388726193185e-126,1.0864474947542877e-180,,0.0,0.0,2.4084740333451074e-169,5.658114179605324e-10,3.7917070598037758e-90,1.4443072737369912e-79,,1.2944277433146656e-163,2.5143092544966153e-129,3.82104751598976e-44,0.0,2.843280973569928e-46,0.29402530507535457,0.0,0.0031938676911926374,5.937271387410783e-10,4.307623525164238e-35,5.515178818178354e-09,8.719750087981657e-09,1.0820312808203132e-267,2.3341992777129212e-148,0.010757534563331903,7.419781292563375e-93,8.638410369959327e-19,1.913692126757141e-07,,4.2868986396839645e-20,1.1168772575362987e-30,,4.670848897975452e-143,0.0,2.5538324012244946e-162,0.0,0.0,0.0,0.0,9.842739314768704e-55,7.073097626927036e-271,0.0,8.053640580947478e-124,1.6698576369424644e-217,0.0,5.636133812413432e-14,0.043748096692713526,6.693121275473061e-41,3.8671922163313404e-23,0.0,4.8590613231553386e-92,4.8169177640026764e-92,1.0163007827551748e-151,0.0,,0.0,4.7163723887011083e-20,8.107074423420489e-130,9.585589507018486e-55,1.4946855728252144e-126,3.01277266970505e-69,0.5180569151377806,,2.9603702398232694e-137,1.7928102153068627e-96,0.0,1.3121362993261692e-07
LUN218,1.1442496624109462e-214,0.0,,1.5220391236323758e-145,0.0,3.468242578248757e-118,1.8487695647948963e-154,,0.0,0.0,1.9500162756789604e-144,9.86198476097766e-08,7.950263480456762e-89,1.1959420165860308e-75,,1.600685374664221e-117,6.876041527168422e-110,1.0320773973818928e-33,0.0,4.3346177003139986e-42,0.1590043158519383,0.0,0.0008734267639679156,3.59362049613548e-07,1.6860386214091526e-29,1.4727544903086282e-13,3.7948932576085995e-07,3.81733296555175e-270,5.800542976037089e-144,0.0014637035857443946,2.8663508511491752e-98,8.464333136316645e-19,0.0027378970288647105,,1.1590459844387104e-13,1.0146277888403284e-25,,1.737467008495854e-142,0.0,1.7321427285748146e-148,0.0,0.0,0.0,0.0,8.146189743339018e-48,5.777282345710272e-260,0.0,6.833236977112096e-194,2.2765201175298535e-164,0.0,3.580247239361969e-10,0.30193256749403014,3.677293537194199e-21,8.993001838437997e-25,0.0,2.5658101200205564e-101,4.822865565548179e-88,2.9198949392231555e-147,0.0,,0.0,4.903029993392207e-15,7.344833025565142e-181,1.1466918358014668e-70,1.3832125362931954e-94,3.2671112167032415e-60,0.04093678817226107,,2.1744312176758752e-136,7.117929793307067e-99,0.0,3.5558429542976737e-06
LUN219,2.1877466250483575e-187,1.9438211604919697e-196,0.0,3.206946894880973e-100,0.0,2.1882558633318244e-79,5.537512697490923e-117,,0.0,0.0,6.782604214713866e-106,0.00012417663879461796,2.0809253124600356e-52,4.819435678014669e-47,,1.183376950631575e-100,1.7607102051728327e-111,6.638917800479617e-20,0.0,1.4749954157891633e-16,0.00030686098086969916,0.0,0.0008054262621913242,0.0022945707868949816,8.681950911360487e-35,6.69095714901913e-21,0.018205821785233393,0.0,6.965568886055476e-120,0.053229670270364196,2.0448855975076423e-56,5.808754310937564e-10,2.2274895846822634e-08,,3.4165017618463597e-07,5.6469212941121133e-11,,3.126876451733025e-137,0.0,1.0750393506879464e-137,0.0,0.0,0.0,0.0,3.743800198217393e-30,5.398994874506407e-177,0.0,3.263842225121918e-107,2.2617266610991414e-111,0.0,0.00014699371865284605,0.0034293943159184733,4.512639289881694e-10,1.0765857006271301e-13,0.0,6.708208712494451e-54,5.303825805005274e-66,1.6853811943706882e-180,0.0,,6.204059392380649e-292,1.231658912758063e-05,7.834628728750158e-105,4.312259862968484e-91,1.4937013884845388e-24,5.179070571933152e-34,2.519564602129955e-07,,1.8937009402512493e-93,1.1392539663246771e-48,0.0,0.002059306729987816
LUN220,3.856159291628716e-245,0.0,,3.073709848779866e-179,0.0,4.604093503610483e-119,1.0862295141111112e-149,,0.0,0.0,1.3767005286242621e-126,2.467493691603551e-09,2.915219998512018e-117,9.527107582045598e-76,,6.188690361008463e-193,9.926051779420629e-104,6.128257760933702e-48,0.0,8.068023985236698e-45,0.1238591150456718,0.0,0.00010198715919439792,1.1860677170231689e-07,3.4664643457262544e-41,1.8583077880405176e-12,1.6290131274500462e-11,8.653922158761748e-266,2.5098372300766e-143,9.73997691681275e-05,1.3410041584301019e-101,5.871963768005988e-20,3.7436676522196176e-07,,2.4416204418338863e-17,8.742154115196833e-31,,6.672710391769556e-210,0.0,9.265336571627699e-157,0.0,0.0,0.0,0.0,2.863839293058325e-57,3.1770984662194825e-283,0.0,9.552346970921243e-150,5.443771034833048e-259,0.0,6.931240575242883e-11,0.2567221097941389,1.382568397178954e-28,1.4154996816387127e-27,0.0,6.698014875171509e-79,3.4442849413836577e-109,1.0798201594474007e-182,0.0,,0.0,5.95512160610052e-16,8.949149717085286e-182,2.9899637687065148e-86,2.9451066548075904e-85,6.1745388438488e-63,0.35965967784173825,,3.460712975074356e-145,2.3738686462705518e-124,0.0,3.490405548345225e-09
LUN221,1.6911204697331076e-178,0.0,,7.357869891410766e-127,0.0,1.2973696520329755e-76,1.0227212206870565e-113,,0.0,0.0,2.288646478472876e-142,0.049275906533719584,4.249764118752923e-82,2.0538770000035115e-39,,1.7202403839711643e-139,2.56626706527804e-57,6.422794966064575e-26,0.0,1.2234814825390825e-22,0.000515557426587683,0.0,0.15110466605449796,0.0054569194403524274,1.0587668328155648e-40,8.241810617284727e-25,0.0005847764568806113,5.076589605673188e-191,3.416002879683782e-120,0.41620728406495594,2.797294232154619e-63,8.247001280393e-13,4.180866720278979e-15,,2.0854420680490764e-09,5.189215192163067e-14,,1.2881791591590021e-172,0.0,4.169104815817336e-125,0.0,0.0,0.0,0.0,1.367200976450466e-36,5.2870060850065734e-129,0.0,1.4861038525857967e-92,6.076912215418497e-156,0.0,9.950077118326642e-05,1.8328191408837622e-06,6.021498989513035e-22,1.4368603184239506e-13,0.0,2.7034550245111267e-35,2.282842936611509e-79,2.7347388008453734e-193,0.0,,1.878779001783139e-212,6.993851221980421e-06,5.012536032961577e-78,1.095072955610873e-44,5.121005420140237e-42,5.591883777710244e-35,1.7142892713772376e-07,,1.3613665193905972e-84,4.47785280645532e-57,0.0,0.0007957155585950338
LUN222,1.5443054660157145e-231,0.0,,4.7114913179799334e-147,0.0,2.0416698309429114e-101,3.1524027078811504e-110,,0.0,0.0,4.61857633421155e-164,0.5096173589383436,4.30110488667663e-92,4.640859608096743e-50,,3.426644747775846e-160,6.696466579113698e-67,3.475436981161695e-30,0.0,6.302272036362572e-26,0.0013469982749177078,0.0,0.851386725456126,0.30376564636617726,3.1555970410475094e-47,3.1300421643987985e-26,0.011184100788911418,0.0,3.6333720758742765e-153,0.6928190596198658,3.2960794084919656e-67,1.4572270861180975e-13,6.578264831032377e-12,,1.0683741454838887e-06,1.0415859500629319e-10,,9.586714557727912e-199,0.0,1.498619918674112e-154,0.0,0.0,0.0,0.0,9.198578097444383e-42,2.3633015691600716e-172,0.0,1.905260437117956e-107,2.6284028079535583e-169,0.0,0.011351804280039804,0.0005860943325548897,4.635680505447186e-15,4.6445061150778654e-15,0.0,3.8874604346631275e-44,1.945032642475352e-93,3.0455442639078887e-229,0.0,,2.805458112911659e-212,0.0020123481223598026,2.52934154973053e-106,6.391539885371484e-109,8.634715398387652e-42,2.974763354675058e-29,2.9279496357668504e-06,,7.410662437776381e-112,2.7006667724315284e-63,0.0,0.26966639216914273
LUN223,1.0031370866194806e-72,2.1167829825962568e-113,0.0,7.75555640420126e-41,0.0,3.463438961057534e-26,1.5130831897317634e-238,,0.0,,6.664988899130495e-20,2.974326360015145e-51,2.9646889078418053e-19,3.461161227611243e-35,,1.6870859390360184e-75,0.0,1.271280132822615e-11,0.0,1.784987674084569e-08,1.478933868341317e-23,0.0,2.424024920167544e-49,1.7603375625872285e-61,1.075474339852358e-09,2.9890491616990383e-16,4.895117766487319e-44,0.0,7.025449225595708e-42,0.0004727126621631289,1.7294993956432553e-31,2.3211635787287564e-16,1.6571594161602129e-38,,2.470400527987775e-62,1.4246763756106912e-39,,4.873081680905309e-74,0.0,1.6834966123345917e-155,0.0,0.0,0.0,0.0,3.645218369089919e-12,1.8092398189089593e-110,0.0,1.496465562497149e-134,1.813503606182459e-90,0.0,1.2432636129658597e-59,9.31327726688921e-34,2.225368206570117e-81,1.6122858311367553e-06,0.0,1.098822563586975e-37,1.2545072449134297e-21,6.279014044010517e-84,0.0,,0.0,6.32860228591032e-78,2.252369144329369e-52,2.2265798309388547e-23,7.611681070212333e-15,2.508280482689982e-98,8.475944106473223e-19,,4.42584817879892e-37,1.2246696485331148e-34,2.9706557236407955e-86,5.2678318970164585e-51
LUN224,8.163869185899354e-308,0.0,,2.189858938198518e-177,0.0,1.1902383928711906e-135,1.0934161879182862e-101,,0.0,0.0,2.028682461243115e-156,0.034120969546488134,4.3621110838004436e-119,8.36630029383114e-67,,2.258207759307438e-175,1.5634559428855419e-68,7.804695994878752e-36,0.0,1.5267683271637648e-35,3.798041971805575e-05,0.0,0.07200534185053326,0.13612029009034474,1.832343992608475e-52,7.158203283937582e-31,0.00023016592204999793,0.0,1.0295549396520126e-179,0.05917847518764692,8.44880136436093e-89,1.186896893613958e-30,4.4120512018367654e-10,,5.306845198468121e-08,3.4791605974899594e-13,,7.201424254739232e-257,0.0,5.752437547833744e-179,0.0,0.0,0.0,0.0,3.1286973919338152e-52,1.8204042282390464e-219,0.0,4.974963832546422e-201,1.2085783121818166e-211,0.0,0.00033491658043455544,5.49864225079691e-05,1.501098053832749e-11,1.2248673748530402e-23,0.0,7.356626673959615e-55,4.259384861467987e-119,9.17523745088097e-249,0.0,,7.054876823942752e-213,0.004545325194473921,9.835052989162661e-196,4.442050975320697e-185,6.055947387502771e-41,2.076013777388648e-31,3.9002445980522984e-08,,2.26076047545068e-146,1.5977773097962675e-95,0.0,0.06313651632770352
LUN225,3.7915009996857514e-213,9.939612302909727e-299,,2.5887952562260168e-139,0.0,3.639844087562316e-100,3.296680882684409e-136,,0.0,0.0,1.8816774229464405e-143,0.0005791803347047224,6.174649604499748e-80,8.243047123979939e-64,,9.463409226957902e-127,6.575292560618523e-100,4.616682128528052e-31,0.0,2.1343961745387605e-31,0.6217376923578309,0.0,0.1684835068299947,0.005190211466453852,1.6154669540696472e-34,5.560914106357769e-15,0.0013763387398852704,0.0,4.1823181572632395e-142,0.22558719147354295,9.850836261557519e-81,8.646105199759165e-13,0.00190563086111156,,6.512330463388267e-09,2.017656760370916e-17,,5.922963658314856e-155,0.0,4.573822558576417e-149,0.0,0.0,0.0,0.0,5.127240232392232e-42,2.696140788658188e-238,0.0,1.041862123770238e-129,8.63750711229401e-159,0.0,3.771230184638928e-05,0.30133448088952663,3.752524812646084e-14,3.0285089508376934e-18,0.0,1.0776672865795343e-75,2.2825509182839553e-85,6.881128633377066e-172,0.0,,2.668520882342129e-296,1.229124130667195e-06,4.673902767844378e-131,6.86705014305132e-75,2.5997980183038536e-63,3.918757948422643e-46,0.022537335783677885,,4.992651237081319e-125,8.792376125210722e-78,0.0,0.011505581708872168
LUN226,3.0517146233775577e-199,7.601727878372546e-259,,8.099119871072315e-112,0.0,7.608920271878367e-81,6.561723661528152e-96,,0.0,0.0,2.7753375955937533e-94,0.14072885948375344,5.354159752908366e-77,5.461172273277427e-40,,5.101082981885122e-116,1.1604981848170035e-59,8.507084537807137e-21,0.0,1.5446678330130613e-18,0.0001584844513363252,0.0,0.17594407598489897,0.045962506162024325,1.5568546408688368e-38,3.5733542835609205e-27,0.015522695192617234,8.075107801789055e-212,1.1851198240206761e-111,0.2713868691713542,1.2849416542544856e-63,1.7879842321870127e-18,1.506900178816055e-12,,2.0027686142085643e-07,1.9806254679121238e-11,,2.0718308128332755e-180,0.0,2.2462386295409627e-121,0.0,0.0,0.0,0.0,9.38414019021219e-33,3.5383882942695537e-146,0.0,4.802931845682461e-178,3.63035686838695e-127,0.0,0.0001745509092369849,9.275998742463548e-05,1.310090525181033e-13,2.4195079630440455e-15,0.0,9.52845828689766e-40,3.551043657210304e-78,6.659269131646692e-218,0.0,,1.6306702249730078e-227,5.4971543568638115e-06,4.465034295516692e-116,5.068064324412732e-71,3.990904802275317e-27,8.818887739561981e-30,1.612899525052033e-08,,2.2142489441002895e-89,2.147397908603955e-61,0.0,0.007334877312856484
LUN227,1.3728209388852057e-209,0.0,,5.059903729757626e-142,0.0,1.2919181034691565e-98,3.9555945112166795e-117,,0.0,0.0,1.1432805862821458e-168,0.387532065598128,1.6242166554956522e-83,2.2442212198169596e-49,,3.94929381557152e-148,1.4296142722039724e-61,5.671415723873756e-29,0.0,1.4645718184806559e-28,0.0026041710280568136,0.0,0.9262079508516924,0.06261164047803822,5.138341204816036e-43,8.180992589984792e-27,0.005906114138439883,1.2096060586537477e-235,1.0446662931763562e-145,0.8525328766283272,8.440557388207722e-70,8.059394153749453e-14,4.409292273741974e-12,,8.953794050768259e-08,1.2340213486614687e-13,,4.593966478992615e-176,0.0,4.34865789803694e-146,0.0,0.0,0.0,0.0,4.526030030803129e-40,1.7059204674526973e-154,0.0,5.671097343723235e-106,1.039774026792129e-158,0.0,0.0008647828080669725,4.517067628232303e-05,7.948478738430312e-19,3.4900801265054386e-15,0.0,4.578370181630657e-45,7.133648476299299e-90,5.030212091882259e-218,0.0,,7.109413160789001e-204,0.0004338633081714257,1.6150182729944358e-100,6.062943706946286e-78,1.1765751059345432e-61,5.4449203106163874e-34,5.890182571256903e-07,,4.781779382239857e-105,1.8450280201892007e-64,0.0,0.07680350191807962
LUN228,1.8218112348740442e-242,0.0,,2.122099639009994e-156,0.0,6.842732754637068e-100,3.9773917767613627e-116,,0.0,0.0,3.417258952075723e-135,0.01080120511491279,4.283998047938389e-126,9.76659658540175e-59,,2.0222643743524067e-161,5.5156478898100994e-62,5.755650532761638e-40,0.0,8.457565767974271e-33,0.019064792834106607,0.0,0.1627983481258527,0.07448595467016425,2.979277799019792e-45,2.558524899518618e-22,2.9611745153290784e-05,1.4315933532723303e-223,2.2705477273866808e-141,0.0666677312986549,1.5348454553858184e-88,2.6549518166082037e-18,1.653569143957195e-07,,7.937951878209914e-08,7.401960543672518e-19,,4.210130939789536e-214,0.0,5.698622657424191e-139,0.0,0.0,0.0,0.0,1.3244584123666369e-45,2.2010762392439706e-244,0.0,7.745050368192284e-198,2.9391102491093097e-183,0.0,0.0007121300027819963,0.04479659303285362,8.765272822463993e-12,1.3972933699595422e-20,0.0,5.254105057622722e-63,2.613634588941019e-103,1.3505284333111673e-244,0.0,,3.7052345968684783e-261,0.00011858084266209836,4.650312084879558e-133,9.561631879227644e-77,9.161693399148438e-59,1.9942048296459897e-40,0.000444915713245567,,3.4881442851428766e-133,8.966497930279946e-90,0.0,0.00010571168233599737
LUN229,3.5028422088769527e-197,5.879187060139151e-262,,9.409789111922222e-115,0.0,2.8516886443452997e-86,1.725895316020064e-119,,0.0,0.0,1.0550180446127786e-94,0.0001888221705021591,3.6760159679041355e-64,6.491945497228592e-52,,4.626088280873784e-112,1.812575714486954e-93,1.0952235428352458e-22,0.0,1.4679296342590919e-24,0.029032771866205623,0.0,0.0048043575225385675,0.00026796350140438727,1.2564308614910646e-29,1.1172053336470362e-16,1.9526311420564825e-05,3.482736949607493e-223,4.228745669045627e-112,0.017944851987778225,1.641443763129513e-71,3.029226943325776e-14,2.0324134955819393e-06,,3.360127887597242e-10,7.436333999284714e-18,,1.258670192061773e-150,0.0,1.6745515694126496e-131,0.0,0.0,0.0,0.0,1.0734039963422365e-34,9.59446196318181e-179,0.0,8.807279945028695e-178,4.733039012687517e-134,0.0,7.624953172014355e-07,0.09431112706388264,1.9262405782714638e-19,1.3530322939993056e-17,0.0,2.0614338901609835e-63,3.780098307032291e-75,5.259811930015052e-187,0.0,,4.948773229427114e-269,7.217905233460839e-09,9.51537134054397e-157,1.4500016259722373e-76,3.385925371550117e-48,2.418342760868887e-43,0.002742170534701295,,2.7073650140988192e-101,1.6787175593760266e-75,0.0,0.0003424768566481677
LUN230,1.2548530039650256e-211,7.79288023286697e-309,,1.614335196040551e-135,0.0,1.0493850711917409e-85,5.183778219763086e-115,,0.0,0.0,9.74359372776338e-122,0.02741460890561575,3.982374397470383e-92,2.0281680245976172e-50,,1.4395549092741793e-137,8.554151348199083e-73,6.168967185208464e-30,0.0,1.825302755325583e-24,0.16691174878319548,0.0,0.2973612735027273,0.1520101830035918,1.5141911880916158e-38,2.163911072423885e-18,0.001632053575673613,2.238161556571008e-274,8.535929128668905e-129,0.37868984510353904,3.35959218851917e-74,7.247785965961856e-15,1.8301904837937456e-06,,4.3079423157186943e-07,1.870115634425706e-14,,2.3129889373590666e-183,0.0,2.823921104294602e-134,0.0,0.0,0.0,0.0,6.392817378810448e-39,2.5373826882812343e-206,0.0,1.8826380619071517e-131,5.262856945260692e-162,0.0,0.003713954079937055,0.06486817177501228,4.9554573239234504e-11,3.200464410164146e-16,0.0,1.0808732492186672e-52,3.1930031080496312e-86,6.976415647247909e-195,0.0,,5.012679126493977e-268,0.0013937841240395576,1.4314886114156398e-113,1.9397847416469333e-68,1.5437113955853633e-40,8.704791429215594e-38,0.0019586333063703566,,1.8580336089164847e-110,2.411200889674823e-73,0.0,0.021749794642382005
LUN231,9.157814634658263e-231,6.0180364861111187e-266,,2.2641341713429663e-126,0.0,3.173163789902147e-100,9.917745252724019e-97,,0.0,0.0,1.725935438269633e-134,0.0961125071784797,9.718955071960524e-71,5.05366320856515e-47,,3.5218109829770812e-124,1.1157619611608857e-77,3.3411369573350995e-22,0.0,5.460016551503096e-19,1.0067406188153013e-05,0.0,0.09060252225539034,0.33230695923608616,4.430498934038776e-46,1.4969655513691573e-29,0.10835566330018151,0.0,5.058732053611073e-146,0.09919717361701702,4.0931573975431054e-63,5.6054163025258675e-22,2.8964948188282388e-11,,3.3820705315353056e-05,2.61035233054559e-07,,1.4205991615711427e-191,0.0,2.2506296700955235e-147,0.0,0.0,0.0,0.0,2.869184873478153e-37,5.981853628091521e-161,0.0,5.329248478165195e-125,6.310030895678652e-140,0.0,0.026758745468830978,0.0003924939029265016,6.110849161377617e-08,1.8132804678463343e-16,0.0,9.525640955572355e-39,5.887534719600857e-84,3.57599059047842e-193,0.0,,1.0302377187425123e-231,0.002491280800719961,2.7598861873696385e-125,7.675669851686044e-135,5.521895685496546e-17,1.415172183746348e-24,8.207462380193862e-10,,2.7463235996705855e-100,6.851278548919471e-57,0.0,0.10318961628822594
LUN233,3.9548653482446533e-181,0.0,0.0,2.9068451457738326e-140,0.0,1.9795809409180213e-114,6.340830156807111e-205,,0.0,0.0,5.209644960115583e-97,2.510133480985047e-22,1.0492743674935101e-63,4.1650720733882975e-84,,5.130881947730134e-161,4.001304715472452e-200,4.58067843168814e-40,0.0,5.767315642132256e-43,0.00011237788369982343,0.0,3.57351124918902e-14,3.5088187319793024e-23,5.0326456206452617e-29,1.022106303945285e-05,1.2142986850235079e-18,2.241368858196063e-298,9.781877270144291e-114,3.5609462981768814e-07,1.3927060171631479e-84,5.575902741527407e-20,5.2762935351656624e-14,,6.031905093594789e-34,7.1426680262250434e-40,,4.1413292577873776e-131,0.0,4.218431417744764e-159,0.0,0.0,0.0,0.0,6.512039269511653e-54,1.6005500420210655e-256,0.0,1.8788316084429837e-131,2.8231505348781643e-225,0.0,2.0284767292003874e-26,0.0011291965494689415,1.1761573287877933e-70,9.467727015900675e-27,0.0,9.12711834121159e-97,3.300318124735349e-77,1.5458233614873615e-119,0.0,,0.0,1.2560621655342895e-37,1.0577183524595816e-162,4.074324010341651e-64,1.3575063924871344e-111,1.1581428398595995e-90,0.14942325443951907,,1.437293957881975e-118,9.273138779601142e-107,0.0,2.875139851229579e-17
LUN234,7.906378723770058e-171,6.577495360498642e-303,0.0,2.061139136073557e-119,0.0,2.5845526034245045e-77,4.488458320586401e-160,,0.0,0.0,1.1529547633928734e-86,3.912574539763783e-14,7.043316179345597e-51,3.725846814578516e-57,,6.41759727532513e-123,1.551814573259771e-164,4.2050067310089485e-24,0.0,1.2624014084081595e-24,0.011977309525577674,0.0,8.236536587782153e-10,2.016821186231427e-14,2.1317266853900516e-24,6.356707377826225e-08,3.576536247460987e-12,0.0,8.506390876291549e-104,0.007033358319419851,2.9128781249599563e-67,6.399500786136802e-20,6.602659483866687e-10,,7.247977150772459e-22,4.380608487693657e-22,,2.3182989771353243e-145,0.0,9.07256837092221e-147,0.0,0.0,0.0,0.0,4.4386117578910505e-38,2.976083995232436e-187,0.0,1.418614753076447e-100,3.053050511987024e-191,0.0,8.129390142304153e-16,0.00015323391409823337,8.493723322654174e-33,2.0157471114604166e-17,0.0,2.952546793745445e-57,1.5260239292621238e-68,4.911039627642173e-103,0.0,,0.0,2.8249875791908033e-20,4.97594345383071e-141,3.8331813138025798e-62,1.9357171387563842e-35,1.4785102884901367e-61,0.04300368451982396,,9.34983740759541e-91,1.9398644005092736e-81,0.0,5.705973696887779e-13
LUN235,2.1862248019335585e-201,6.239059075097777e-226,,2.7685948810746685e-105,0.0,3.469170219604191e-77,5.709818188763763e-132,,0.0,0.0,1.0238559965099794e-79,1.4596951291859103e-15,6.152443282226823e-55,1.1655144269263404e-59,,7.164334175085849e-113,3.967248864706261e-161,1.5629505854670909e-25,0.0,1.2706800742588075e-25,1.5388980090359662e-05,0.0,1.2059352825730509e-13,3.846044647179854e-14,1.0733489653388478e-26,8.513571501536023e-11,4.895693986582289e-13,0.0,8.235379967269329e-97,8.104898697209118e-08,8.88303470793714e-69,2.220076502620042e-22,1.7072372680306753e-06,,5.234808395720613e-20,1.3794927917530403e-23,,9.20025914237727e-160,0.0,1.076322740340239e-142,0.0,0.0,0.0,0.0,1.909488592164297e-37,7.116998038723958e-232,0.0,2.0127736590704334e-163,6.301555970058359e-149,0.0,1.5320333110284398e-16,0.01964444457255919,1.0262336611964479e-31,1.3185891645073121e-21,0.0,1.4168292070889666e-81,1.974458510985931e-70,1.8686449270701225e-170,0.0,,0.0,6.065762441937192e-25,6.394756882556062e-191,7.251924714900412e-115,2.9026014136735884e-35,6.914898708247844e-56,0.010523117919375477,,3.520321121668636e-104,2.3260412268310577e-91,0.0,7.293889117293709e-12
LUN236,4.3200351098042245e-231,2.9625928186263336e-262,,7.903209275710753e-121,0.0,1.0292865408548702e-106,1.7829041625149673e-80,,0.0,,2.2273124879723378e-120,0.5595581622828991,3.1163988679275944e-81,7.198255270701057e-39,,4.252936639082568e-131,4.236418543457931e-54,1.1786815015331949e-19,0.0,5.197494858663816e-16,1.056564350653348e-09,0.0,0.10247661769677745,0.050275812179738325,7.341959947336688e-53,4.7575686944115955e-40,0.3333995439679657,0.0,2.0869117868567673e-138,0.12094903463145767,5.095584161812662e-56,1.8977494027399926e-27,3.9025884817393967e-20,,7.401118587334704e-07,3.1216000024281765e-05,,8.616612118214557e-219,0.0,6.160898811564639e-139,0.0,0.0,0.0,0.0,1.2935936151680665e-36,1.083686335630165e-122,0.0,2.787053590113381e-136,2.6800523734363807e-135,0.0,0.000452107061630207,1.0939088869154829e-07,1.2841091004929915e-14,2.803490565453543e-16,0.0,2.9393523075466436e-26,1.0837390144216283e-85,1.8856330307639316e-238,0.0,,1.0371393930223782e-188,1.5103212556784438e-07,2.1059623184478762e-111,1.2581688674662425e-135,2.9340374836469273e-12,2.3795522088289452e-17,3.90420419272995e-15,,1.378381413898986e-88,5.290937095619499e-50,0.0,0.04744193135186533
LUN237,1.4781067414142326e-277,8.382124736534407e-198,,9.816408797572309e-104,0.0,1.1921962165406138e-176,1.4481530318883031e-55,,0.0,0.0,1.498378829701344e-71,8.427686125683175e-07,1.059081608472158e-160,1.166841585842047e-37,,7.585209586780758e-176,1.302293191941486e-24,2.3764517559523195e-26,0.0,2.843840438869477e-17,1.767399877064958e-33,0.0,9.32646539061263e-09,5.813344570825921e-15,1.8190495466726386e-84,1.6552145788154943e-76,0.5502202729385745,1.4093595931684166e-301,9.179775787206491e-130,7.298266367980057e-07,4.317609943515864e-42,2.0480060140851407e-66,4.337295467441848e-58,,1.7394960585002537e-21,0.002939826564413791,,0.0,0.0,7.718899165464598e-134,0.0,0.0,1.621969616899707e-300,0.0,1.8687718575654542e-49,2.9199500639518533e-119,0.0,1.4045171253232923e-247,1.3330792668452738e-146,0.0,2.0945050190901087e-22,5.587509783557978e-26,6.749880545057899e-40,1.2246248017662663e-26,9.867005890741431e-59,7.189422335740905e-18,1.6305145406156817e-101,0.0,0.0,,6.225453221490968e-173,2.229356991361005e-46,1.128892514219048e-90,3.1744138289016716e-222,2.7083281337350958e-43,8.770227261812326e-05,1.5286853693138698e-40,,1.6694657950366472e-86,2.4939631110279235e-40,0.0,7.460145017593267e-11
LUN238,2.8334006191541456e-258,1.4085818580317106e-255,,6.875028875728315e-127,0.0,8.879467017197901e-103,4.6133612598704715e-86,,0.0,0.0,4.52359261191186e-97,0.10908897412434239,3.4446199515780575e-108,7.37082432402373e-48,,4.45803446393955e-148,2.618937039025806e-57,4.327084013775348e-29,0.0,1.1450930554306669e-19,2.96427166576062e-07,0.0,0.03277537045413059,0.4131164365879908,1.5862866697991778e-51,1.841435688972765e-32,0.1050653054697888,3.030911879423704e-303,1.2963190731444954e-132,0.02129030482959987,5.24777303012684e-65,4.722774714676142e-24,5.505639138575655e-13,,3.3567127374020184e-05,6.47382954387165e-09,,4.498956667462924e-232,0.0,2.024148780280261e-140,0.0,0.0,0.0,0.0,9.271372885301078e-39,2.7576836030487725e-206,0.0,3.528008607001277e-222,9.717748644528742e-148,0.0,0.01600536905707428,0.00015911136970015471,1.7556737036126203e-07,5.336831489090958e-18,0.0,3.392488854641333e-45,1.4131839538755796e-94,0.0,0.0,,7.153411911551096e-249,0.000219112715379681,3.104159222841284e-124,1.948188276676725e-141,3.9043311233368593e-28,9.448747747187782e-23,1.8941109035459756e-10,,1.221204879481447e-116,1.620857557791739e-65,0.0,0.18629127422617478
LUN239,2.485259573257202e-229,2.542509379682463e-258,,5.64193790591469e-131,0.0,2.029724246852681e-96,6.347716220713107e-121,,0.0,,4.901027373450381e-165,9.898260212345569e-07,2.2080159965238454e-88,1.9726324368587013e-62,,1.0641950084697216e-100,1.2315807071710571e-85,1.0630541805378543e-29,0.0,1.4214804156160313e-29,3.7821930593335945e-06,0.0,8.279477178428544e-05,0.016218160452453837,3.12403979096801e-41,2.381160356630039e-26,0.011631097540592269,0.0,4.0438763880532415e-154,0.0003011893620696759,1.4159951487591168e-87,2.358512861051589e-28,2.4137348528201233e-05,,1.2522208459631895e-05,2.236341118013102e-14,,1.9387143605309393e-166,0.0,2.1064556348773228e-138,0.0,0.0,0.0,0.0,4.935850807826805e-43,1.1080188252198696e-226,0.0,3.8889292583042195e-212,5.905271424202273e-133,0.0,0.000622897729399082,0.0031425875178718796,0.0005203860964542156,4.586293353292883e-23,0.0,3.993975523861639e-72,2.2213484107108334e-84,1.0287355364181513e-134,0.0,,1.7242651052905946e-306,0.0010707735683942838,4.860628297215886e-139,1.5322004911899823e-94,4.369376583785981e-33,6.435910646752822e-40,8.815899620287518e-10,,1.1697571121149393e-117,4.1639890977927e-71,0.0,0.012299840000455205
LUN240,2.3628704526873392e-303,2.1483327367841627e-281,,4.24300250082273e-156,0.0,3.368548191909104e-115,7.063399012498884e-113,,0.0,0.0,7.644278706278798e-122,1.134288517420619e-09,1.6797292341039512e-115,8.193188124436451e-76,,3.816069355330344e-149,3.9777456528499585e-107,4.3620241924684656e-43,0.0,1.013872299170877e-34,2.278235921265792e-07,0.0,4.8305083230331365e-08,0.0004422651674356034,3.233324597419864e-51,7.618607434727844e-24,4.5743505541576265e-05,0.0,9.548761678130895e-160,1.1980990491542327e-07,4.075038948516802e-90,4.388755858303643e-28,0.0007796669394037075,,1.813928992053217e-08,4.966823412503068e-17,,8.27507442900057e-248,0.0,7.99718595057413e-169,0.0,0.0,0.0,0.0,2.8387493021826626e-52,0.0,0.0,1.0697488239762924e-261,3.8864310683041674e-188,0.0,4.235062310225278e-05,0.019013674536800796,8.567082245079498e-07,3.1124700480489527e-28,0.0,2.488804630042964e-91,4.2679401578484394e-110,1.80020490512872e-258,0.0,,0.0,1.2453818268439478e-07,4.2329597413092375e-187,2.4713814842467135e-190,2.5135522102846676e-50,4.019895904998317e-40,9.974517455046213e-08,,4.513870573443009e-164,4.646577046694981e-102,0.0,9.871204059364279e-05
LUN241,1.3050691765524407e-255,0.0,0.0,9.6792943415179e-204,0.0,6.428292869899327e-145,4.471102366014699e-160,,0.0,0.0,1.3116189912261089e-298,1.858269212978563e-06,1.7522049016375703e-117,2.6366033262371315e-84,,2.247917953906829e-172,1.4597157589448635e-87,1.993860033077508e-51,0.0,1.2764668538992684e-54,0.0027727649840762346,0.0,0.33794802449277744,2.155535385008355e-06,9.101944207281363e-47,2.482066164434871e-20,9.912543563059888e-08,0.0,3.260369429893469e-208,0.052786522196412965,5.544331353135339e-110,2.7710400932893885e-26,3.786877633804529e-07,,1.132042365259515e-14,1.2706735112766465e-24,,2.0040732979857566e-186,0.0,3.6854501806251983e-183,0.0,0.0,0.0,0.0,2.59847585491212e-64,3.1298534403975415e-271,0.0,6.038894654203674e-159,2.599813279780086e-239,0.0,5.5409339859487974e-12,4.118833617529013e-05,2.502448668740379e-24,7.048838324060603e-26,0.0,5.874795754932933e-88,2.023576542583689e-116,1.9203221816559602e-146,0.0,,3.0026368286027974e-263,9.027371861977015e-16,5.403510146104415e-137,1.6981061440091072e-93,1.437787730393777e-107,1.3380190986901075e-54,0.00025177574800118804,,2.3758635983198248e-157,5.902772416245428e-101,0.0,2.8399685709973957e-05
LUN242,3.5554609104991925e-220,9.136820275966084e-262,,1.4155691936559892e-113,0.0,1.942449571417985e-87,4.743378977519772e-81,,0.0,0.0,6.39038721335121e-84,0.04108412808257886,2.8333471428505525e-92,4.2881143749500097e-39,,2.6958881445168093e-124,1.5156734133829191e-55,2.612453482101719e-21,0.0,1.0691682428177631e-16,2.555096111866126e-07,0.0,0.01331529702112588,0.013552331887735965,2.7542188695530647e-44,5.48231056251972e-32,0.027051272486449316,1.7266092192273365e-245,9.203758787031983e-113,0.02407810532280779,1.3206518393907e-62,2.2991564980750502e-32,3.217135041348954e-16,,1.7198225197660153e-08,9.92406972055168e-10,,2.9822074917459625e-214,0.0,3.0134151067336604e-125,0.0,0.0,0.0,0.0,5.589221229099907e-35,2.1489139632827274e-144,0.0,2.589078376395267e-197,8.471510064116167e-138,0.0,1.3698811155867227e-05,1.261605023297531e-06,1.2943622217470653e-13,2.7386131947135817e-17,0.0,4.829970879376187e-33,2.0791742955373872e-83,1.3266710085966033e-235,0.0,,1.661042251669056e-221,1.4908406318338353e-09,1.5946100800973413e-126,5.374044101785912e-97,1.6003787948185842e-17,5.167637534337809e-24,2.407559884128253e-11,,5.172939178693475e-89,2.0333178779390357e-63,0.0,0.0023512285954306426
LUN243,6.300085408400878e-255,1.6126140875880835e-186,,3.559859385369533e-105,0.0,2.190477440160347e-106,1.0315784934296196e-75,,0.0,0.0,7.817676077229222e-77,1.3776768131307765e-05,1.1555843768501748e-100,5.761772563154835e-43,,1.0174592028758201e-125,1.3150984008390663e-68,3.340095469628037e-27,0.0,2.7314352803201763e-15,9.220931735680597e-14,0.0,1.0900551281792476e-06,0.007544907281338149,1.9423818449369768e-55,5.7471133758014184e-39,0.16058576945151906,0.0,2.0218442907034874e-125,5.054900735578478e-06,1.3063075931558435e-56,1.0194758900765421e-38,5.386780993854428e-19,,1.1188326798330776e-05,2.1831459863993805e-08,,9.45127088130117e-228,0.0,1.2965628897923778e-132,0.0,0.0,0.0,0.0,1.257468977175222e-37,2.650541047622701e-200,0.0,6.290819370902744e-245,5.64993246822648e-125,0.0,0.00019378674510629743,1.7250973202968759e-07,2.505422230646979e-06,1.710468670165949e-20,2.8431103049909045e-219,1.058887198853011e-40,1.1065052469133338e-84,1.8584304126161387e-308,0.0,,1.1548341737646098e-291,1.6159984445659912e-09,8.505587085721858e-116,1.915649376159036e-175,2.113223147289478e-34,1.6104236447483264e-19,1.3171851823850839e-17,,2.702489793630808e-103,1.444835100936687e-53,0.0,0.0586426700689552
LUN245,1.0978258866040218e-202,0.0,,2.9966649776915385e-148,0.0,3.812839537310664e-103,2.9307968829763404e-165,,0.0,0.0,1.7716132658814617e-96,7.670706811542964e-16,1.0064712325994943e-90,1.6076883093891236e-73,,1.371872161063674e-166,3.9686105470352885e-134,1.3226740174622988e-43,0.0,1.7928646942520457e-38,0.0035291067051982515,0.0,3.154677209862191e-10,2.0390338361042493e-14,9.393554994658094e-35,1.661906881958571e-08,4.657635324054379e-15,2.5574336994366916e-288,9.464731483960478e-115,4.7679320637840615e-07,7.91313480322948e-92,3.293977353958173e-16,1.5215849449894514e-06,,1.1121699536538134e-23,4.873018033134585e-34,,5.766524265427762e-174,0.0,1.7755358426530108e-143,0.0,0.0,0.0,0.0,3.7088531182881074e-50,9.224949718659571e-296,0.0,2.2244337788144868e-128,2.0863935070099037e-220,0.0,2.1353305765112554e-17,0.10905563690085196,4.725198760436543e-39,1.0049082596893345e-26,0.0,1.7222360041145478e-89,1.855752105380914e-89,3.172104573673336e-157,0.0,,0.0,1.9824795615304738e-27,7.103970354394738e-165,3.173393865428343e-68,2.346695635775454e-81,1.3024758246030427e-73,0.3160597795068026,,1.2192953436664516e-127,8.222942353032538e-118,0.0,2.1047762137615455e-14
LUN246,2.5711893464506865e-255,0.0,,5.590933894386018e-191,0.0,1.7159485752961707e-152,4.843070409183231e-168,,0.0,0.0,5.678024535393447e-239,1.0414185231711223e-07,2.415715931901941e-128,2.727677885922971e-93,,6.093807452413705e-154,1.5723213312836477e-95,6.272102700997174e-51,0.0,5.311349923478679e-58,0.019356735679979694,0.0,0.038813154198842244,1.1953126215809588e-07,2.6095510717965183e-42,4.728662992541122e-19,4.492133337976566e-07,1.1868636749688977e-308,1.655942630623096e-192,0.00779459603043654,2.498042617360076e-118,2.3084573287776917e-26,5.761660471954135e-05,,4.866106065294359e-15,5.66185419947615e-29,,4.584506409361338e-171,0.0,5.204032685426098e-173,0.0,0.0,0.0,0.0,2.6841171040188772e-62,0.0,0.0,5.497684859257414e-182,7.211176757385461e-212,0.0,9.975884652381127e-13,0.002252200814247286,6.810058665505388e-22,5.608243903584529e-29,0.0,7.009332007598365e-116,8.06466853128069e-114,1.4813653489863081e-173,0.0,,1.66040476806169e-309,4.448667348859243e-20,6.238332333518604e-161,1.3780003401859288e-78,2.2234222860646173e-135,8.07522584586367e-63,0.00030593386683399736,,4.434990927415511e-175,3.741093520039106e-110,0.0,8.041998769176394e-07
LUN247,3.210678111204409e-230,0.0,,2.1763437615196557e-192,0.0,2.6404951908163876e-154,1.2530454887260824e-188,,0.0,0.0,1.604231088825528e-197,1.861373680265037e-10,2.6991424154064347e-111,1.643816463024159e-89,,3.39252643519822e-180,2.602782381346434e-115,2.2667612105209413e-52,0.0,4.055796740811261e-59,0.10799893699786302,0.0,0.010942562766328942,1.854083627735072e-10,1.718291565294417e-38,3.883148311417388e-11,8.31499846662238e-11,1.0835292551076294e-241,6.793397262805087e-168,0.0025584113979190237,9.726106948018823e-113,1.0125806519539745e-23,9.789242049217809e-09,,4.9825551748567275e-21,3.586367924425775e-37,,4.4436625823257437e-159,0.0,2.497626097178816e-166,0.0,0.0,0.0,0.0,1.0239421325351137e-64,1.205526393743581e-290,0.0,3.0715320576295084e-139,2.6196309195864354e-258,0.0,1.3923946408947362e-15,0.01877950105872869,7.321661283503315e-41,2.6707110105298003e-29,0.0,1.2112906508549467e-100,4.2057758894881666e-108,7.388858292281664e-149,0.0,,0.0,1.9136361113450284e-22,5.496591042997295e-162,9.399470387514907e-65,1.0469076692104146e-157,1.3802393430702737e-76,0.18728994832974583,,2.8762616840483555e-155,5.545433083621748e-119,0.0,9.797244777095015e-09
LUN248,7.793216701371397e-282,0.0,,3.6554740617867273e-172,0.0,1.6809353207538578e-140,2.91822806974921e-97,,0.0,0.0,1.1774427916962808e-167,0.01863025600879794,9.295562805222825e-118,1.1888133717876193e-55,,1.250307126516884e-189,1.0725822751676816e-55,1.2162347786297841e-33,0.0,3.07819386474248e-33,2.649282544798901e-10,0.0,0.00793026470623456,0.0018667480565318396,2.121669215659245e-59,3.0128897728319226e-42,0.00016755352785275554,0.0,1.4266908191832601e-176,0.03413514931983731,3.1343086916636024e-74,2.2648254243262473e-30,1.0006019705079277e-20,,8.288141419176373e-11,3.89294924723458e-12,,7.3066660013986725e-267,0.0,3.8432702969202984e-177,0.0,0.0,0.0,0.0,1.0741807426129431e-49,1.3308327234640649e-139,0.0,3.9975742663929613e-140,5.048842516614774e-204,0.0,7.181239703035842e-07,6.462875273173802e-11,5.483134175056529e-25,2.4751381235839423e-21,0.0,1.0032615670627165e-37,9.223707902098644e-117,4.235155606339027e-275,0.0,,1.0646204735760164e-150,4.829717055082133e-06,6.502399296282577e-161,2.589414622730682e-176,2.7106036487759063e-48,1.9817724081160683e-26,2.3260116305009864e-14,,5.846792726347021e-120,4.6926895196216524e-79,0.0,0.005222337241807194
LUN249,4.1767790957750465e-213,0.0,,1.4251073762801124e-169,0.0,2.005440828891546e-118,3.017087634924996e-149,,0.0,0.0,4.4223191044563945e-233,0.0001313775512351325,3.013507943100705e-90,3.5655095803627563e-68,,1.4432705318146427e-141,1.7363584310067964e-83,1.4121812941495335e-37,0.0,1.4616952081799019e-41,0.04310604223503622,0.0,0.48219223177309234,0.00017425513478618938,5.3698726778423923e-39,5.554591525973242e-19,3.928588194327057e-06,0.0,9.493141719956318e-171,0.19031351600614135,3.0925389953489017e-94,2.07576953725222e-23,5.466527165187187e-06,,7.321975645827903e-12,3.847096262197616e-21,,1.5635905946426618e-161,0.0,1.3981186907311112e-158,0.0,0.0,0.0,0.0,6.014701139408424e-52,4.3469005960082237e-206,0.0,1.229442500272857e-129,4.360370475499879e-200,0.0,5.44880535737182e-08,0.00013632288478231374,5.917072070105961e-20,5.3437060565252926e-21,0.0,1.7823010473110027e-67,1.0857644898741644e-96,6.549981275370008e-128,0.0,,1.6398058696961929e-249,8.91855885264309e-09,4.426235584079195e-121,1.1738002838665452e-65,3.7196696193599394e-83,7.865971959046662e-51,0.00025108462027505435,,1.1012202995090483e-122,2.6869383595544528e-86,0.0,0.0005477095266431705
LUN250,8.993754972201438e-244,0.0,0.0,5.783560843440648e-193,0.0,1.8188268925834703e-166,1.9894827923767276e-227,,0.0,0.0,2.24955899122249e-127,5.47653171133728e-32,5.716752573184403e-88,1.5581434820307305e-120,,1.2753052860266356e-214,8.459774453858227e-235,5.907105288098403e-60,0.0,9.276590384761683e-72,5.85429264539216e-10,0.0,9.109612590813735e-21,3.546431917435841e-32,6.263192939937721e-39,3.773921699933934e-12,1.7317333135287587e-27,0.0,9.368349958986468e-154,1.600922193739207e-15,1.5493093261030144e-115,2.582167378545447e-40,1.6639817456664074e-25,,3.3849256213205308e-46,1.0784163031204546e-54,,8.590575631536856e-184,0.0,1.0076509310800833e-192,0.0,0.0,0.0,0.0,7.455810394789875e-85,0.0,0.0,4.502365407104911e-194,0.0,0.0,5.3235761333591825e-37,4.869596490428111e-05,7.893633907650018e-94,1.1298956600210174e-45,0.0,2.754193588354872e-128,1.3813118690058048e-109,9.512425521710675e-120,0.0,,0.0,2.0842363649749483e-56,9.397187525276718e-282,6.39172926476379e-131,2.0312054077559297e-154,2.159852165912015e-110,1.9629746105777605e-05,,2.0544173360347612e-162,4.9102835832735144e-166,0.0,4.0982167738245926e-25
LUN251,0.0,1.74640641076372e-126,,2.8005963524046447e-114,0.0,3.4638537642373415e-123,1.4550850332014788e-105,,0.0,,4.699725295273059e-156,3.3792005370168414e-31,1.2003985071746773e-186,2.231411772981868e-86,,3.0413150238118803e-119,6.321651686437072e-94,1.4787912354862027e-66,0.0,1.7992047024939704e-42,2.7124345750923785e-38,0.0,1.0391824383279188e-28,4.139825588350781e-06,3.413714121943211e-87,5.105084027606776e-71,0.0007584611920592075,0.0,4.7124795337170826e-181,2.9641139043280828e-30,1.740995108264762e-98,2.691871390045818e-81,4.995522108588387e-36,,0.02686336284520205,1.5903535076603464e-30,,1.3882723745780565e-231,0.0,5.609882688761736e-123,0.0,0.0,0.0,0.0,1.0496283127309965e-65,1.6973457842554e-310,0.0,0.0,2.317845759436674e-149,0.0,0.010565952041090707,2.545709975361817e-13,9.62560425550197e-12,4.779224860263587e-50,0.0,1.6706536071655165e-121,4.64479241189536e-97,5.5043237102732617e-281,0.0,,0.0,0.0014856641144955919,2.670151879837415e-132,4.342361450464865e-221,2.3482751929408964e-95,1.037159372272982e-45,9.520634371759617e-44,,2.568406554782e-144,4.837637356709993e-52,1.215038052167289e-232,0.045244626749506696
LUN252,2.609961086432415e-193,0.0,0.0,6.453916579108608e-142,0.0,6.82125663600319e-91,1.5436203277695738e-161,,0.0,0.0,7.665036056346893e-109,4.198705344410503e-12,1.6356402182698352e-62,1.4697423385591826e-61,,3.0613232075449362e-161,1.6094563426559434e-167,2.0082031824463324e-31,0.0,7.675949360987887e-31,0.025097059471420498,0.0,4.389835255771914e-07,9.459565864505477e-12,2.37793278517355e-31,2.751738800505226e-09,1.3201855007869867e-11,0.0,6.063626852853831e-122,0.00261913834626258,2.4504496573864876e-67,4.392656279226099e-20,3.062882366430098e-13,,2.166635412629994e-21,3.4349612630466507e-23,,6.25056299883596e-159,0.0,1.433076153005005e-166,0.0,0.0,0.0,0.0,2.1715276483671575e-46,2.9427134598009327e-180,0.0,1.230468392878864e-160,2.9461628717330844e-227,0.0,3.3398662681447413e-13,6.610315897448191e-05,3.045085848310159e-42,3.3705589662213916e-18,0.0,1.6610665781433786e-56,4.526542328055387e-79,1.0301456104993897e-125,0.0,,1.605916935898e-311,2.4432498656912614e-17,1.3525039505239126e-133,5.313247853617159e-78,2.142998160430784e-59,1.2826063277557373e-60,0.04246819744459986,,2.749160605981652e-100,1.0750691269410936e-82,0.0,2.67444241949835e-10
LUN253,4.120570900196698e-180,1.247209234610117e-250,,9.915978792267693e-110,0.0,2.2125851264494573e-87,1.8101005685602576e-136,,0.0,0.0,1.8432987580278853e-94,1.8621017799418872e-06,2.1272650839237154e-51,1.181509072826883e-56,,3.540844691805931e-113,7.487579932895101e-125,1.559404836346142e-22,0.0,1.2864195549140634e-25,0.047041918575286404,0.0,0.00019219514044713866,2.889655650232207e-07,2.874213259376854e-26,6.192430516673163e-13,1.986874078450726e-06,3.8662570296707745e-223,3.0742702587388836e-111,0.007830718300384142,1.0606855679184634e-65,2.893915733252562e-10,2.5028479141543314e-07,,1.145429135766545e-13,4.6356996412832916e-20,,6.834735521824627e-122,0.0,1.7733852211962974e-141,0.0,0.0,0.0,0.0,1.486948634672387e-34,6.55404263931571e-175,0.0,5.57702008033822e-112,1.6275982833496354e-129,0.0,1.594221292843163e-10,0.06622954551884637,1.2744353859076466e-31,2.6646887034407334e-16,0.0,1.4599491788413913e-68,1.0375245576685669e-68,1.7793953666929325e-182,0.0,,1.5309453693689366e-283,1.6744894391919426e-12,4.585264476037155e-147,2.127100971245267e-72,6.830116665147806e-69,4.903426994216321e-49,0.02174390846177708,,3.7655787229224265e-100,3.107071128641232e-69,0.0,3.2046046676452675e-06
LUN254,2.4533116202991382e-206,2.8960525573157802e-254,,6.511514986924972e-128,0.0,3.026725421118711e-87,8.616175006814918e-126,,0.0,0.0,6.761339144468042e-152,0.0017725988477821787,2.2872355799681633e-90,3.385737417015391e-55,,3.314752733922453e-138,3.0361612273832495e-77,2.262876182470912e-33,0.0,1.6378175419198434e-25,0.0031016708589249563,0.0,0.04390833200772954,0.02608083691503354,1.9441968961837724e-42,2.8476941772099824e-21,0.00805007013901537,3.916091503547292e-276,1.2909097121332863e-135,0.04116642082179794,4.754656495549384e-68,1.5753614390704083e-12,4.409588909432323e-08,,2.5374066124153807e-07,1.2652919355836457e-14,,3.231389888938979e-160,0.0,7.612387433886026e-139,0.0,0.0,0.0,0.0,6.886263211049041e-38,3.994643846170849e-228,0.0,3.096459008974528e-117,2.8541364709855594e-140,0.0,0.00028430109066080627,0.012716157582075036,3.640412003198926e-13,3.214156277193088e-15,0.0,4.914577903321827e-66,4.5554860837020246e-82,4.33514965375444e-247,0.0,,7.29181471916893e-286,1.657578470354301e-05,1.5280086240224403e-86,3.1690886843451177e-69,4.205867012939519e-58,3.338519358814072e-37,1.0712524627825691e-05,,2.2373564436852367e-117,4.719388803181847e-58,0.0,0.015935994345083318
LUN255,8.991859139767929e-69,5.578449264876975e-119,0.0,2.11104522174608e-41,0.0,3.331583216150972e-28,1.8813542346513964e-236,,0.0,,6.255456033834844e-23,2.6861681262781854e-42,8.012757613365256e-20,1.6285579890340573e-38,,6.638981884112765e-75,2.2631411269007096e-297,2.7317528167526733e-10,0.0,2.293503210495175e-06,3.7238772793624566e-18,0.0,2.3247555791615358e-39,2.9544873154721663e-52,7.2450057533726055e-09,1.3515027451950335e-11,1.9017975431344607e-36,0.0,2.793877372365962e-40,0.02853921957398353,2.780223052351687e-32,2.3804877799969968e-08,5.676274679376893e-33,,1.9374196309387956e-56,4.83284599293721e-38,,1.0857604077974367e-48,0.0,8.680952384874673e-148,0.0,0.0,0.0,0.0,3.548239788510197e-12,4.1303278740641954e-94,0.0,1.7692444766437492e-124,1.6958164995909484e-77,0.0,3.617101276559795e-53,2.8880662199761117e-27,3.518996923747355e-86,7.641680926854089e-05,0.0,8.70904036034704e-43,2.3706402594911036e-18,6.9249733256787e-80,0.0,,0.0,7.335502152050559e-68,1.1640590349595324e-42,2.3898731535151167e-09,3.1723453803532483e-18,2.073968145588594e-96,2.3604624918570616e-13,,7.344106151944535e-38,2.834727853072577e-26,9.331525851525391e-139,7.018969809048799e-42
LUN256,9.481350993651886e-193,1.1730227058518021e-281,,1.5730654894494299e-134,0.0,6.055395150565126e-92,4.237589036568169e-147,,0.0,0.0,3.2381649235174153e-142,2.063652582496978e-06,7.928542574119866e-92,2.270975634280343e-62,,3.495477892668522e-131,3.362322757151055e-96,4.0492082896936314e-36,0.0,2.9648593589874225e-31,0.2161674971811906,0.0,0.006561702063815369,7.216323755244011e-05,2.835555131805531e-35,4.937001948407765e-13,3.882623066862409e-05,1.5205895671810515e-255,1.3852006809368487e-128,0.020184107502199317,5.8291010250065195e-80,4.92929339212318e-13,0.00046139385114474436,,1.6582312062315134e-11,2.6342395403757845e-21,,5.706291538087161e-146,0.0,1.884417800103225e-135,0.0,0.0,0.0,0.0,4.723743678740107e-41,9.523006906240979e-261,0.0,2.9040936166361213e-117,1.1703347892187614e-154,0.0,2.3349696560951964e-07,0.16396400104093692,1.1841254706089983e-19,6.338990585337343e-18,0.0,1.9760617883076993e-82,5.420739871480558e-81,9.966146841239803e-187,0.0,,0.0,4.823807655948333e-10,1.0560601498493839e-101,5.922871662910809e-44,8.538961406052328e-78,1.4414520558742623e-52,0.022135532477006007,,3.743307860239959e-122,6.527854954876306e-75,0.0,5.330130509489849e-05
LUN257,4.8142930325364215e-181,0.0,0.0,1.7176319794003393e-126,0.0,1.7829310989202953e-87,6.720674903193226e-149,,0.0,0.0,1.064515009906001e-104,3.3979132352428966e-07,1.3894430414378468e-52,1.9371992803841936e-56,,3.7246080978602906e-141,5.134876439039787e-143,4.718309915406079e-26,0.0,1.2105023455329077e-26,0.2148898462811792,0.0,0.0005884605811981136,1.0036090085219257e-07,3.5902709765803145e-29,1.013871981653381e-10,1.3799580632325893e-07,2.36587093836436e-273,2.4936473914814043e-117,0.08844374200022236,1.4218315606879786e-62,6.610754486875068e-14,2.445143694196373e-10,,3.9676998261393966e-16,1.512553491974861e-20,,2.7187757361969018e-135,0.0,3.9165402941725436e-156,0.0,0.0,0.0,0.0,4.704452599769371e-39,5.249050544811553e-159,0.0,7.117716778646413e-97,1.023295661037291e-173,0.0,4.70699608162552e-10,0.002774489508002899,5.629699285264779e-37,6.812488606838912e-15,0.0,1.7367266884917944e-53,1.1185720783250801e-72,3.191916179399735e-150,0.0,,1.7413446164862276e-282,6.060551621884127e-13,2.584558216772248e-125,6.065263007399728e-69,8.039926706120437e-68,1.3014879564894422e-52,0.10212230721059674,,6.004229789937991e-95,8.955497654482877e-70,0.0,1.6432115095669839e-06
LUN258,9.014113298231585e-223,0.0,,1.7588500451605005e-167,0.0,8.67067087874374e-127,7.362090722528202e-172,,0.0,0.0,3.277168303377572e-119,5.699855296972931e-13,1.1033432369199031e-96,5.139208136864773e-83,,4.5294684888446347e-182,1.03701025436131e-125,1.4536563947624981e-46,0.0,4.847218343353679e-49,0.05909008018693153,0.0,4.839551676323137e-07,6.909890389721598e-12,1.0083047760695225e-36,2.4116160693702724e-09,4.900032620499257e-14,3.178371794323594e-225,6.03727401621297e-135,1.742221793377104e-06,1.1558946598328102e-101,1.1183061240568302e-16,8.763014100450645e-08,,5.817809021908416e-22,4.1133406274362055e-38,,1.0874307306767953e-168,0.0,3.821036090950713e-153,0.0,0.0,0.0,0.0,1.2328003184210984e-57,1.7425878563432738e-283,0.0,8.919706740850869e-139,1.983954586682447e-236,0.0,5.418588011631688e-15,0.6823707306563517,4.4021670509500126e-45,2.6161883724822693e-29,0.0,6.975880628873396e-97,4.424620653945541e-99,4.1383031054203245e-176,0.0,,0.0,1.0402072330916869e-24,1.1132075214279168e-193,7.862393483170625e-81,6.169244675710451e-122,3.8908524809415554e-76,0.7922192558890633,,1.208525891235537e-142,3.0011045957901723e-124,0.0,1.137990338924116e-10
LUN259,1.2308547944403469e-194,2.5444412755693513e-281,,5.214890806449075e-133,0.0,1.7112303994151763e-110,5.813315871824724e-158,,0.0,0.0,2.0792639269105692e-150,1.209225792215535e-07,3.3076850597776498e-77,1.0021306781708524e-73,,6.324363077651659e-113,1.0864153437440747e-125,3.110514350532393e-31,0.0,5.138907787551348e-37,0.1188430052362016,0.0,0.0010401000838710156,1.7087088288216466e-07,1.9965639880270012e-29,2.0394333969168967e-13,5.387224396972122e-05,8.233499872054464e-297,2.7274207071064382e-142,0.004917285610044829,7.179422809058736e-85,1.7140274703691786e-17,0.00021090717094544408,,5.263067889896931e-14,1.9425180473594688e-22,,1.5308055619166501e-120,0.0,1.1654763348695988e-154,0.0,0.0,0.0,0.0,7.752086556796971e-44,4.158939160084709e-242,0.0,2.213219762758422e-123,6.098783312917776e-148,0.0,1.0712558982813125e-10,0.0373041192149254,5.20412842379088e-24,9.387012122175114e-21,0.0,1.2691730423738445e-94,2.3945715549547453e-79,4.923879675025893e-149,0.0,,0.0,1.0560127256052719e-14,1.734386575125857e-141,1.2433914641621016e-64,1.547528813791622e-95,2.3163489241598934e-56,0.006110354435708814,,8.812809235080124e-127,2.207952712466357e-79,0.0,3.207801488870402e-06
LUN260,8.22070804165872e-242,0.0,,3.6645134438585716e-175,0.0,4.3978705961176065e-132,5.748884105253247e-178,,0.0,0.0,6.863613479168407e-121,1.440223264896432e-18,4.045764064420618e-86,1.962429151893383e-93,,3.020175098979514e-176,1.7676206822810037e-169,2.6648545120827823e-45,0.0,4.79353436384498e-53,0.0007943138200524023,0.0,1.2869388085311121e-11,5.226235430556931e-18,2.1159249017900982e-33,6.457713952511201e-10,3.0785369688031093e-17,0.0,1.040652093575426e-143,1.4791571915977449e-08,8.361825340886962e-105,5.6249547844395986e-30,1.636106795733003e-11,,5.748791052090879e-29,1.2316135846069616e-36,,1.6443854360320541e-192,0.0,2.713541147783516e-174,0.0,0.0,0.0,0.0,3.3454025020496523e-65,8.039819964394145e-298,0.0,8.202129209146729e-154,9.106329250014576e-280,0.0,1.0182423615612143e-21,0.02308401800512105,6.253812441796951e-49,2.011140472167643e-34,0.0,2.6081744215636883e-102,5.691540049980952e-104,4.277280189335964e-130,0.0,,0.0,5.362454645631189e-33,2.0350897894866397e-250,2.2029717517424525e-116,1.549206266413805e-91,5.2526720027858565e-80,0.0639031058458761,,1.0890130654104134e-148,4.0281611122595944e-143,0.0,2.0799973068066015e-15
LUN261,2.2042280704264037e-147,2.956943278572305e-260,0.0,2.277121081232986e-105,0.0,1.1831366202695521e-80,1.1064775798619763e-181,,0.0,0.0,4.337166565501442e-83,5.046062526003433e-16,6.639560324086957e-42,2.59101415117243e-63,,9.003345702116967e-109,1.6026768729982006e-191,2.75139741991898e-23,0.0,2.769416545853464e-26,0.008818579190591315,0.0,5.8004216438201544e-11,6.986008940072436e-18,2.666866582070531e-19,4.0527559903534554e-05,3.355704265576746e-13,2.6260611689096728e-297,3.5940945274764023e-97,0.005253342136144861,1.363744310785048e-64,7.53812776728664e-14,1.9061287747246874e-10,,1.3156233343224297e-25,3.2461712752473685e-27,,7.966571658572377e-101,0.0,7.807027362755019e-147,0.0,0.0,0.0,0.0,4.4818473016765134e-36,3.512022489943991e-181,0.0,7.812948369672747e-85,6.969253983191384e-152,0.0,2.255933395334308e-20,0.001028345884929551,6.2120521582270495e-49,2.6254257715632974e-16,0.0,5.0681088199873244e-73,8.938663331993892e-58,1.7094588085226266e-103,0.0,,0.0,5.0915321778204156e-26,3.3061369483627326e-134,4.57302039135435e-46,1.6422461769710396e-66,4.521343463129309e-71,0.43144542626332216,,9.848344787600238e-90,7.97665529886357e-72,0.0,1.7743193286138885e-14
LUN262,4.0498287752495056e-274,1.140188054095e-311,,2.6478700411489675e-155,0.0,5.088132718749596e-115,3.2548386173898933e-131,,0.0,0.0,5.781335096595177e-122,4.542922836906859e-10,4.380960792280786e-107,1.1082564546668734e-78,,7.413432101948378e-137,1.0291486872921766e-110,8.537134181206345e-40,0.0,1.7083563698807351e-41,0.0008731019306256223,0.0,2.0543170694616246e-07,3.535689782423304e-07,3.7262769228490565e-38,2.3595534089945303e-17,6.4678044618195764e-09,0.0,1.2463778418498451e-144,9.06221656911023e-07,2.2572202937710004e-103,3.3060476825074776e-24,0.04680267330968437,,2.2264752296929368e-13,1.949517624828037e-25,,2.7566605527484296e-209,0.0,5.487249324719102e-159,0.0,0.0,0.0,0.0,7.35939430756749e-52,0.0,0.0,0.0,5.852130921289451e-187,0.0,1.6872101328095403e-08,0.72569015350022,3.7546051494597047e-16,1.1437066080852451e-29,0.0,3.5350215895679497e-110,1.7539831865927247e-103,3.0077264576701696e-206,0.0,,0.0,1.180705060725735e-16,1.4548006077087356e-223,5.6706717658649355e-130,9.00415263549667e-65,2.4330902837531226e-54,0.008831632706285219,,8.618055581329844e-159,1.8553205273863846e-119,0.0,6.764571604237576e-07
LUN263,6.411020462468878e-211,0.0,,2.1415528284188183e-157,0.0,7.557825780368444e-123,3.0004339177869085e-172,,0.0,0.0,2.2931940304912843e-132,1.998966748956988e-11,1.5296435824611298e-92,1.0310359374605072e-80,,8.571580691219062e-142,5.625157142884567e-127,2.714122095427511e-40,0.0,1.3085225436394242e-45,0.2269106507696286,0.0,2.033024899840039e-05,4.961475575666603e-11,4.66943276779943e-31,5.941289427479959e-09,1.7431139926874786e-10,1.8938759133097364e-277,3.1032690143405813e-137,0.0003846603525727085,1.0202404937947856e-101,8.058522656775163e-17,0.00012237248782231527,,1.228717388379258e-19,9.722510955182564e-32,,1.7072084886134597e-155,0.0,2.286934211013844e-149,0.0,0.0,0.0,0.0,3.1557747814089107e-53,1.0833211014070867e-293,0.0,6.9514538064577255e-146,2.992576857392156e-206,0.0,2.343037015656811e-14,0.6333644309976156,1.0022946563265327e-32,4.7262264922770635e-27,0.0,2.4377377546146857e-104,3.511442152871363e-92,1.3624286879225298e-137,0.0,,0.0,1.6532613616186574e-22,2.6248472499347802e-179,2.630969634878515e-63,1.2093256303098682e-102,8.278349434008251e-72,0.7621333579754556,,1.078211971241084e-140,4.895377500127058e-114,0.0,1.217230797993439e-09
LUN264,1.406147268880258e-211,0.0,0.0,2.6814741668466655e-177,0.0,1.396947106232971e-138,2.1438173765240913e-195,,0.0,0.0,1.7153058443115868e-188,1.4980124578985271e-12,2.5543873239219403e-88,1.118206846723183e-84,,1.6668052333338658e-170,3.913881387566919e-145,7.954565798138499e-47,0.0,2.894763775872067e-51,0.04077572045171344,0.0,0.000919045540123751,7.140330191317644e-13,9.63314626813526e-35,9.491641073105014e-09,8.734050190257964e-11,2.1375244791584e-311,2.1784173002760595e-157,0.00881934999217089,5.0822136890956234e-98,2.486291483529749e-23,1.8905968290284843e-10,,3.3272140796588526e-24,3.37264577799583e-33,,1.162442500742515e-147,0.0,7.943712715827775e-173,0.0,0.0,0.0,0.0,7.86329659421818e-61,2.759164213559053e-262,0.0,1.889945135908749e-167,3.803043121334884e-256,0.0,3.1680956476023956e-17,0.0008312199343342119,7.778737398223578e-47,1.0045754099774251e-25,0.0,2.6167401767724095e-91,4.651020540317864e-96,2.718059012291968e-119,0.0,,0.0,8.463250738672501e-24,1.568817984005099e-138,4.646923911348533e-59,1.2375951933386373e-130,1.0181223289581217e-75,0.2075495210879384,,4.608586912882628e-137,1.9654007261698076e-104,0.0,1.0084405723816992e-09
LUN266,6.05369535314932e-181,3.715054624324245e-262,,1.1805522903270137e-108,0.0,4.906897218550982e-75,5.253080543546379e-139,,0.0,0.0,9.862819043671406e-89,1.6804524318959184e-12,1.2249549401991347e-56,2.9753395354837783e-54,,3.6945450938355966e-97,6.557473048883581e-133,4.632866482254513e-21,0.0,1.472034838567705e-23,0.00024826284350064353,0.0,7.197930032271471e-10,1.2922925016673127e-11,3.091622187109722e-24,4.290786493000379e-12,2.693791365781934e-10,0.0,1.2970217410942735e-100,0.000171452710760674,4.7742998684598004e-73,3.06075497962246e-29,6.350979378584146e-08,,1.665877465230995e-17,5.109303624957178e-21,,1.6323709308095064e-146,0.0,2.16704873841357e-131,0.0,0.0,0.0,0.0,5.743047293520664e-35,5.806862081462463e-179,0.0,2.7805828410318602e-123,4.0189941332565573e-153,0.0,1.5644569590818234e-14,0.004227161810475265,1.5658263060492575e-20,1.3878960705617996e-19,0.0,9.117404592591944e-61,3.290222796383815e-67,2.8066811754454445e-107,0.0,,0.0,7.974811164528901e-19,7.583959693888439e-173,1.1249888671159302e-71,1.49231542248602e-26,1.065501113612736e-53,0.0030467897567194886,,9.670238990598732e-89,9.942568238449629e-82,0.0,1.6277861485953705e-11
LUN267,7.487773954522201e-220,0.0,,1.611405696701497e-148,0.0,1.7480166266224455e-107,3.5200068819545625e-114,,0.0,,2.3911318230319273e-181,0.11760676495129739,1.0948938775326193e-81,1.556841025062342e-54,,8.318717281187643e-131,3.4111917197901636e-61,2.6859701995496856e-28,0.0,6.182684558064349e-31,0.00047463880641644734,0.0,0.5521606198923839,0.04603840031030733,5.204128283020568e-43,1.6743031844801814e-29,0.0007460552608258861,3.790484015048663e-288,3.515855347709064e-157,0.27371879858975534,2.7208229281897492e-80,1.5101940693579076e-23,1.1837888076961154e-09,,1.058098452751088e-07,2.8525530587756907e-14,,3.9569945853333847e-182,0.0,9.533390784308717e-148,0.0,0.0,0.0,0.0,4.116660944253582e-43,4.248431074415517e-157,0.0,9.553043755937676e-143,7.583576961590305e-158,0.0,8.87099693692821e-05,1.4966490339043888e-05,1.8700266995093428e-14,1.3566449542498059e-18,0.0,2.3863885146166416e-47,2.9320902972223367e-93,3.1154024685274603e-173,0.0,,1.6776370135606677e-202,0.000693418971132551,8.803906856102658e-127,8.405954618071478e-86,3.4231540261821746e-53,2.2706141694934916e-35,1.087143324601912e-08,,8.000783679683495e-108,1.6800164409456758e-73,0.0,0.029783612842580125
LUN268,2.45912255212057e-220,1.5238862395562897e-254,,5.056039082058879e-119,0.0,2.737760463694823e-92,5.04081708149593e-94,,0.0,0.0,1.86782769837949e-112,0.7279419610648812,6.474879069589824e-78,3.1699850257183336e-42,,6.742007237344075e-131,9.66983491670005e-65,3.189185066439761e-22,0.0,2.724763227173803e-17,6.27197731349613e-05,0.0,0.5040657905390511,0.5607321954129054,9.332160842577015e-45,4.8862463995087673e-29,0.2904689104913379,1.7537876758187e-311,3.2560130044113763e-130,0.5810364133674573,1.4904774497091027e-58,2.0227168513336364e-15,1.235771680007149e-12,,4.558848225443306e-05,1.5438262225291845e-07,,1.2374415379061727e-191,0.0,5.041248803373247e-137,0.0,0.0,0.0,0.0,2.351075484021688e-34,2.1153307682896815e-160,0.0,7.219165590968173e-134,3.2462274961221425e-134,0.0,0.03273336962653107,0.0003811231859947335,9.094127488038992e-10,3.356740001671273e-14,0.0,7.750932415601593e-38,3.147680609018512e-82,5.1455313156744385e-242,0.0,,6.294773928086761e-228,0.0023615082392717743,5.274914159051404e-106,2.5594366708631994e-109,6.434630944967881e-22,7.365404877278066e-24,5.426462359047116e-09,,2.8544076071434228e-98,5.176181118911242e-54,0.0,0.47208861360144205
LUN269,2.4275996444651174e-239,0.0,,5.468611088369506e-184,0.0,4.440932597587042e-157,1.3081929775944116e-203,,0.0,0.0,1.9916515484973964e-145,3.965820825459921e-19,6.174010656599148e-105,2.720387784705159e-102,,2.187558384715165e-213,4.208848216356946e-154,6.714403326730828e-58,0.0,1.6303117758099733e-64,4.4208867992163e-05,0.0,3.432498206718853e-11,2.414226136210917e-18,2.271475646610862e-44,1.3233576436378834e-11,4.20661247760028e-17,6.588310826102301e-196,5.8374962888193334e-154,1.7846713815238721e-10,2.5560187309351343e-108,6.042270408149599e-28,2.361063619449101e-14,,1.7620183664643808e-30,8.67255611531955e-50,,1.5347089408034344e-149,0.0,2.10163466740092e-172,0.0,0.0,0.0,0.0,9.889558169046913e-71,0.0,0.0,7.124861483923027e-136,2.1916692063860493e-249,0.0,2.456725726034694e-23,0.04480751575436468,4.843124159096861e-77,1.0764213708248993e-34,0.0,3.8313538878094586e-118,7.607674535570594e-105,4.970611719062217e-213,0.0,,0.0,6.505202959663765e-37,1.0964518375372773e-188,4.962378020793763e-91,2.1094531144234865e-209,3.1762274790437965e-91,0.012733390266118347,,1.8867242974026964e-162,5.194999198589157e-126,0.0,5.33079229809899e-13
LUN270,5.124515309344188e-215,0.0,,4.962949944963127e-143,0.0,1.370017414710614e-127,2.7732011765432854e-167,,0.0,0.0,8.253379651873018e-131,3.168456803489332e-12,6.185824442035094e-64,3.157015005641322e-87,,1.0745042553950297e-130,2.6999881654625665e-172,4.3059603086580795e-35,0.0,7.807855652490176e-45,0.0034472685883605685,0.0,7.033107395161443e-08,4.083334774093805e-13,1.1036214798483789e-26,1.0233175878454959e-10,4.589436770077762e-11,0.0,2.834298515610643e-148,2.3290645537287587e-06,3.497219220625708e-88,6.583562380352365e-23,1.0237466080155986e-08,,2.1259428415422666e-21,1.2387501797132832e-29,,1.6384228636209594e-126,0.0,3.063149664043979e-178,0.0,0.0,0.0,0.0,3.574319417958062e-52,5.189730188335013e-232,0.0,3.8799146911344537e-125,1.0034603313270117e-176,0.0,2.6238441236163176e-18,0.0366756756186643,4.2688629621909014e-45,5.061587185710221e-26,0.0,2.455039817742376e-100,5.340253421381911e-85,4.6994619510499264e-147,0.0,,3.40120900379643e-309,1.2591729268288555e-23,4.790462230016577e-221,8.830093927628747e-109,4.537265553961538e-115,9.150656852558069e-65,0.072404993687036,,1.7632462683945748e-135,2.2494095161064627e-98,0.0,3.766924268526001e-12
LUN272,2.951222279897619e-36,4.2018662549522335e-55,0.0,1.371196927415397e-17,0.0,1.2966825671688159e-22,0.0,,0.0,,3.142739988667691e-10,1.2503234974298327e-82,1.2558641604576075e-51,2.9508962495215822e-36,,2.474623594408511e-53,0.0,8.548076065323801e-13,0.0,7.053370200424266e-09,2.4292971801678333e-45,0.0,1.4551912866553643e-81,1.8615803180072247e-99,6.939132995827034e-05,8.002538587738744e-33,1.9063524214563306e-69,0.0,1.2033049429303247e-35,0.001012196443872205,6.653749642246383e-33,2.913914123280817e-11,1.0806213502897113e-64,,2.489683052972278e-97,2.0718927392417395e-63,,1.4797140962032407e-34,0.0,8.674242014441938e-175,0.0,0.0,0.0,0.0,0.0007095702452250839,6.804829946140782e-66,0.0,5.226261573207732e-184,2.1087472926331711e-38,0.0,4.5898049023711784e-94,6.197699509172643e-63,6.0387639839377095e-112,0.003958274846828424,0.0,1.1093331632891696e-36,3.0151530802031994e-06,6.720191371502339e-79,0.0,,0.0,1.2607338692556186e-118,4.301758204018164e-14,2.816852145262114e-11,2.9171729798602984e-20,8.99709426342954e-136,1.677637906781339e-38,,2.0959706088585328e-27,7.622870306727625e-10,7.863458204445677e-20,1.1210906573649195e-81
LUN274,2.5268920095611256e-225,3.2191076689835933e-233,,5.300948929813794e-113,0.0,3.311082622088614e-100,4.219096692173941e-84,,0.0,,6.975500006962719e-110,0.7141799037028594,5.301905015182294e-83,6.032755039693419e-38,,2.651080093232286e-135,6.458796264404347e-54,4.04811694152973e-21,0.0,9.622898993952827e-15,4.6310004159832854e-09,0.0,0.16177407077925088,0.11771548515837604,8.501061050262986e-52,9.393948601240851e-38,0.6571002465170703,0.0,4.735114608045527e-131,0.2635726182116889,6.85067863098359e-52,1.8575061175962013e-18,8.389834505543384e-20,,1.0261741392643506e-05,3.609604510041785e-05,,8.710698993328969e-208,0.0,1.5070289619144181e-134,0.0,0.0,0.0,0.0,2.0767863966359803e-34,1.4563579217685157e-141,0.0,1.2881806165802312e-138,9.435858227155046e-128,0.0,0.002835715702819291,8.296419019973028e-07,3.760450989104686e-12,1.300395243013567e-14,0.0,6.765004137864808e-30,1.0136478687017571e-82,1.416772021103579e-280,0.0,,1.6660813856755347e-210,1.244639428855299e-06,1.4343530687679764e-94,2.746400108899322e-128,4.758621583987132e-16,1.5371080993256843e-17,4.0894946010717e-14,,3.415297448302022e-92,2.292743623657286e-45,0.0,0.18276454727605562
LUN275,1.991668556879804e-195,0.0,0.0,9.310237466985618e-145,0.0,6.405850855159151e-112,1.325200916060897e-161,,0.0,0.0,9.511440251058871e-151,1.944131354777956e-07,1.7472856833330818e-60,6.3515382432655925e-71,,2.273804493747939e-126,9.37175409265004e-138,2.899111753768886e-30,0.0,2.1223748597879485e-36,0.3890677962801027,0.0,0.00677083612609243,6.891553257848273e-08,2.3270829469424574e-28,2.485220127862595e-11,3.684035246794868e-07,0.0,1.739696341872817e-144,0.08657057567221184,5.544421925543558e-82,1.4015197608233053e-20,4.1332908794548604e-06,,5.366017985732171e-16,2.1093429758887083e-22,,6.749742558946156e-133,0.0,2.4363246501496564e-164,0.0,0.0,0.0,0.0,4.497303420735275e-46,7.39211032349503e-198,0.0,7.35479046365315e-105,3.4729428537801314e-182,0.0,1.723285631315701e-11,0.008281177627595192,1.4073182621509309e-27,7.584291665161354e-20,0.0,1.031917455983614e-71,5.039691898026714e-82,5.33098621651536e-114,0.0,,8.172725245382072e-288,2.790112626860691e-14,2.320338818080383e-156,8.837727780831073e-74,3.409165322995964e-83,2.613744701985216e-57,0.08990285541868956,,1.0517198488698117e-114,9.282134595661531e-85,0.0,3.1078503897314593e-07
LUN277,2.4137277938281356e-210,0.0,,1.1436737130783954e-153,0.0,2.7932576652039312e-117,2.685762178129628e-171,,0.0,0.0,1.0552742861715213e-116,2.551097230046673e-13,2.501029396594283e-84,3.606270502581263e-80,,3.9989280576537112e-146,3.481996687020765e-139,3.8999772622392364e-39,0.0,6.759436246953458e-44,0.092826787395571,0.0,2.120564256003681e-07,6.972318006081646e-13,4.400200436036495e-30,4.66434375773744e-08,2.308827263642613e-12,2.4837335353088338e-294,4.402305008731188e-130,4.012134795727661e-05,3.3493291602912753e-98,1.1595976472019747e-17,1.0351893805760915e-05,,8.325913217609863e-22,1.7993417083824397e-32,,1.78366016254018e-160,0.0,4.488506044033459e-151,0.0,0.0,0.0,0.0,5.74170488585755e-53,1.7900837676899436e-285,0.0,2.3231404313418073e-140,7.958451809413779e-215,0.0,5.508023106908786e-16,0.5909726775268918,8.893757661995132e-37,1.5952701495145956e-27,0.0,2.594454911339115e-100,1.6841544734921853e-90,4.646731780804148e-134,0.0,,0.0,5.896812483985632e-25,6.802692765276789e-193,6.047594465604375e-73,1.6731624774279505e-91,2.9672137002528764e-73,0.9011993214695424,,8.907227114743667e-136,6.722523789353521e-118,0.0,4.877931603350518e-11
LUN279,1.0838961901412398e-145,3.5137082289741266e-195,0.0,8.056176430249615e-87,0.0,9.15220596258803e-57,2.4866052122218664e-131,,0.0,0.0,9.020628749068098e-65,1.0650069453324969e-08,4.2069932333653566e-50,2.3814719590740326e-40,,8.593027506621537e-99,5.778963316217648e-116,1.3704925683718099e-18,0.0,1.5582386380289137e-14,0.00782624317055391,0.0,3.6843743510194893e-07,5.838101753848483e-09,4.669501610097448e-25,4.84754404416461e-12,1.624771061193293e-07,8.654173303499263e-229,1.1357740634562116e-81,0.03895705072347127,5.398341527871482e-54,1.707063098587769e-06,3.3582831635947367e-08,,1.3130959212364581e-14,3.332809463428462e-18,,1.6236826388210285e-117,0.0,3.6395056276838295e-116,0.0,0.0,0.0,0.0,1.2826039041129904e-25,2.008249966865831e-170,0.0,5.2864504030360666e-89,1.5412958208772748e-105,0.0,8.304169707740063e-12,0.0005893016095085004,1.4679073555572171e-24,1.5468038179554045e-11,0.0,7.682553066641412e-55,1.0281211981457547e-54,7.939249367816247e-169,0.0,,0.0,4.863473693049147e-16,1.1869022930267642e-91,2.4430991589802894e-38,3.670169303953172e-35,9.81528188206266e-49,0.0009516639709081338,,1.6852940392904531e-77,2.3373432086410547e-54,0.0,1.988680328736091e-07
LUN280,5.170798036568928e-287,7.936347354212834e-215,,4.220153143353309e-130,0.0,6.897139601124299e-114,1.5944824387007256e-91,,0.0,,2.4711747937517395e-126,2.5753729754991907e-06,1.9292317771044217e-114,2.1211813722949973e-61,,1.2169455369411176e-131,5.242122053485638e-72,5.685889579341081e-37,0.0,2.6242590509815664e-24,4.078613950249158e-12,0.0,3.190354273870353e-06,0.7576572078494218,2.5977992821411175e-59,1.4616293928631692e-37,0.39291935449420035,0.0,4.393483387463676e-159,4.052554461386271e-07,1.6870118650966698e-75,7.111546396043748e-33,3.27789705960322e-12,,0.052718894019966475,5.125463878226069e-11,,2.316792654480099e-231,0.0,3.8985403681761377e-147,0.0,0.0,0.0,0.0,9.454578726757876e-45,1.2938507007159e-263,0.0,3.4298821182264844e-300,4.4714080783409454e-145,0.0,0.6940433097222279,0.0004958800234071377,0.28722513278231243,4.652799214216094e-25,0.0,3.354204035396813e-67,6.906656931549428e-98,6.3548494327793536e-288,0.0,,0.0,0.47172437118316335,2.03452899666088e-137,1.5804229373248061e-189,6.562858124574873e-38,8.434156252348494e-26,2.5632842394041246e-15,,3.1734959763930966e-136,7.09395231970979e-64,0.0,0.874129168952198
LUN281,1.3599232028626272e-244,2.262184440503073e-261,,4.7274929783373985e-133,0.0,4.279996538634854e-92,7.881438684844641e-98,,0.0,,7.483222697434018e-140,0.00048701732505242315,1.332748874645451e-109,1.9026927989366258e-53,,2.040683770731309e-120,8.353249060794558e-63,2.1705041181067228e-32,0.0,2.02010028016265e-23,6.822912091111399e-07,0.0,0.0010354221719337672,0.5565907886277659,7.048746741255398e-49,2.5971341922109606e-30,0.11638174273420737,0.0,1.3133896796653783e-149,0.0010043213390715372,1.0855880512595657e-78,8.795016000031848e-31,1.5442443629317738e-09,,0.0011062558383460928,8.004719234923853e-11,,2.6429701365905116e-208,0.0,7.693194001917311e-134,0.0,0.0,0.0,0.0,2.493597200217546e-42,5.215921809367914e-227,0.0,8.130823056077319e-215,7.1726561645401275e-140,0.0,0.13330623234943903,0.00339172639069933,0.000653863471168406,6.71622950988423e-21,0.0,1.2102005427392913e-55,7.448168594813401e-91,5.694831582909332e-203,0.0,,1.7004375372608042e-290,0.17315661419581524,4.0976608121224004e-117,1.2200721178548175e-110,7.999463272132944e-31,4.8470860447793375e-29,1.9363661818965516e-10,,3.03865408420372e-118,6.249400532704113e-66,0.0,0.26080555748566603
LUN282,1.3852654086822981e-258,0.0,,2.0375777502546087e-176,0.0,6.762332857252319e-139,5.436258276686096e-153,,0.0,0.0,3.46049196574551e-204,4.974674349456891e-07,6.673861143529417e-98,1.8561813903172057e-87,,1.3705394795013994e-136,5.834909835264853e-111,8.387472369769571e-41,0.0,6.217897779940577e-49,0.03499790090257967,0.0,0.01952297784388698,5.7515298319937105e-06,1.8999551508609987e-38,7.327642825183496e-18,1.8768628571367984e-05,0.0,1.0535144351512765e-185,0.01704780749147623,2.141754258680661e-108,1.4019474034210413e-23,0.004559847027314423,,9.496522808719241e-13,4.705560409427449e-22,,8.560198305450372e-176,0.0,9.08187885985234e-177,0.0,0.0,0.0,0.0,1.6895117413818713e-57,4.772095592813353e-298,0.0,2.277577836482479e-175,2.9624426540749243e-201,0.0,1.3974083005048327e-10,0.005430401126296703,1.042537223578437e-14,9.779819327971576e-28,0.0,3.172613861206767e-101,1.5086072818481438e-106,7.859592690951589e-136,0.0,,3.76478144625348e-309,4.299100465273608e-15,3.817179318069803e-189,3.892936747587408e-107,8.594287625739716e-84,3.2109717172868145e-55,0.0003571525431342357,,1.8125020298929326e-160,1.130449869052646e-105,0.0,3.312049948974048e-05
LUN283,8.695951357147149e-239,1.0294761528652607e-244,,1.7332391838685448e-111,0.0,7.697000415632841e-115,1.4702334076159516e-79,,0.0,0.0,2.0881376235126555e-85,0.06466351245517649,7.8845187231939635e-118,4.399667675231052e-34,,5.2280452329993715e-182,1.7213163429151356e-36,2.1159273770414185e-24,0.0,6.085154033510128e-16,3.3401986353494663e-16,0.0,0.00182937391129556,2.731913421107317e-06,8.218171768278151e-63,1.9691747587463516e-48,0.15693656318423968,5.223555111551603e-212,4.526906704748475e-117,0.08571387626569542,4.994970750561482e-43,1.950044418846504e-20,2.352039982419187e-33,,2.423461549058575e-12,9.027188245419903e-05,,9.001329011533059e-259,0.0,2.1813303028874807e-133,0.0,0.0,0.0,0.0,2.7851009269180577e-37,7.670820782406141e-128,0.0,1.2145566561562953e-140,5.916682808838474e-145,0.0,1.050315127494451e-10,2.3384538521672086e-14,2.875749693340864e-26,9.238819434194927e-16,0.0,4.576427551705352e-22,1.078472173818992e-92,0.0,0.0,,2.596010631201963e-175,1.7697488519199114e-19,7.885889216483219e-83,1.1834670172506721e-138,6.657502319271649e-20,1.3895865090515672e-13,7.203884312852271e-21,,5.842414741768739e-90,8.272432280889376e-45,0.0,2.0234876194343727e-05
LUN284,5.351494799611371e-33,4.032476991518788e-42,,2.8110999947715327e-09,0.0,7.835264912503867e-21,0.0,,0.0,,3.5446757198930516e-05,1.794058374103531e-101,1.4815399567479972e-43,4.64122927593336e-33,,1.0642763973708576e-56,0.0,5.074483729835562e-11,0.0,9.837717867286053e-12,2.719533626244111e-60,0.0,3.0752948744272943e-103,4.546067309173426e-134,0.0016605181932699683,4.728374695373514e-45,6.156202729854887e-97,0.0,1.0264671070870631e-21,0.002614056693318227,2.0748986125698762e-29,1.2817897733179243e-14,1.1702352081219685e-95,,5.601393831677186e-130,2.1422677251188297e-80,,3.285052441660066e-14,0.0,6.957361601922864e-209,0.0,0.0,0.0,0.0,0.18687591051510036,1.516346832183035e-20,0.0,1.7660802251290198e-270,3.530006893036801e-23,0.0,2.6857299407789656e-138,7.943473034300265e-85,3.860712558895765e-162,0.33870994481977684,0.0,5.2227615382380225e-24,0.4243081566597404,1.764793458801814e-81,0.0,,0.0,2.257187622279979e-188,3.395285502121913e-14,5.039385429812374e-18,2.991036792121812e-20,5.195962489580183e-157,8.083515963143145e-51,,7.914727678567542e-30,0.008641256204773474,1.1141847487218053e-20,2.805448204928038e-113
LUN285,6.64998203886962e-185,0.0,,1.3130397363757358e-124,0.0,2.3494248276646863e-79,2.8929404125294446e-103,,0.0,0.0,1.0026858853575012e-117,0.055877744608505454,2.886732155499188e-79,1.2713602348755113e-37,,1.2689480484972611e-136,8.182380477687113e-61,5.495549405896607e-22,0.0,1.5316660402020345e-19,8.187731530678506e-05,0.0,0.07040361903444967,0.00436024296172448,1.162261111645467e-41,5.441840138062988e-27,0.0013639398327824391,5.158845232119193e-215,6.745464927550853e-117,0.29625891898223167,3.0606759731765514e-60,1.1578787988967224e-18,2.1472061452673387e-16,,9.005608176039656e-10,3.234501897154327e-12,,2.637943490524182e-190,0.0,5.660322510886637e-128,0.0,0.0,0.0,0.0,6.69752717340307e-36,6.105247641170916e-112,0.0,9.071788742251157e-93,1.4960630476751677e-159,0.0,2.8785012278874e-05,2.6761995148906856e-07,1.0339030611081215e-21,5.72434031838581e-14,0.0,5.504805201588057e-29,1.4026884406352896e-79,4.015124869161648e-186,0.0,,7.952026781365996e-201,3.2411498758483474e-07,5.195711624015763e-93,3.988737238091359e-58,4.350156851072898e-28,2.56527257417811e-31,1.0633767071514742e-08,,2.7858078671556775e-79,8.21888047944038e-58,0.0,0.0016763022605819661
LUN286,8.730327241325739e-291,1.7833211251592764e-297,,1.6074797742995569e-150,0.0,6.806239926788493e-116,3.102027491234249e-101,,0.0,0.0,6.662473319438501e-129,0.0013248241816931838,1.334206835096378e-105,1.7757711732104558e-65,,3.973938138195069e-141,4.194444326258956e-80,8.216831310501619e-34,0.0,2.5070718829052998e-30,6.366929155958716e-05,0.0,0.005510245688164269,0.39684964626869307,1.269336199849617e-47,1.4944485723029186e-26,0.008008021995383243,0.0,9.127896821230374e-159,0.0019648172120425005,2.8442154224451133e-86,5.198373842942801e-27,2.5999419075219645e-05,,3.430906235781366e-05,5.95386350875004e-13,,6.871802369668018e-229,0.0,6.245650162412951e-161,0.0,0.0,0.0,0.0,1.917932070105093e-46,1.3559953160076148e-263,0.0,7.368662169597336e-265,3.259587394975112e-173,0.0,0.035486225205265905,0.04192977950418298,0.00029092912178677467,8.891951821255432e-24,0.0,1.991798147602541e-70,7.333728015161984e-105,6.954385269062244e-242,0.0,,3.192262123616923e-285,0.012850393117275169,1.97234992294386e-181,6.396297492861872e-167,7.325869861905688e-36,1.1316279457228259e-32,4.6151514694515196e-07,,8.719635876332739e-145,1.0918281400294752e-88,0.0,0.17388167411877875
LUN287,2.039723015125874e-151,5.7269299178682324e-257,0.0,2.9102544944551524e-102,0.0,1.619660288376755e-59,2.7017574094152765e-140,,0.0,0.0,1.346948710101207e-97,9.55391469572201e-07,3.560820192690237e-51,8.232561501622172e-38,,1.348468245565743e-139,1.9814454642323273e-111,2.988338215336825e-22,0.0,4.818559313920409e-16,0.008413800324850867,0.0,5.4091853614498653e-05,4.0455363617014156e-08,1.2599576509702826e-30,8.707855690203605e-13,3.014770086391483e-07,1.26788933074956e-209,4.008152936423297e-93,0.435410234666991,4.030710256051206e-48,2.4538073456613897e-05,2.8264105629845893e-13,,7.872320263080771e-16,2.4458069337309865e-17,,2.181848083345318e-121,0.0,1.4026234799637577e-132,0.0,0.0,0.0,0.0,7.269455090341637e-29,2.9452433940229168e-140,0.0,1.3651141357192362e-80,1.9529519027542718e-137,0.0,8.066179766297636e-10,2.458481038252549e-06,6.577978599149009e-35,4.4278776725292275e-09,0.0,1.3985415957523107e-39,7.111908118944017e-59,8.986357490545169e-184,0.0,,1.5465770003915423e-291,9.312411463022916e-15,1.7510466901216521e-60,2.214260221485615e-31,1.771909719897447e-46,1.1666669952170002e-46,0.000636701110956387,,2.973900557955483e-74,3.3841806928106325e-46,0.0,3.3613114652484766e-06
LUN288,8.550810880697627e-298,2.758480576377849e-302,,2.203849385296273e-147,0.0,1.6010830655694497e-123,1.3717716305446323e-75,,0.0,,1.7286780736383114e-130,0.04626160416201868,1.3498613491891403e-128,4.750911219871131e-53,,4.9093321247458705e-151,1.2975689064561065e-48,1.4782141029332445e-30,0.0,3.1867427991130865e-23,1.2163351861354222e-10,0.0,0.004732164710104313,0.39150387146396765,2.2042826561481068e-60,2.582739005476949e-41,0.30082290852735843,0.0,7.260500152470049e-163,0.0014315124626260603,1.5560406958019857e-75,5.971316060153362e-45,1.021338571776126e-16,,2.4734260203427107e-05,8.770344216888154e-07,,2.9317426362558464e-270,0.0,2.266610711122858e-153,0.0,0.0,0.0,0.0,1.4422558648605312e-46,2.463919791107229e-196,0.0,2.5290667569811287e-245,2.78701379261625e-167,0.0,0.014913633914110248,2.1003426380788684e-06,2.5989946988744632e-08,5.0031381247070154e-23,0.0,7.988707682789081e-40,8.196466037339408e-108,3.338578066592898e-275,0.0,,7.424793316261246e-224,0.0016562563498176894,8.26695664751117e-151,7.475535242827344e-187,8.816496664796266e-23,2.257360683787769e-18,8.128216699520025e-15,,3.2620332590137058e-124,2.4549372245636673e-71,0.0,0.28978361372881606
LUN289,0.0,0.0,,2.704793464784253e-273,0.0,1.920055450801617e-230,2.1789733255243258e-223,,0.0,0.0,1.5483592930539212e-240,1.1821529668695514e-20,1.1900753224017884e-174,4.2265984691544455e-126,,1.462177897372598e-256,1.0657196450213444e-131,2.1746671052092174e-83,0.0,1.9959430435117058e-95,1.2123509219840103e-07,0.0,2.03821929853015e-08,1.1300863442078882e-21,2.126387699139278e-54,6.159122806115902e-19,4.326371367622001e-23,2.6336298959853165e-271,1.0736841613551749e-218,2.0506938536555386e-08,1.6548943671503455e-164,1.4447461515023248e-34,1.3606160856864328e-19,,1.5083509803570048e-35,1.016304298865313e-59,,2.0847998492863039e-234,0.0,8.432126854850177e-199,0.0,0.0,0.0,0.0,1.9418562988209888e-98,0.0,0.0,6.900358515323209e-213,0.0,0.0,4.704849716326637e-31,1.289486131759371e-05,2.0505709071486844e-58,4.709397687414727e-50,0.0,1.2563095443428127e-137,8.019849219460566e-157,2.2131700635955688e-162,0.0,,0.0,2.963346263166751e-47,3.737539751093147e-263,4.774701917899027e-109,4.088540456896074e-219,1.8391365725693884e-103,1.4574463815288995e-05,,6.0755841569249406e-223,2.408663184462211e-193,0.0,2.9172204193134473e-21
LUN290,1.4555435997249933e-186,0.0,,2.888691878409031e-156,0.0,4.3934501863049416e-116,7.520473180913393e-168,,0.0,0.0,3.4395884964970845e-203,2.3788664907746552e-07,1.0161728249917482e-99,8.556258298673514e-68,,9.997531648565799e-145,2.1325755140754445e-86,1.8863997933669848e-41,0.0,6.060426056719061e-44,0.02354486176071838,0.0,0.04127936949170254,5.00156790096192e-07,1.6576453677012028e-35,3.44814530176926e-14,1.4891850893544085e-07,1.4496397494190317e-191,3.2818544399806994e-144,0.010395797620178907,1.8687208272216913e-93,6.468549574038208e-22,2.6223944305250123e-08,,2.3969112679040576e-15,3.0999703671845645e-28,,4.827401457213249e-132,0.0,1.4951987061464455e-139,0.0,0.0,0.0,0.0,8.893900028784585e-50,1.3848610535169375e-223,0.0,4.25875285395671e-111,5.44869541287486e-194,0.0,3.2595022083198435e-10,0.00034715364377226965,4.124021597076993e-30,1.1448977188917232e-21,0.0,8.707241022820618e-78,3.296664484499554e-89,8.763355709806547e-153,0.0,,9.387934260064388e-287,1.4070954834773538e-12,8.690547689287818e-106,1.1289780249503146e-40,1.7492345771756627e-123,6.019663626831229e-63,0.001369867121555447,,1.2551528958832055e-119,1.8387581089603045e-86,0.0,7.715240836268814e-08
LUN291,1.333822489793997e-30,1.2376308430492243e-41,,1.0138056152617099e-08,0.0,3.2267500593488216e-48,0.0,,0.0,,7.829233007047478e-83,1.4680044234893077e-194,1.1462551607061957e-229,1.1637835222190808e-106,,6.857297304641234e-73,0.0,1.212414898876078e-52,0.0,2.7601344491142893e-53,6.1468513270663e-114,0.0,2.5644549146466586e-190,1.6232725870554237e-236,0.001138575851835329,2.313122274974743e-65,1.7484070968883393e-166,0.0,5.2563833844079985e-25,8.442237908302121e-19,6.715790408543712e-66,1.220140942625809e-53,2.999404956881565e-149,0.0,1.93511303738761e-217,1.7844258057764888e-145,,1.9853303917459423e-58,0.0,6.529258560425608e-267,0.0,0.0,0.0,0.0,3.8343034006921796e-11,1.389275506529693e-48,0.0,0.0,6.188550841503903e-40,0.0,9.840880371743964e-236,5.562616792284925e-115,4.070795857676756e-261,8.087209114939647e-17,0.0,3.311017523348442e-107,9.76979209972766e-13,1.952003311508212e-171,0.0,,0.0,1.8082578219958785e-273,6.244667091067868e-106,1.1155945583578895e-72,1.3223839275549664e-57,3.5946892228053083e-277,6.8993851394872444e-68,,1.1334625819180162e-67,6.626807300331888e-15,2.4980212726367885e-211,7.123218243236648e-218
LUN292,3.198138273864361e-204,3.441135441803807e-247,,4.282182202021374e-117,0.0,5.891331518222115e-81,1.606283749567491e-110,,0.0,0.0,5.146028970401657e-104,0.012800539301734953,5.358509957696431e-78,6.935765382418817e-48,,4.670247677201452e-117,3.152815557934356e-79,4.361699173438599e-25,0.0,1.3695190020911932e-20,0.02983428441214088,0.0,0.07420815158155683,0.13280274560490943,2.0531430268197037e-36,6.728275667718121e-20,0.014658343296462765,5.809003197764642e-280,1.5399705741115514e-119,0.19193198898194785,1.470675213079325e-67,4.609927325418449e-13,3.3484705247197434e-06,,4.282485944638856e-06,7.809108856913694e-13,,1.2842239627482311e-166,0.0,2.060083644761812e-129,0.0,0.0,0.0,0.0,4.105112478566695e-34,9.322755831959078e-202,0.0,2.7744874749358595e-156,2.5562537297055543e-131,0.0,0.005016622732863261,0.06615888423670384,8.51344098530534e-09,2.9255509480750905e-15,0.0,1.836665670202596e-56,1.1960044797054401e-77,1.790112117218208e-206,0.0,,1.1122065569182565e-281,0.0006935776816373317,2.8549622243968055e-112,9.056024334727093e-75,3.243049099301269e-35,1.7976495034224097e-35,7.986281444895704e-05,,6.255574656439341e-105,4.2464749980481515e-64,0.0,0.08300620526783918
LUN293,2.606061712670236e-62,2.9149487281653435e-52,,1.800687245493155e-13,0.0,4.874920797758528e-42,0.0,,0.0,,0.002812680843054483,4.926700087940387e-150,3.398317358463788e-96,9.289295931971403e-56,,1.1132545163750378e-79,0.0,9.939010851016376e-21,0.0,2.947195579102791e-20,1.5071407228158089e-89,0.0,4.178863726164852e-151,3.2630938614584563e-191,0.06852183126551334,4.5987078179065624e-66,6.791527149113984e-139,0.0,7.844562992222877e-38,7.261421847848489e-05,3.783813264712904e-46,8.016503962060675e-26,8.11941289946074e-128,0.0,2.0484079698966135e-185,1.855646500917187e-115,,7.042940538635413e-27,0.0,6.799834738785039e-286,0.0,0.0,0.0,0.0,0.5727309374038086,9.3829723889329e-22,0.0,0.0,5.352976944014676e-43,0.0,1.8794919606677024e-183,6.599133084945914e-127,1.5088691979139946e-221,0.003156689073492234,0.0,7.875365161078625e-36,0.00012462087175009416,2.362831260908225e-114,0.0,,0.0,4.688991438762445e-241,1.5651406426865936e-25,3.2840659762127725e-71,2.2277073114665537e-28,3.466482130695262e-222,3.4517879194989166e-75,,5.639770706140461e-49,1.7003374095572354e-06,4.282461589865032e-77,2.5444397305771757e-158
LUN294,1.1673397770606235e-79,1.0353680868878184e-120,0.0,1.1481788239582514e-48,0.0,1.6031325816289121e-27,8.96890380635964e-168,,0.0,,1.2015770136747545e-47,1.1417715022479576e-24,4.273477315450376e-22,9.379696211572066e-19,,1.593013840082196e-76,4.594891872574614e-163,4.848557296871988e-08,0.0,0.03484982092025268,1.4007056837319294e-15,0.0,1.9321531926357767e-25,6.228812811397407e-32,1.8868693506067373e-20,1.154263625789056e-22,1.2256968367636743e-22,0.0,9.371027353826458e-60,0.16907142967542266,5.673890579556939e-29,6.0278256110515304e-05,4.0468508550147895e-32,,1.321578544670282e-35,2.2994436049623254e-23,,7.00754874353388e-77,0.0,1.4116263294379385e-122,0.0,0.0,0.0,0.0,1.1507268361298886e-13,8.832607385138763e-73,0.0,2.672296215287408e-72,3.0691309487649225e-68,0.0,9.851895011697983e-31,1.001750669728461e-24,1.0396801039589137e-44,0.00188104040584491,0.0,5.965712344728575e-18,2.8351135788480933e-24,7.341481694852982e-111,0.0,,0.0,7.93074833862659e-49,2.3652606484779223e-19,2.059112233624971e-07,1.657865208392779e-07,3.135520732620511e-57,4.945453624493944e-18,,1.4640644363488482e-31,3.817369319658895e-15,2.58016920660664e-138,4.922868933719243e-26
LUN295,2.5927859359477293e-231,0.0,,6.869478943500425e-166,0.0,1.5091460306769515e-104,1.1239103879770647e-128,,0.0,0.0,3.465239046897012e-190,0.0045022294996352585,1.2318841841443643e-106,1.6597602983773767e-61,,9.269930512223608e-151,4.569362512334756e-73,8.866120041367237e-38,0.0,9.815379266985877e-35,0.10232024531120289,0.0,0.5688031988078612,0.036040955980970055,2.3111033456719536e-42,4.66506648557514e-19,0.000100784340577748,0.0,1.7134897352651265e-161,0.32668897154648197,1.2149394926087829e-89,2.8104318647974087e-19,4.391074686133392e-06,,1.9049810565505593e-08,6.610439700353374e-17,,1.1684460570721587e-194,0.0,3.985795194014924e-150,0.0,0.0,0.0,0.0,4.9542338539410074e-49,2.9683849705992504e-227,0.0,2.409750288852428e-136,2.3012906267246417e-199,0.0,0.00013045875417180914,0.020236588625209957,1.3473566722561398e-13,8.08121492443174e-20,0.0,1.1367257218320547e-61,1.6564806654137562e-99,8.983423578140533e-162,0.0,,3.6564476122724235e-259,0.0007515629814334719,9.166941386785295e-122,1.4262107143748719e-74,9.543046232153668e-54,1.880553553576555e-42,0.0024537851890393987,,1.8915734999538857e-127,1.6169996851139373e-84,0.0,0.007510606400896372
LUN296,2.2691944341025216e-262,0.0,,2.1439290387462792e-203,0.0,1.1033724695056555e-165,3.0462261351104606e-210,,0.0,0.0,1.1730715222418947e-142,1.494759072186796e-25,2.9809407647768787e-122,2.0019633093594363e-112,,8.895688008084876e-241,9.347449800826358e-164,1.5512130931886653e-71,0.0,5.780776453779166e-69,3.616618263410571e-08,0.0,4.2701722200675224e-16,2.4411970756585465e-24,9.806937525261597e-54,2.0504688034868273e-13,2.5040815858369662e-24,7.967002385947222e-270,9.76404337258836e-155,1.2776002733800347e-14,1.9303388262704878e-121,1.6442433361718934e-25,9.74965386340012e-13,,6.937401725052513e-38,6.071944066919081e-56,,2.878853540546294e-200,0.0,9.685751557604685e-175,0.0,0.0,0.0,0.0,7.663553798890439e-79,0.0,0.0,1.1006575701426654e-166,3.29373630350992e-289,0.0,2.0258358671291322e-30,0.08276181228854969,3.2999938126302227e-78,1.2739583274982116e-41,0.0,4.479995623175794e-137,2.0630887545585785e-118,1.1033134833838924e-216,0.0,,0.0,1.076749828553538e-50,2.065949199704731e-206,4.820827308441123e-100,2.380482819846668e-183,1.0811374063840759e-100,0.0015151626491093063,,1.4413148753870936e-184,5.940098346152298e-158,0.0,3.532688101907028e-22
LUN297,1.2503884455160927e-226,1.798311167102337e-269,,1.1900494256524688e-120,0.0,2.4933940568239243e-90,7.842943364320321e-91,,0.0,0.0,2.0952763896878536e-90,0.3433193058436936,7.305951080027081e-91,5.37068392437268e-43,,2.814044861869637e-139,1.7277221002266966e-59,2.6952472880268474e-24,0.0,5.008057771993995e-19,0.00010536908292660439,0.0,0.23021316438184755,0.20446396486591265,1.1653561267699884e-43,8.510792389893342e-28,0.0359984902852839,7.273820411074187e-233,1.1376314845920978e-118,0.25512450751579363,4.278383785105073e-63,1.253009595345662e-18,3.4719711539469756e-12,,1.1072598744405477e-06,2.6159329707087445e-10,,5.0772459629668784e-207,0.0,3.201986315212152e-132,0.0,0.0,0.0,0.0,3.296673418468308e-35,6.139717401813891e-171,0.0,2.7071103352264647e-182,1.9709918880418741e-143,0.0,0.0022598305187981984,0.00021460308605264508,1.9858174828285963e-12,7.753258777427971e-16,0.0,6.918830030737526e-41,9.546983416668481e-87,2.9065088792526405e-269,0.0,,1.5161156918711873e-230,2.0965342677549853e-05,9.094329202607216e-123,4.7235614246235735e-101,5.7534582969097775e-27,1.2543984576111904e-26,4.562941701245791e-08,,7.813093745917745e-102,1.7188576903360547e-65,0.0,0.07609608003097691
LUN298,0.0,5.967653888326214e-216,,1.3055996538291922e-150,0.0,4.795786726014613e-177,4.1553218597860555e-71,,0.0,,5.402877670961668e-196,5.443966630168026e-23,3.7221258969236966e-160,8.253592346570397e-85,,8.728583145306791e-143,7.023966613723382e-64,1.2728830399802628e-52,0.0,1.1755996747159592e-43,2.801930213265488e-39,0.0,2.3363173389707073e-23,7.722253519043117e-07,4.082868099232107e-99,1.861118274763765e-80,0.001687521404963607,0.0,6.347771884219308e-224,4.672137536802639e-25,2.043752527319737e-111,3.5082244871637956e-117,1.2643484530997249e-35,,2.3139165757282024e-06,1.50374173041798e-21,0.0,4.303942171389676e-293,0.0,6.514014336066972e-159,0.0,0.0,0.0,0.0,9.81200675648008e-73,2.0570321026468638e-246,0.0,0.0,2.1939441186283247e-151,0.0,1.5858233893002965e-07,7.085033701226013e-14,1.4452059886494913e-25,7.29857128375712e-54,1.1621098941636112e-166,6.044375767673205e-70,4.2148610835227355e-122,2.481586824338187e-251,0.0,,0.0,6.607183262863729e-11,7.989603733663937e-221,0.0,8.95358599049303e-81,3.072929056116151e-28,2.681339683954612e-44,,1.8308199953815871e-149,3.353262790789132e-71,8.650903691021467e-243,0.0029351522688838977
LUN299,1.5706535486621006e-118,1.1990272780521423e-238,0.0,1.3692550003762328e-89,0.0,1.5835809124372659e-55,2.8772885919507106e-173,,0.0,0.0,8.104510629974512e-84,3.775509836710976e-15,2.306231116075134e-36,8.595419592022562e-43,,2.7583441214245127e-93,8.81658294611909e-153,3.3597138466025724e-16,0.0,2.7066383607145357e-14,0.0001840926362074646,0.0,1.8384462736499325e-11,1.996971546169106e-17,1.5020644126289932e-19,3.0872332796098396e-09,4.3080263013373935e-13,1.3186119732343982e-299,4.087936991183643e-83,0.45958333356473824,7.072380280960947e-54,4.661501670033893e-10,6.400851363304874e-13,,1.0222520578471951e-23,2.7612892984034575e-22,,2.898872781889351e-97,0.0,5.371270342243008e-129,0.0,0.0,0.0,0.0,6.735611280412059e-26,4.70989506123598e-128,0.0,1.9576600304851405e-85,1.984424129326754e-135,0.0,1.609812938376918e-17,9.042926276001087e-09,1.203492289269646e-34,7.600810106534618e-10,0.0,2.0828146765309655e-42,5.268664574712946e-47,7.550161025002011e-86,0.0,,0.0,2.000686210147608e-22,1.2373186078122412e-73,1.851477946314673e-17,8.804103489739713e-29,3.372292439272639e-62,0.00028543425872506334,,1.0778399356943759e-61,3.849385506132649e-49,5.867359871161454e-286,2.084122753935206e-15
LUN300,8.821922894987031e-256,0.0,0.0,2.8517787659526474e-223,0.0,3.511181464911271e-185,1.4134587907175015e-196,,0.0,0.0,0.0,1.595343695736722e-11,7.4256520305554355e-121,1.0388836497442357e-103,,4.8040453898440606e-180,9.440831935175392e-115,1.45349479952211e-59,0.0,1.0457180061263213e-71,0.00011687348040068905,0.0,0.03648179159229471,5.685767433189985e-13,3.551611156581153e-44,1.489423893208493e-18,6.961652993753842e-11,0.0,8.207250068591841e-222,0.0031016522031960016,5.703141999574436e-127,5.612967411691003e-39,4.2267920249113603e-10,,5.323852211760015e-24,1.5554314954389464e-35,,8.966354655420401e-167,0.0,1.050632883315709e-200,0.0,0.0,0.0,0.0,1.107956048867754e-76,6.846264300014181e-301,0.0,3.6735632835310344e-182,8.345396069971848e-279,0.0,9.23565087536101e-22,2.042967670671403e-08,7.565602736911921e-39,6.946841496314373e-33,0.0,9.580696014173783e-110,1.3916940273412462e-123,5.9530653951017744e-123,0.0,,1.2165572905510006e-290,1.4438766155722003e-31,2.1304266756794165e-161,4.300617233899203e-89,2.262396511544719e-174,1.040825469553443e-73,1.4794841577609442e-05,,1.439606079268979e-172,1.555728372516054e-122,0.0,1.3743934678774938e-09
LUN302,3.6790975490505275e-195,0.0,,2.59883410749353e-151,0.0,7.124885890858536e-104,1.951263125458972e-156,,0.0,0.0,9.743154760463255e-190,8.533825499186182e-08,2.290069827230178e-97,4.9717207503354264e-67,,8.24588231989825e-121,2.641196046076077e-92,7.960577451226277e-37,0.0,3.878425565329785e-37,0.015963751177237178,0.0,0.007385449860265513,2.637663551657065e-06,3.3765018037956657e-34,1.2132698834230555e-14,3.6534823840953127e-06,0.0,4.993230024052229e-148,0.04681536574398216,2.2920450725069037e-95,1.3002443693922597e-20,0.00012200475727505094,,5.140587216607761e-13,7.714280497560015e-22,,2.2422992457339028e-153,0.0,2.9543578169016886e-138,0.0,0.0,0.0,0.0,4.021965658187927e-48,7.299208714599438e-247,0.0,2.44809808163069e-130,2.4387724792546913e-184,0.0,3.0065109299622644e-09,0.002228032156101609,2.266271669583597e-17,7.401758224384748e-22,0.0,4.1414412775472105e-78,1.9437934059497867e-87,5.0847484848103206e-111,0.0,,0.0,4.963693518143406e-10,1.4231384350943095e-115,1.474531574330166e-39,3.392977835445064e-65,1.9180800542296599e-56,0.0006757298486256307,,4.679908645577614e-120,1.266386366833898e-86,0.0,5.711550966904674e-07
LUN303,2.51385251674543e-132,1.5833062332015097e-182,0.0,3.1634031069523105e-78,0.0,3.8413171980597103e-47,5.378585925072656e-128,,0.0,,5.45515472791726e-64,1.2579159444946231e-13,5.965702956395492e-48,1.64455589518593e-26,,9.364982198342996e-95,6.560146490616451e-121,5.862403499329699e-14,0.0,1.240544096209926e-06,4.0954514611978025e-09,0.0,4.8687497822858174e-14,1.0300650579952442e-15,2.224841027919997e-29,1.0885610675669774e-20,2.012251501797618e-11,0.0,7.612289026370131e-85,0.031485498683317334,4.945196349086112e-42,5.801925350445776e-17,5.54428296649223e-20,,1.4558049282346527e-19,8.75857901917761e-15,,2.3527062653223824e-133,0.0,2.4084247441900172e-120,0.0,0.0,0.0,0.0,5.252982632709958e-23,1.2789774274682866e-120,0.0,3.610020178353231e-60,8.676254526401548e-106,0.0,2.3220660542430314e-15,7.183866248293029e-13,4.0321744745081813e-23,1.1850459312362675e-08,0.0,1.9436511465523485e-23,4.077511832051323e-47,1.6682165650441888e-133,0.0,,0.0,4.361071930571434e-25,4.3626069944102354e-54,2.1419450624742856e-41,1.083925567243829e-13,5.031054847760386e-41,9.342625668627505e-12,,2.2402229519179332e-54,2.3855075405769452e-35,4.062014039868212e-232,2.1800415625357639e-13
LUN304,7.16324982912284e-294,0.0,,3.024983068316771e-224,0.0,2.2686743298169053e-163,5.247181960766673e-159,,0.0,0.0,6.594112245895618e-269,6.401378816867346e-07,1.947902778106578e-127,8.83721874620468e-93,,5.943911567281588e-193,4.673283561442987e-96,8.540413894451774e-55,0.0,1.6509986264529516e-61,0.008586276098765791,0.0,0.12878854590511063,4.001000444653918e-07,1.1589572454337416e-48,4.607994798934456e-21,2.6912611273160987e-09,0.0,1.2159496002191354e-219,0.06640387006791171,7.004580930550064e-119,2.6243570597300934e-27,3.274129740088775e-08,,2.09095993549482e-16,3.0389056489397548e-27,,3.9529065675803395e-216,0.0,4.8664556132524395e-200,0.0,0.0,0.0,0.0,6.346925656497813e-71,1.101321019813747e-296,0.0,2.4879699286521893e-171,6.350972718897603e-273,0.0,3.211185165891042e-14,2.5434639094527276e-05,1.796572982471616e-24,1.7644857448756486e-29,0.0,1.0613111054126053e-91,4.3947244173516503e-131,2.0492225219547524e-162,0.0,,3.382269094507104e-261,7.150097957606625e-18,8.007904424514354e-185,6.349537560823976e-128,3.2309362225556565e-116,1.679182850550639e-57,0.00034253203862629904,,4.579426976991259e-179,1.6610092678325274e-120,0.0,7.756891644251526e-06
LUN305,7.49636857351741e-215,0.0,,3.23329701334064e-126,0.0,3.886456075932902e-93,2.46180587596154e-94,,0.0,0.0,1.3602338154915548e-96,0.27359537089121855,1.606923859832343e-87,5.994446146705432e-39,,3.0491023665782e-161,1.8665981376743953e-64,8.995651872370853e-23,0.0,3.028065631412805e-19,7.2523338128828856e-06,0.0,0.1546322973676763,0.01874770064447991,6.011213391548353e-46,2.1639718251384208e-29,0.016349519162352853,1.1558134829055204e-221,1.6462532152136259e-119,0.38772563318098574,9.783537799400518e-55,3.086785817692276e-17,3.950279832855e-18,,2.4210291114010506e-09,9.06790549298632e-10,,3.784423829979523e-214,0.0,2.334072497705905e-140,0.0,0.0,0.0,0.0,2.38248551234205e-36,4.615800401291187e-122,0.0,8.711883595040775e-97,1.882189784375147e-164,0.0,6.900507343254431e-05,2.3438857212936134e-07,9.537350495928019e-24,2.844022547908079e-14,0.0,6.701990247228483e-29,9.714345900175371e-87,3.7258093228887847e-259,0.0,,5.778360599182915e-190,1.3634540725484017e-07,2.131529130703002e-112,1.232438888352451e-100,3.577501957996414e-28,3.104515131354219e-26,2.306327667982544e-09,,1.926154870087033e-88,4.2951348424095416e-60,0.0,0.029247102357544862
LUN306,1.1009589780971184e-32,4.706035004681624e-37,,8.052173693978137e-13,0.0,6.051384150936905e-22,0.0,,0.0,,1.591907361430663e-08,6.3755284890298076e-96,7.440233660911967e-59,3.1936589244108907e-38,,2.8939049640826534e-50,0.0,2.5407959960144438e-14,0.0,3.6257982191742785e-13,1.565677241922829e-55,0.0,3.8227799245873565e-96,2.2989176478977357e-118,1.5330286888767738e-06,3.0023117597456584e-42,1.577736380966792e-83,0.0,1.7003844186561624e-38,0.00019766203265117685,2.3359109425415867e-29,1.0085620383274993e-12,1.0481948637625721e-81,,3.797402511179494e-113,2.2574133207439667e-72,,9.866474461735035e-29,0.0,7.102701504164342e-207,0.0,0.0,0.0,0.0,0.0060349007912635574,1.450969603019243e-45,0.0,1.5577609503559397e-247,7.420978738773435e-20,0.0,9.53955747457806e-110,2.1316116937118636e-72,8.051514246034077e-130,0.003607232119761169,0.0,2.354208288110152e-35,5.093619253502487e-05,2.556448224299619e-90,0.0,,0.0,1.5412896549583731e-143,3.454395055007283e-26,7.351688120388988e-15,1.652028616730879e-22,8.314372775240964e-144,7.14096910026325e-47,,2.4785156742814748e-31,1.799436856110443e-05,4.463216946929765e-41,5.5458136476077406e-105
LUN307,7.05403474752934e-47,2.3063348066561757e-54,0.0,7.202480574992569e-16,0.0,4.520184666457442e-20,0.0,,0.0,,2.804498319297804e-09,5.753000233805509e-84,5.121147985094987e-34,4.871006564895949e-30,,3.4567814530482727e-69,0.0,1.6124550172480375e-09,0.0,4.066699527877442e-05,2.759151830544999e-48,0.0,1.5870984703291592e-84,1.0141779521519127e-106,8.44044713708327e-05,8.450371145417763e-37,1.7605227323267318e-76,0.0,5.971649933424454e-33,0.008931151474728062,1.522532227103382e-26,1.355198684017711e-12,2.135086126857626e-74,,4.292166972545469e-108,1.7060031275590151e-65,,5.314132219699576e-21,0.0,1.3613596227961625e-200,0.0,0.0,0.0,0.0,0.022856669561641074,1.4715060500968225e-40,0.0,0.0,1.2925825255308104e-35,0.0,1.8656526594778192e-103,7.995541971794477e-74,1.0578206636343305e-136,0.298359491061149,0.0,8.961620552937007e-27,0.01692269617934999,8.649333260661173e-86,0.0,,0.0,2.159819610545597e-139,1.8007739487137474e-09,9.341418813796525e-16,5.190335518576355e-11,3.6111950638169577e-138,6.660129432141902e-44,,1.3558175594414555e-25,8.423439948745166e-05,5.615104835905706e-19,7.133227931162587e-85
LUN308,0.0,1.7882728291691392e-163,,1.5337253600770882e-115,0.0,2.8941470821038866e-166,2.3419804775730496e-61,,0.0,,3.2456890929951877e-96,5.3659139426853974e-18,3.867764286306805e-159,5.220257257899134e-65,,1.0590915036721617e-130,3.2878742868615514e-67,1.759837747744878e-47,0.0,7.209530265855108e-31,1.2455613041869185e-34,0.0,5.151760338336688e-18,2.3008012043308004e-06,4.149158021879264e-84,2.6115704401205013e-69,0.07052317776831024,0.0,6.185850466020694e-160,6.737175175374365e-20,1.0588805231535306e-81,8.086333557833645e-97,1.7147362054312587e-35,,7.877323787191271e-07,1.6903383898107024e-18,,2.7522001728604913e-295,0.0,1.3588678612863645e-145,0.0,0.0,0.0,0.0,4.7679693943009234e-58,8.658888093647677e-257,0.0,0.0,4.747118560579891e-150,0.0,6.406987336732489e-07,6.36121825093891e-14,9.263487130671589e-14,1.274908508381462e-42,8.49945291501101e-76,3.7812093629244474e-69,3.3117406450505262e-109,0.0,0.0,,0.0,1.7056238413762116e-15,8.153089879946281e-175,0.0,1.8373623671071205e-95,1.536308479080897e-21,2.1862279407247786e-37,,2.4501413859853075e-136,5.832334587305448e-65,0.0,0.011717149358048323
LUN309,1.4101183257914528e-207,0.0,,2.8176121201130055e-138,0.0,7.167516574446336e-101,4.3504622158947195e-149,,0.0,0.0,2.2342852812135445e-100,4.818748668216636e-09,3.709748314225159e-66,6.414551165503e-69,,3.902040021155993e-145,4.894806842693269e-137,1.9726231128318417e-31,0.0,1.2325692089954965e-34,0.44892026542264485,0.0,1.956786181642322e-05,1.085454703875713e-08,2.1463963490273367e-29,6.01290129712284e-09,1.2147792133997223e-09,2.069301564341979e-269,5.951283429583684e-123,0.0009510518497385281,1.482098115912707e-79,6.4649449825044854e-15,3.285187077166493e-06,,4.544899592472877e-17,1.060248575912539e-25,,4.011064612013066e-154,0.0,1.3661754796485767e-153,0.0,0.0,0.0,0.0,1.395996958940836e-45,1.8964564632532427e-224,0.0,1.2155572261007134e-116,2.054856860775026e-188,0.0,1.5613822383872412e-11,0.5004177325900535,1.7509624835417747e-35,2.6533580450914654e-21,0.0,1.20342281648546e-77,3.758524142807094e-83,1.7272030356844789e-164,0.0,,0.0,2.2290668619143784e-16,8.11599158510333e-179,1.3307564740542856e-86,5.101017487438888e-75,1.1148746752086502e-59,0.8831879615006372,,1.9596453160406846e-119,3.108277066924712e-96,0.0,7.455005182663724e-07
LUN311,3.591842161765751e-224,2.9104448464286653e-254,,9.288722214679086e-116,0.0,1.6542269166771527e-91,4.452637427241564e-79,,0.0,0.0,2.131129545456025e-98,0.43078850451006023,1.3885798745062775e-99,4.259222616649945e-38,,3.3030389782715674e-128,8.810483034011942e-44,7.176109547625649e-23,0.0,9.625507967061914e-17,1.808566931614073e-08,0.0,0.0910052669542037,0.0796366761619875,1.439756750044607e-49,1.8207541183859512e-37,0.28508910785416874,5.2498009657516824e-250,2.5333699018826034e-122,0.12059271561300929,5.7280191645237e-61,7.259104115659055e-28,4.455777488363391e-19,,9.911634493065154e-07,1.4958280853814898e-07,,8.188124251175295e-220,0.0,9.955685136258234e-124,0.0,0.0,0.0,0.0,6.643264059623644e-36,1.5991068300827278e-145,0.0,3.362633247416482e-202,1.8139635654020017e-130,0.0,0.00034536642546882125,3.1314635465996755e-07,1.4434798477058646e-12,1.3751973932345064e-16,0.0,2.1863723635474585e-31,4.937809845071715e-86,6.914741750918999e-264,0.0,,5.072740904135678e-211,3.314292522565255e-07,2.445864457176053e-103,1.8683644742633027e-97,1.3518686381839338e-18,4.07032500779323e-20,1.006013946916386e-13,,1.9020399705365893e-92,3.7140121164614924e-55,0.0,0.022254995297714925
LUN312,2.1485143802661728e-219,0.0,0.0,8.32398748587777e-181,0.0,7.911822551959636e-156,1.7935156482212854e-204,,0.0,0.0,5.98880431717831e-162,3.774783078654416e-15,1.938145574650293e-91,1.9358993029641675e-96,,1.1210247774296293e-177,2.0795666956457854e-158,1.1952305655378419e-49,0.0,2.4324691656805356e-59,0.013022568114906905,0.0,3.7040539108484802e-06,1.1147743284335098e-15,1.4830722585629936e-34,6.3411005603577754e-09,4.1773289168155373e-13,5.012911394788486e-261,3.206254466458615e-158,2.7376928880750722e-05,8.801086064708454e-106,6.589494067732098e-28,1.3979804608800368e-12,,1.974151408252009e-27,5.728711683277024e-41,,9.784145857730355e-141,0.0,1.052154125516732e-175,0.0,0.0,0.0,0.0,2.0220770631059357e-66,3.1244232773111658e-276,0.0,3.1861102907637385e-143,3.522920239649084e-257,0.0,9.258525375059882e-21,0.008208226553839766,5.3475859255867365e-59,9.018932674844298e-31,0.0,7.002147210265087e-106,1.914498019717509e-99,2.01206803686747e-134,0.0,,0.0,1.2691077295359293e-30,8.975588877766368e-181,7.545738704168798e-75,2.776720990768632e-172,1.367038063788305e-85,0.1696512227206519,,6.836616192895168e-149,6.807936737789293e-119,0.0,6.148478702058829e-11
LUN313,2.043942255305243e-247,0.0,,6.321777298831295e-200,0.0,4.850495357646798e-162,1.1694464267166556e-184,,0.0,0.0,1.6486527751917783e-241,2.1061356584307147e-09,9.330727521854588e-120,2.0196596408312667e-96,,1.2892812661294357e-167,5.261428414972099e-112,1.5154658596982504e-53,0.0,6.527548134165522e-62,0.045601523850173194,0.0,0.06440895173427624,4.177558486252688e-10,1.6378013411792679e-40,1.359431210277091e-14,1.2272660622087234e-08,0.0,1.4771048784488975e-191,0.014611102558493636,1.095237259313333e-118,7.208128976866362e-27,8.038423867871326e-07,,8.124241257983284e-20,8.296349805808275e-33,,5.778291721687998e-166,0.0,4.4153443977825346e-179,0.0,0.0,0.0,0.0,4.40585275104069e-67,0.0,0.0,7.395833808124276e-150,9.391667530737458e-244,0.0,1.9527134072506202e-16,0.0015722097979590502,8.006819221457186e-33,7.292877416417348e-30,0.0,2.833803445176895e-113,4.7545969298665426e-114,1.3298951242048892e-147,0.0,,0.0,5.8349396434084e-25,6.86208142961801e-162,9.92350412026269e-73,1.708247832974279e-151,1.2903944979298304e-70,0.010040886196804733,,1.0174132371047463e-171,4.2602098069398516e-117,0.0,3.7811680705277714e-08
LUN314,9.66068937600406e-292,0.0,,1.5768368788101333e-187,0.0,3.1539118977256613e-128,1.2972409656509421e-110,,0.0,,5.249978925531195e-244,0.0005039077470675634,3.841032562806909e-136,2.8214844645499293e-72,,1.2167107820482255e-148,1.9566396590053574e-55,2.597571368527207e-42,0.0,3.0312349861194626e-42,4.1263226176623564e-07,0.0,0.007517884904668799,0.015325917075524912,6.408725353891932e-56,6.093158520980951e-36,2.834662593444657e-05,0.0,1.263272000614171e-202,0.005182353998764553,5.027369218542187e-109,1.211630859708473e-39,4.029192997127744e-09,,2.846590586398476e-07,7.527537929806994e-16,,2.240243068417028e-239,0.0,3.5460724822386643e-163,0.0,0.0,0.0,0.0,2.7153213710069427e-58,4.578178422258568e-242,0.0,3.2156255316910072e-251,6.276945905636895e-194,0.0,2.5432809837595836e-06,6.9049297139493506e-06,1.4424405582274006e-11,1.9786291283297647e-27,0.0,1.537999089128816e-66,6.928225727466382e-120,5.280033269324726e-177,0.0,,1.463113913990484e-238,0.00039193150412183535,1.0075235718160851e-155,1.976493457482606e-123,5.6681635298052246e-46,1.2127121887630066e-36,2.4694922371477642e-11,,1.1859655559743971e-149,2.1189111111236237e-93,0.0,0.010332629015697817
LUN315,6.612108983454181e-264,2.836379630724436e-270,,2.9456195162104906e-158,0.0,6.834046428523584e-129,8.773494765360631e-152,,0.0,,6.468835413447721e-191,5.60729079866454e-14,4.41338184636731e-148,3.1354410280277096e-93,,1.803548106723293e-113,2.1332354246387805e-107,4.399792150471858e-49,0.0,7.89430377009277e-51,2.551863098547472e-08,0.0,3.471486870250225e-09,1.8853909559181752e-07,1.4475064645697864e-45,3.684969557625351e-26,3.0324043496467593e-05,0.0,2.1132958550439676e-173,1.3719171874539342e-09,1.925310234957424e-118,9.185912273323112e-32,0.0005615323185422731,,1.05751932127332e-10,1.579066853105823e-26,,1.896344636779537e-185,0.0,3.484911908951241e-154,0.0,0.0,0.0,0.0,2.6306242352989315e-57,0.0,0.0,0.0,3.5698359686287834e-167,0.0,5.5594589950756386e-09,0.0012318505273312998,2.997887688346616e-10,2.303859319761401e-34,0.0,3.936529491695172e-149,1.734668383383896e-103,1.8939610542784894e-178,0.0,,0.0,9.063654059274456e-17,1.2713784287079094e-171,1.2267372042073836e-92,5.0578036156374864e-92,1.6501543319427742e-60,4.208531100286332e-10,,3.010282530396849e-176,4.595263069037102e-101,0.0,7.178363360309981e-07
LUN316,7.542335813449282e-243,8.571183548817435e-183,,1.8281086480901553e-93,0.0,2.3317678132815333e-155,1.3396991699847453e-60,,0.0,0.0,1.4778109343100627e-77,0.00047212144121186206,8.063042890397232e-111,4.9282033686355985e-30,,1.0462820983949498e-152,1.160468843645089e-26,1.8388074585738697e-18,0.0,4.1812001292677594e-14,3.159235739093066e-29,0.0,1.6932229604124298e-05,6.994272938373846e-13,1.1469047498664797e-75,2.4305044889346492e-73,0.9512180758377737,2.52774973785451e-265,1.2379499212633716e-120,0.002221578679909708,2.7530056472769355e-36,1.0228071211698748e-40,2.0432988913655266e-54,,6.460715461415616e-19,0.04711036536840035,,3.9924873683611554e-283,0.0,5.227060840467424e-125,0.0,0.0,1.5452674668450899e-286,1.958932183051e-311,4.3415028026928215e-41,3.151471319449629e-85,0.0,1.270063876972143e-214,3.942823710067107e-130,0.0,1.1685134782404434e-19,3.237096081276534e-23,1.947632009820556e-39,6.060019857203257e-22,1.3023267115888253e-185,3.990192959676255e-14,3.2012292510380195e-90,0.0,0.0,,9.117780493003777e-155,9.431860600066226e-39,2.4892296206287116e-79,4.724422240592416e-179,1.5502319629290192e-17,2.08392107964957e-05,1.1585492184842744e-37,,4.3532645222394525e-73,2.3346506865866106e-32,0.0,2.0269035947888875e-09
LUN317,8.50143146543627e-266,0.0,,1.97493912242713e-229,0.0,1.1586826216770692e-203,7.909667024768771e-231,,0.0,0.0,9.482355033720655e-163,3.0070038961908605e-26,4.601445069890054e-127,3.647089466559717e-121,,1.5791653395646433e-259,3.3909422079496964e-167,6.523410896323622e-74,0.0,2.4994114924371373e-84,4.503336099741446e-09,0.0,5.840979853504503e-14,6.075262450727816e-23,1.150880595421044e-49,1.870936539798527e-14,3.0921072017934447e-24,1.0018753304978071e-249,2.618411689940767e-178,2.3664313828352888e-14,1.5350096866060826e-135,6.88720539682062e-40,3.721278071161028e-25,,2.2705935718672464e-37,4.361840872510959e-64,,1.1885862332421063e-186,0.0,9.278551843179734e-187,0.0,0.0,0.0,0.0,9.171542736466225e-92,2.726061288975e-311,0.0,3.8594651025350335e-195,0.0,0.0,3.6025188129290087e-28,0.000215165762887224,3.8459589824670604e-84,1.175715518943083e-48,0.0,2.275883892113418e-120,2.749772471504984e-128,6.859295489126594e-152,0.0,,0.0,1.8856202556285727e-43,1.38927706688213e-264,2.752150613863788e-125,4.313001931453452e-231,1.791878856359739e-112,1.591113291873053e-05,,2.0427045455955757e-176,1.2552577572037234e-171,0.0,2.4338120879908696e-17
LUN318,8.942799976044507e-227,0.0,,7.53263726310419e-194,0.0,6.221777849684917e-166,4.976877922612809e-206,,0.0,0.0,2.067831586541052e-162,2.6956864657406672e-17,9.332006159258762e-113,5.1198764331261694e-99,,1.7027470645634613e-179,2.4541824544689045e-138,1.1491396326124602e-54,0.0,1.2417782161212114e-63,0.0006122767846519422,0.0,2.5014617805448413e-07,1.4637707985102928e-17,1.1210861002312708e-36,5.151296026778701e-10,3.327156073947665e-16,4.598980346650983e-281,7.245018744798194e-157,1.842668738412128e-06,1.494891855215212e-124,3.149444176854388e-25,1.8412416389192572e-11,,6.255804561537761e-29,1.260458913942684e-44,,2.5605301608586943e-170,0.0,2.5065299034350534e-161,0.0,0.0,0.0,0.0,3.363748662859716e-70,0.0,0.0,4.415669593510816e-152,6.625025790170555e-291,0.0,6.727927802583664e-23,0.01632402294304134,6.3592720306327346e-49,4.56557920938482e-37,0.0,2.849541386256423e-116,7.423037251159448e-110,4.061213928220753e-117,0.0,,0.0,4.814633311592488e-35,5.6937228148504075e-211,7.953504885582728e-71,1.0663424729743603e-147,8.613540452604391e-92,0.04783315894737344,,2.0965661864343242e-159,2.9542319822335417e-146,0.0,3.8080551837072917e-16
LUN319,4.057484507105825e-237,0.0,,2.1814695110989964e-134,0.0,1.1373185211266276e-93,8.685715859364067e-95,,0.0,0.0,1.5730274664623309e-90,0.04771560732302746,3.9698536474194665e-111,2.5805225438777423e-47,,1.2939539773296895e-165,2.8357659216934745e-57,2.7638745418646664e-30,0.0,1.410780584815217e-23,8.799547700132102e-05,0.0,0.04417621352578266,0.03373438887927232,2.172013638950695e-46,5.4211311166717556e-27,0.0006403319161684542,7.496686380941536e-196,2.776697150271118e-120,0.04457559046403904,1.1328341817342055e-69,9.85427279175783e-21,6.532020527133836e-13,,6.7184629439917055e-09,4.549030489892048e-14,,5.805181344102289e-228,0.0,2.3021192613008843e-136,0.0,0.0,0.0,0.0,1.2786166377262994e-39,2.480478539059145e-183,0.0,1.3344029024551171e-182,3.421279100434607e-170,0.0,0.0001902234068467749,4.897100803157182e-05,7.366594948823476e-17,4.0802009042429014e-18,0.0,9.943280457324566e-43,3.501846971979655e-96,7.777687100227692e-289,0.0,,1.4499066219384668e-226,1.865018163596584e-07,1.1213553975321048e-135,6.954057211584163e-100,2.894342456929143e-36,9.970701648972465e-31,2.627454618295435e-07,,9.241465578578371e-110,1.0406805668284907e-78,0.0,0.001545816837948552
LUN320,5.957837290152802e-44,2.7199455902856975e-66,0.0,3.719733567557795e-20,0.0,4.260937242458723e-17,6.302439691225417e-306,,0.0,,2.699851238308283e-09,1.814716672664814e-69,6.629916709977605e-25,2.4526122811390587e-30,,1.18680164583007e-59,0.0,2.969175759928035e-07,0.0,0.000598210830293097,2.4198868856804902e-37,0.0,8.590240072447615e-69,2.6822121011102987e-88,5.7253630363299504e-05,8.570938522430311e-28,1.5179141055933342e-62,0.0,5.5384565841582376e-33,0.1313172026951291,2.054162023680992e-25,1.642390516727678e-08,4.3125405057646374e-60,,1.538426994006555e-88,4.5943637948700745e-54,,1.9546641126016717e-30,0.0,7.332722299735848e-181,0.0,0.0,0.0,0.0,0.003201876168730728,1.3315243195917213e-48,0.0,1.7726831977649935e-260,4.7587027567924394e-45,0.0,2.4015894688700285e-83,7.626493999604682e-56,2.3210643440697293e-111,0.4288199931034662,0.0,2.40658489668526e-27,3.4097722634767565e-05,1.0683219784840139e-76,0.0,,0.0,2.9036007906190233e-112,3.2638871337683763e-12,0.0009760429750254811,1.573281021536581e-07,1.8969745752637964e-120,4.0738886644020967e-32,,3.6239455036434685e-25,2.601527010159507e-07,5.923282921671313e-21,2.482102027484534e-73
LUN321,3.2524966177174924e-289,1.8205708406565913e-158,,1.743803556946903e-95,0.0,6.788678179056224e-175,3.0786741369211554e-54,,0.0,0.0,4.97608768167609e-81,6.120243293669524e-07,8.3527040990518185e-106,6.7104337764560844e-40,,2.419107670644196e-133,2.2214419661369216e-41,3.797962029774126e-23,0.0,3.884508468358528e-17,1.3289248042469933e-31,0.0,1.5299465956636136e-07,2.16756524857889e-10,3.3898191080247403e-78,4.486389340288782e-74,0.7217265369220054,0.0,1.1186892644163535e-134,1.156252723563069e-07,2.2537759904070327e-48,7.832304984538355e-62,4.590061830805023e-49,,5.368438545609216e-15,7.666487747147982e-06,,2.4698545009736953e-277,0.0,3.7126347285814964e-132,0.0,0.0,2.1702046886738616e-288,0.0,5.0772724800350217e-45,1.041984963294873e-116,0.0,0.0,4.637828058448805e-134,0.0,2.8905220936704594e-16,1.993097056748018e-19,5.69049018988755e-31,1.2171926292624963e-28,8.212312709557567e-107,1.2538188182259473e-23,5.484877797825396e-93,0.0,0.0,,1.6039855158864542e-205,1.1208221691889756e-31,7.163364929172382e-124,8.458267174426941e-246,8.545317053179296e-34,8.811692281748791e-08,6.93146228303057e-39,,6.874103008471973e-87,1.1389932600429417e-39,0.0,2.541819725364262e-07
LUN322,6.27146936365614e-232,0.0,,3.879847710282803e-159,0.0,1.2982718104723066e-99,1.4162011314396453e-127,,0.0,,1.8006211070752581e-218,0.00030435261739488676,2.2052129927922967e-126,6.140509592501815e-64,,1.0391987282015127e-147,1.8332492768824386e-61,9.763778818246234e-45,0.0,1.5165456136630083e-34,0.00015428523103192088,0.0,0.04748358514948823,0.030978190097163946,2.1439445272086397e-48,3.0383719719586542e-24,0.00016221599609012928,0.0,3.998229290136026e-167,0.008636338001585734,1.4929523465717394e-89,2.588719675223304e-21,2.5851803977271518e-08,,6.316125255295327e-07,7.569179519431207e-17,,6.835698835818175e-193,0.0,2.9499693784395844e-141,0.0,0.0,0.0,0.0,1.1252779445793508e-48,2.7547210234598073e-258,0.0,2.616035908982218e-159,3.67784096571149e-171,0.0,0.00027644031922139344,0.017224108986549323,2.9987489895527397e-12,1.739679633747303e-20,0.0,1.0639458641946172e-72,5.465788199117967e-99,6.652615071394308e-206,0.0,,1.3444035392771385e-279,0.0002958717335918414,1.489017035692822e-99,7.080707481367373e-71,1.5748250386353672e-59,8.198295178355056e-40,4.759642194251298e-06,,6.026242952339491e-135,2.0160807858492167e-73,0.0,0.0005082152480450288
LUN323,0.0,5.255159047972281e-149,,6.527786196001516e-146,0.0,1.155531169047712e-200,5.076694093517997e-102,,0.0,,1.3967544781980386e-194,3.7663828821363337e-44,6.0989919927308225e-205,7.296979808470232e-120,,1.6597026203500114e-176,1.4329660836072782e-118,1.883957891741871e-86,0.0,2.787853637172881e-60,4.769601917414344e-57,0.0,1.2245528157170452e-40,2.1291078684851265e-07,1.2385688221591287e-122,2.781558760597632e-91,0.00012963112013606617,0.0,3.794914093691478e-245,9.493107898834377e-45,1.5766937011593712e-123,2.025932020344673e-108,4.274779668532302e-45,,0.844109461145244,2.8399408800811314e-40,0.0,1.2425444062762435e-304,0.0,4.0070421985772504e-169,0.0,0.0,0.0,0.0,1.1523286504162913e-87,0.0,0.0,0.0,3.063066010909359e-226,0.0,0.2649977626496219,1.1196199490065066e-17,1.6027498187423852e-18,2.336615293425256e-74,4.270444298100412e-232,8.743602815163159e-143,5.668951462127566e-132,0.0,0.0,,0.0,0.033840653045222505,1.5504336191168413e-242,0.0,1.2548258024298163e-128,5.486972228507407e-51,3.524283135489013e-59,,4.434336271925598e-194,1.040115190907985e-71,3.127081154479002e-229,0.04261202961663197
LUN324,4.34071204026755e-232,0.0,,9.243080042446064e-155,0.0,1.2409104271271805e-110,2.494771911525097e-134,,0.0,0.0,5.126076002936433e-130,0.00010581165424801654,1.584599693264994e-80,4.751800216058263e-67,,7.460409036927682e-144,2.3270194217406526e-104,8.114769492805837e-32,0.0,8.966164571420956e-36,0.7332743409176399,0.0,0.05082953930919073,0.0005122686307023893,9.749105416541087e-34,3.7995046753736303e-14,2.468362017127572e-06,1.4709667053544784e-305,2.605630119146631e-144,0.06649183890927782,2.3302031903669276e-87,2.77830953722983e-20,7.528590690245077e-05,,1.2907436509892855e-11,1.611772950319477e-20,,2.8421828671630895e-179,0.0,1.5424000613784924e-157,0.0,0.0,0.0,0.0,2.706123940024982e-47,1.313922138362439e-219,0.0,4.052163444552517e-139,1.9277440833917917e-198,0.0,5.934160813951655e-07,0.19070734388265972,3.892330568925989e-19,1.2260270757081844e-21,0.0,1.0528475873730153e-68,2.1329546687411045e-94,2.579262205497098e-158,0.0,,1.4298804883917755e-272,2.194299435632532e-08,3.360858654149432e-182,1.8553869145864741e-96,2.722949701315695e-62,1.0206304743809264e-49,0.12390730966936013,,1.2169911448119776e-126,1.5882196503895754e-97,0.0,0.0010679297247393233
LUN325,6.994722110312282e-226,2.2868043084160348e-297,,2.8774469256100707e-148,0.0,1.5738967511589043e-111,1.8462490320940453e-159,,0.0,0.0,3.571348685450962e-114,3.430698753727323e-13,4.044607822364325e-90,1.831121654016347e-81,,1.234670911371896e-143,1.5640221964060747e-140,4.421321484837554e-41,0.0,5.900920180983052e-42,0.019968580707145234,0.0,1.081220472822475e-08,9.461680874696954e-12,2.7472367972933814e-35,1.6617816145899625e-10,4.602467951624164e-11,1.4654113939958727e-297,1.7548241452970807e-131,1.170900603950086e-06,1.269821279009521e-93,6.882526714972805e-14,0.007962812968809165,,1.3123928255517743e-19,1.602247108571923e-30,,1.4700351899980187e-171,0.0,1.4563557647540426e-154,0.0,0.0,0.0,0.0,1.547571959862813e-51,0.0,0.0,5.692040210072529e-173,5.647871864381934e-184,0.0,1.2787832786839985e-14,0.8444287920345782,6.680255336911105e-35,1.6800794780916088e-26,0.0,1.791250957965695e-115,2.1957853384702185e-91,2.1253314916863836e-191,0.0,,0.0,3.548082411338238e-24,3.5423036070478515e-176,1.1918229206562253e-85,5.538513494745364e-93,5.194174478080157e-67,0.3082063370238114,,2.695564328988104e-149,5.167306747684322e-110,0.0,1.5952973228482169e-09
LUN326,1.8089283344212211e-205,6.842980877324921e-233,,3.265884790553569e-110,0.0,7.029537969167471e-82,5.4139566932815403e-92,,0.0,,1.1868714747505405e-107,0.2015748892084242,1.0522194393271257e-88,6.666018537301165e-40,,4.725880240394941e-115,1.007480829674417e-49,1.5455201753377756e-23,0.0,3.194181985925485e-18,2.0040302270330663e-06,0.0,0.13315179675838476,0.14385443499108236,3.8816314483322664e-44,4.061620173317116e-33,0.1492160476095609,1.5483796025297323e-229,5.18378708086364e-119,0.1565664466160668,8.551498526566084e-63,9.532482870211113e-19,3.453084544405546e-15,,1.2230270702917918e-05,1.7647367211970051e-09,,2.6572007807598664e-185,0.0,7.254016110554133e-118,0.0,0.0,0.0,0.0,1.2644369639949891e-33,1.1118708381883217e-160,0.0,6.109343755073949e-211,5.839332492197198e-117,0.0,0.002333344862385575,1.940554295642205e-05,5.840591088263313e-10,1.3789360674053655e-15,0.0,7.021310929630836e-42,8.422824504706647e-80,1.3990574099005475e-249,0.0,,2.4065920385335586e-234,0.00012101897638443588,2.5073073927513775e-93,5.2166372222099855e-74,9.464212930509115e-27,8.040892123456167e-26,9.825772667891505e-12,,2.7515606295861723e-94,3.5008377815547895e-53,0.0,0.020370782306356958
LUN327,2.1580368237093035e-220,5.073678878036223e-179,,6.705107800946093e-87,1.0058423119802606e-303,7.634654913381167e-127,1.7641536888122405e-65,,0.0,,7.167469961171024e-76,0.0022590313222505304,1.3435278341696494e-92,2.503423169162034e-27,,4.376406264359332e-137,2.952566454017883e-24,4.317143860682234e-17,0.0,2.7864372140598584e-14,4.0570275984656245e-25,0.0,0.00032507680333151594,1.0028845326983393e-11,2.717493847518236e-66,2.0002240361116633e-68,0.8382673830001173,3.4537250246163547e-174,3.67094310502527e-107,0.0565987629996382,4.865843374739681e-38,7.667737059408806e-28,7.274379520890539e-49,,1.1963242024699496e-17,0.007717274841837694,,1.0109864980489436e-255,0.0,2.2498112183034202e-114,0.0,0.0,2.301915476585184e-264,3.8775240605938966e-274,8.938424067147138e-36,2.856827919120321e-82,0.0,6.489146090752442e-274,4.41152559947025e-119,0.0,2.335483118915688e-18,7.652611683309959e-22,2.3110716682470607e-37,1.0986202005317673e-19,0.0,1.5903617616764858e-16,3.2596058383820216e-86,0.0,0.0,,5.656535536437981e-156,1.6801806484356235e-31,3.421298488470731e-74,2.7534384714532406e-127,9.331805568894392e-12,1.3806871263031832e-08,2.205211957668639e-34,,8.495464176041434e-71,2.013440198488233e-34,0.0,1.030861790821243e-09
LUN328,2.689675185325255e-298,0.0,,7.001909150822434e-178,0.0,9.579691737930335e-145,2.4321915334133157e-115,,0.0,0.0,4.4327228697587645e-163,0.0007084104871649243,2.57038073315994e-100,3.356273164316199e-74,,5.2861142974007544e-161,2.0177445218102538e-78,6.098472937564157e-36,0.0,2.145342559182525e-42,7.395558742548738e-05,0.0,0.008804202325590578,0.001660809916160355,1.420643521811289e-44,7.994074190601319e-29,2.8896052020380544e-07,0.0,2.393228447784358e-181,0.010237047156777519,5.83243269739339e-99,9.352380067744858e-33,2.8318180369156765e-08,,9.254635383711878e-11,1.2747291138319305e-19,,9.35720425388297e-227,0.0,5.152793245680464e-182,0.0,0.0,0.0,0.0,4.12993182793778e-53,1.7128711873118893e-212,0.0,4.265521801616402e-241,7.13006769309821e-206,0.0,2.0668945431985805e-07,1.5500910597157557e-05,1.372946168980365e-16,1.128503486452415e-26,0.0,2.7745003566717613e-67,1.1890028931641531e-116,1.4608901294182987e-214,0.0,,1.2043965312351747e-212,1.5225093646636134e-06,1.4715201374551287e-237,7.398051518867368e-167,1.3327788769316067e-64,5.725043005149054e-41,1.2278069575880298e-07,,3.819470563554159e-148,2.5946372591884264e-107,0.0,0.002754266937647886
LUN329,4.5748959041408856e-187,1.1379441388893632e-260,0.0,1.8892496969721196e-116,0.0,6.232099219200296e-80,2.3895220737569394e-133,,0.0,0.0,2.3401427842202372e-94,2.518416663282446e-05,1.0976691899730103e-58,1.4261748618227352e-52,,1.970389990380278e-131,2.7260539199622858e-120,5.9723503965118e-25,0.0,1.3382743407323357e-22,0.40340562361638516,0.0,0.0021287259978633724,2.5592712255535772e-05,4.1461323445465515e-31,8.252103130272878e-12,2.0826232727697553e-05,3.9178888828018714e-266,1.5515153270583346e-111,0.14767715167123419,1.808143297491172e-61,2.1555586420260913e-07,2.830198521339127e-06,,3.869123518419997e-12,2.807532165683548e-17,,1.8254012967673295e-141,0.0,8.721088468503921e-143,0.0,0.0,0.0,0.0,7.766276609248621e-35,8.549149575871692e-199,0.0,3.2123135673078576e-88,3.289407094388346e-144,0.0,1.019626299201776e-07,0.061394289702150544,1.4146496582352005e-25,9.619269726602523e-14,0.0,3.090871078410516e-60,1.0301450380246095e-71,2.3669141705204266e-194,0.0,,2.2477311809009102e-302,4.1963350942348985e-10,3.7382401748484653e-112,3.09395662557592e-67,8.172861168898267e-53,6.1338310636299584e-46,0.06129192951179359,,2.7861015003031108e-102,6.22375735658194e-66,0.0,0.0004318117656112841
LUN330,9.377258787516509e-190,0.0,,1.4696248719940867e-143,0.0,8.237630310808072e-130,7.677030220732737e-201,,0.0,0.0,3.7515061668893754e-113,1.204021735132976e-22,2.253460881517036e-79,3.5558702541635306e-93,,8.038423315352662e-148,4.598784821747169e-175,2.804966712029418e-42,0.0,1.8606724038422095e-51,1.4732761560376651e-05,0.0,1.810067378701968e-15,3.091149719703947e-23,1.1694514914918565e-28,1.433078684830571e-06,5.363683871970968e-20,4.0765706637517364e-246,5.550825177260322e-122,2.3139711896093868e-11,3.774576764241131e-101,3.6551427670260144e-20,4.4392813000329686e-11,,1.0682242122530187e-32,8.953503718900501e-46,,2.0840197989110847e-127,0.0,2.7331067086535914e-149,0.0,0.0,0.0,0.0,5.260958144799369e-58,8.008134306528236e-286,0.0,3.8469125152008604e-142,1.5250161076431226e-200,0.0,1.6648360483740345e-26,0.43802873230287476,1.307347431431596e-69,2.5245251113819582e-33,0.0,1.9531447262900305e-128,7.610391139696985e-82,1.4024211195233975e-137,0.0,,0.0,2.9882123660933724e-43,1.300134726208189e-224,1.8901324439199963e-85,7.668362895311056e-141,9.08839457927473e-94,0.6146185014987464,,5.570589124608585e-135,1.3368464121610545e-124,0.0,1.0451478072418351e-17
LUN331,5.000891294014388e-266,6.575691890406952e-190,,3.985263058358975e-115,0.0,3.2664999598341295e-98,4.272983589453738e-86,,0.0,,3.408122922080307e-91,2.0430761389060397e-09,3.06441451607957e-123,2.0733560596098376e-53,,1.1753132987653143e-119,2.1797331190027596e-72,6.193629674833433e-38,0.0,3.395301788047117e-21,4.026211747694557e-14,0.0,1.120309304931296e-09,0.02429016174411278,1.6797496733602242e-56,1.7595308089664808e-37,0.04518783257986169,0.0,3.297697320156884e-135,2.9053191914486348e-09,6.436643916283688e-72,8.649521607979073e-44,4.142311624674207e-14,,0.0006235978681517674,1.8259682817028085e-13,,8.503520527242016e-231,0.0,1.1324407096476867e-130,0.0,0.0,0.0,0.0,3.226736785717679e-42,9.034408231874423e-265,0.0,0.0,1.3843584169587557e-126,0.0,0.008915345569469312,1.3302137894158048e-05,0.02815783314091537,4.059187725296922e-25,9.036109238122924e-248,4.932161539974288e-64,2.768022334771943e-90,9.258865820914529e-289,0.0,,0.0,2.216583630248465e-05,1.1723482503819667e-120,2.896747840172229e-161,4.001845645961016e-52,2.3781318508031814e-27,7.769036847164024e-17,,1.731373522044367e-122,1.0966744606074129e-63,0.0,0.07512548041194263
LUN332,2.444821720534454e-277,1.5361063101808835e-270,,6.049992481559097e-136,0.0,1.1387523073047719e-119,1.646978033717523e-89,,0.0,,1.6184713608205786e-134,0.07910199413311424,1.8916518910405836e-93,2.2560788355569045e-56,,1.489863441019008e-128,1.731913977706463e-59,1.667389948983245e-27,0.0,5.1131049355923356e-26,5.4067498130038513e-08,0.0,0.0603035556750526,0.6040773754793609,3.897257696438861e-50,5.263183064146573e-37,0.06989269404136783,0.0,2.590136593794001e-156,0.012619142181550627,1.0717174594565494e-78,1.3205504896816657e-28,2.3842277256371158e-11,,0.00025391988004328403,3.5416221500964367e-10,,5.732871763621681e-217,0.0,4.8085173147414175e-151,0.0,0.0,0.0,0.0,1.9163850124862625e-41,1.179539907739089e-193,0.0,9.890721210975925e-307,6.452786244224045e-146,0.0,0.028520105470763068,0.00014344288361695795,2.145353795049836e-06,3.8654432460333933e-22,0.0,5.39614815356393e-55,1.736242160969892e-98,2.523093311502677e-252,0.0,,1.5894595596743163e-231,0.08634424172348293,8.131907292479831e-165,1.653499332578431e-157,3.587350027000131e-27,1.370417995843226e-25,2.2694196991832703e-12,,2.1305271174212225e-124,1.557703869440922e-71,0.0,0.41643847397914385
LUN333,3.418845488791811e-302,5.366680278743334e-238,,3.498701830398585e-130,0.0,8.46806575999689e-122,1.1634837262397964e-77,,0.0,,6.722926809748187e-114,8.97732948331036e-05,3.1775588457882376e-148,2.4823657143596087e-55,,3.6916887458867054e-137,1.4983332377859607e-42,1.0224788834347917e-36,0.0,3.3456785264245244e-26,1.3374196039363762e-16,0.0,2.924093945632447e-05,0.0016911422795491747,1.6250541013504856e-64,5.748296703679662e-54,0.018528784007450186,2.9463608444560552e-269,8.90405323731131e-148,2.0950371338608e-05,1.908814853051153e-80,6.868075033319154e-46,3.656144288689238e-24,,7.762792410023508e-07,1.8696777288106518e-11,,4.309038748777922e-270,0.0,5.667437477415875e-137,0.0,0.0,0.0,0.0,8.755168559776777e-46,5.860414865950125e-218,0.0,0.0,5.021805488279341e-141,0.0,0.00015779381299473803,1.5363776239827797e-09,4.2821962880825585e-11,1.0914289255244954e-26,0.0,2.9786202106739846e-58,7.924381309733503e-109,0.0,0.0,,1.6144644020161372e-250,1.7525629036807082e-07,6.26524360523637e-136,3.257033256390574e-158,9.740546846248997e-37,2.3695178501572432e-21,1.002844745061174e-21,,4.993678230009798e-132,8.877868132401614e-68,0.0,0.00013267449317682942
LUN334,3.4169553865877136e-270,0.0,,1.1178624500399484e-165,0.0,1.895167376974111e-126,6.174923668354945e-120,,0.0,,8.008596511231651e-165,0.009094677063320277,3.0850695975116824e-102,4.657830100322095e-70,,2.4456890874635593e-141,1.5649380765245256e-73,1.0023721745352046e-34,0.0,1.2902775904106082e-39,0.010872368998682816,0.0,0.2025597399231797,0.03420524285344358,1.4024192963032983e-41,3.190228962568014e-25,4.581883268050105e-05,7.490883387202313e-308,1.5982601507427796e-169,0.1027911474165108,8.408367755780793e-99,8.604381093321822e-25,3.8271112897329614e-05,,7.585564442286855e-08,1.7728621249614624e-18,,2.7028149704656907e-201,0.0,1.5152656694421123e-162,0.0,0.0,0.0,0.0,2.555729843418707e-49,4.344710887541801e-235,0.0,5.906995354004422e-248,2.959892025964913e-181,0.0,7.005022213759224e-05,0.005214501775243014,3.0129310063917234e-10,3.3671743404847495e-24,0.0,2.6056446773407325e-74,2.771700644173905e-107,4.824745239769602e-198,0.0,,3.7588551596263524e-244,5.929176365471364e-05,4.528514502858034e-190,4.455763375674073e-118,6.540930585956837e-64,3.628786366662381e-42,1.2222654286068967e-05,,1.1643663091036495e-144,4.472136122481834e-98,0.0,0.0328067011528055
LUN335,1.839588171429281e-219,0.0,0.0,3.736836363659059e-145,0.0,1.3572694798466231e-101,1.5642379114267785e-136,,0.0,0.0,1.37471412953907e-146,0.0001433042179551693,9.109010702495518e-71,1.6216208084882932e-63,,3.846646214584719e-134,3.9873162879897477e-116,5.0770193768613745e-30,0.0,1.2958927902137686e-30,0.46910967313532714,0.0,0.08558801793264673,0.0009147843366304327,4.719071577883362e-35,3.654440308052985e-14,0.0002498710391883285,0.0,4.2602350519026234e-148,0.30569269718549624,3.643146371140832e-77,1.5061443042834743e-14,0.00010851224898729785,,1.9097080769360415e-10,1.3920298404883943e-15,,3.832910998664601e-165,0.0,6.300191745975079e-161,0.0,0.0,0.0,0.0,6.545276765389107e-44,1.920797048954429e-223,0.0,1.2858943971937857e-110,2.7814685668118563e-177,0.0,5.701113910527056e-06,0.0650580112682011,5.863766552232798e-16,4.496747867040787e-18,0.0,6.554312685053612e-66,3.976656953238838e-87,3.527184757722334e-150,0.0,,1.6012259834610528e-287,2.495139867296948e-07,1.4133056531602692e-140,3.6684786370081864e-95,1.7690903497720915e-50,1.1417502628335263e-44,0.022629719511532184,,2.27947583440172e-121,4.217219319077149e-79,0.0,0.001026216781513617
LUN336,1.3899570484378977e-199,0.0,0.0,3.482793836182553e-167,0.0,1.7306411649563246e-134,1.1126027107183446e-185,,0.0,0.0,8.145512443288064e-213,4.681384998261344e-10,1.999916357441919e-105,9.62053347856207e-82,,2.0639493691338164e-144,2.5154245532418646e-110,7.867951681300441e-46,0.0,1.4770374817580635e-49,0.03142475724901632,0.0,0.013596464855634822,5.884558922572116e-10,6.160779035939232e-35,2.4098215969604748e-11,7.244777751818801e-08,1.3283835969078047e-267,1.7484526979801406e-157,0.00987583238589962,7.230339417927193e-103,3.0730804180771295e-24,2.060298722972375e-06,,3.244880827692895e-19,1.743437946490349e-30,,1.3619695875130186e-135,0.0,2.267201401854134e-153,0.0,0.0,0.0,0.0,8.287549624732253e-56,7.874744840992154e-283,0.0,9.81745890884389e-123,1.414611326002541e-209,0.0,2.7264534126356997e-14,0.00213207959311669,1.538158914706064e-33,5.590839671358144e-25,0.0,1.2787807864127845e-100,2.4925039461911237e-93,2.737941193641403e-131,0.0,,0.0,2.386014475837901e-20,4.596984643206043e-121,5.039192535387125e-42,4.2491117718719383e-131,1.557686023845227e-70,0.01560990366460172,,1.0027117128664813e-138,4.860101019456141e-97,0.0,6.557764046197394e-09
LUN337,2.141778122480231e-281,7.897251765569486e-293,,2.740476799674121e-150,0.0,6.521102496498245e-111,3.9815349690679014e-109,,0.0,,1.1538081273271962e-148,9.378259454577063e-06,3.2214534365112324e-106,2.3889857818215855e-68,,1.4243168760996905e-123,9.774636747388192e-85,8.071043325791752e-35,0.0,6.490544890123391e-33,1.3269384587823582e-05,0.0,0.0002664436485908075,0.14510588841841376,6.2734657195929925e-46,3.169403253915118e-26,0.015211989546882344,0.0,4.8807710220633604e-164,0.00021708718692500442,2.585446821021552e-94,5.203401852371152e-32,0.00037133811295428755,,4.862455889971915e-05,5.1358575666011255e-14,,1.0528291209372742e-214,0.0,7.209164397026065e-155,0.0,0.0,0.0,0.0,5.1324332426403724e-48,6.394048121194604e-276,0.0,1.4892569063809159e-273,9.199310088810605e-166,0.0,0.008860128307299446,0.03628035670803172,0.015463326793826703,3.183558689130269e-26,0.0,1.2538963584306274e-78,1.0628842309323285e-101,4.872163011344459e-185,0.0,,0.0,0.0048168850893241565,6.45841947543375e-179,1.352252866580017e-144,2.516504787357878e-36,4.536883541141444e-37,5.0861544381247626e-08,,8.354607828601237e-144,2.8237051633854296e-89,0.0,0.0908100643965299
LUN338,3.841913561567559e-216,0.0,,1.597091879952881e-145,0.0,6.254638190433863e-106,2.804469527728461e-128,,0.0,0.0,1.190782863897267e-120,0.00010265555550324353,1.108480464206425e-69,1.7566095425969454e-60,,6.198130034230775e-141,1.5097425366318257e-102,6.216155472212171e-28,0.0,1.0358804113974515e-31,0.060592990737759596,0.0,0.01672552013852227,0.0003054466101744636,1.800135216980706e-33,7.13094479822297e-17,9.929530923478605e-07,7.346785902859942e-272,1.5053581059299675e-135,0.019676533654597893,2.4232287438479867e-78,3.240557315046058e-25,2.352072312230656e-08,,3.59028641608907e-12,6.824490701501076e-20,,5.730673011271617e-176,0.0,3.250365947428191e-154,0.0,0.0,0.0,0.0,7.759594844752805e-44,4.452892055464865e-162,0.0,2.029877718915503e-117,2.6016339343279667e-191,0.0,1.249001097637191e-07,0.004291949283529538,4.8693215798475786e-24,3.8220288107826415e-20,0.0,8.834856130881898e-54,1.0270760224126727e-88,1.6261736287305672e-154,0.0,,2.035386993855014e-238,6.636135120232934e-08,9.936255355170603e-182,1.4164339021512897e-95,4.254191655206073e-59,1.166132251574852e-46,0.0031669814676701935,,3.8819171376635517e-107,1.7504005035867917e-88,0.0,0.0003774380515068279
LUN339,4.393822010109043e-235,9.078066701699114e-238,,2.4605506752643224e-110,0.0,8.495778332942297e-107,1.2041571665851703e-73,,0.0,0.0,4.0170544335009296e-87,0.6687142995242454,1.3407683464422587e-96,1.721480189561782e-35,,5.630783984623766e-143,6.451828545869009e-42,1.2411077212587725e-20,0.0,8.889506968127886e-15,8.472335705269614e-12,0.0,0.10196845136724943,0.006028943708113262,1.0247876547416478e-54,1.7806576736621207e-43,0.7424769756101184,3.4564649908124354e-244,1.505794670186021e-120,0.24216170327500477,4.390383635915517e-51,6.949890159644143e-25,7.606516511132182e-25,,3.010499948271101e-08,5.436741798803736e-05,,1.2546115603581527e-235,0.0,5.676873829781291e-130,0.0,0.0,0.0,0.0,5.85915182571785e-35,1.023258383015819e-129,0.0,1.252149075076094e-192,1.5165879830894623e-132,0.0,5.119623902539067e-06,5.837107085092454e-10,1.2058974998851143e-17,4.0653441709083e-16,0.0,9.010729183178264e-26,6.675732907285475e-88,0.0,0.0,,9.020125715319828e-190,3.438764521644052e-11,7.034054400898047e-103,5.565420383797433e-130,3.4257693175881652e-15,6.0232023545871206e-15,2.5202823776135734e-17,,8.147462295567592e-90,3.0674265509501676e-49,0.0,0.013663902796863843
LUN340,3.412627027865458e-33,6.829492899505691e-39,,4.90865525104498e-10,0.0,3.3546058949154244e-25,0.0,,0.0,,0.22983040767364696,1.0867909428465468e-115,1.6827402537900366e-76,7.703026913895276e-39,,1.4776695200651026e-57,0.0,5.321719584338878e-16,0.0,2.0056367061491382e-15,1.8845936277954745e-68,0.0,2.10484598510996e-117,2.101133384985195e-145,0.001601699708459338,2.9548353771986683e-52,8.050952815753349e-104,0.0,5.90959254431415e-35,0.00022736764000243033,2.3784118344609106e-32,2.6888292148056374e-16,1.2763313352179544e-100,,1.1922155330073237e-140,1.0910861838215697e-88,,4.0603665067931246e-21,0.0,7.488155125070584e-232,0.0,0.0,0.0,0.0,0.18507558235210536,1.1287015417705266e-32,0.0,0.0,2.3835101236977234e-13,0.0,1.3806400066601768e-140,8.864581589307534e-95,1.0266749234923282e-165,0.04141650069019438,0.0,1.69239284074346e-34,0.014087264863213043,2.800717966459769e-95,0.0,,0.0,1.3968443413357761e-182,7.137699361494476e-16,5.045626299135604e-22,1.1467233699192426e-27,2.527120831415766e-171,1.4362461082848925e-59,,1.331631643440643e-34,0.0005487561405538589,7.474554754387421e-52,2.0262110235313515e-121
LUN341,6.98683247148782e-260,0.0,,2.3148843649699233e-185,0.0,3.915863068568299e-124,5.258210588503055e-149,,0.0,0.0,8.72972828687603e-152,2.8572814120225442e-08,1.0030765705560238e-147,7.472980490717913e-79,,6.432973575046563e-191,5.915801013887365e-84,2.7247253211234023e-56,0.0,1.9749920363732178e-48,0.01105916739697475,0.0,0.00032624781343530847,1.116702156229497e-06,8.193049768148216e-48,3.14126322234369e-17,1.740827884144441e-11,5.505079744367682e-214,6.778820429628725e-153,8.072007248126884e-05,4.550049767124965e-111,4.447282748779706e-18,1.766960100025062e-05,,8.677051845254755e-15,2.5253536223940366e-32,,2.0224530576034763e-218,0.0,2.949990195294034e-150,0.0,0.0,0.0,0.0,3.041559847835708e-57,0.0,0.0,4.67058916660616e-213,6.443374106406552e-227,0.0,6.285056636706893e-10,0.5368499981697088,7.031182512962964e-22,2.910141725558154e-28,0.0,4.8810714016648107e-95,2.5559178507848503e-117,3.831933355602846e-245,0.0,,0.0,4.703626305142286e-16,1.8527617777369773e-165,7.097782681889762e-76,1.6557652382353836e-105,1.650149197155571e-60,0.06086740828570938,,7.86485767100288e-166,5.402573375412119e-122,0.0,6.9922475558341735e-12
LUN342,2.508658480726732e-239,0.0,,2.4373242676842798e-166,0.0,4.595060666083423e-117,9.628176749554307e-149,,0.0,0.0,4.031873232588716e-131,6.573101926699895e-07,1.3257809340360141e-101,5.71209247103179e-75,,1.8923427351721322e-169,2.970655667472497e-104,1.9997236279027428e-42,0.0,1.58119001906742e-42,0.7583041582676404,0.0,0.004408674550915907,5.344242932021574e-06,2.9522446977186803e-38,3.17970815415071e-12,1.1525302619945857e-08,1.208967387312231e-252,2.0955477785440352e-144,0.004294027505487678,1.4867112058643109e-95,5.136025277276282e-14,0.0002594066332965656,,1.97803588428882e-14,1.5989984847720328e-27,,5.657956413033775e-185,0.0,3.0586457804964687e-156,0.0,0.0,0.0,0.0,1.892291543484863e-52,1.6079588200083573e-284,0.0,3.650329474826329e-150,4.6877927801448764e-212,0.0,6.183714427177385e-09,0.8869565420740724,1.6887728879884147e-26,4.4305906931750325e-24,0.0,3.435181873970673e-87,1.5617350418930072e-101,1.1123415701251748e-200,0.0,,0.0,6.782628077235029e-14,5.680047263200382e-169,1.0048061286131629e-83,1.3011023159567359e-93,7.15325077609355e-59,0.7431833546544497,,1.430013842519679e-146,6.096686435053286e-109,0.0,7.305142594766135e-06
LUN343,9.243140836121436e-263,0.0,,2.702248292849872e-175,0.0,1.5883159178485584e-118,1.641533246737595e-109,,0.0,0.0,1.689181426436733e-163,0.021081504285936338,3.4580157472946123e-112,2.4757726589886706e-60,,1.9395980250372576e-167,2.0638509296766e-69,3.7642551401617966e-34,0.0,9.064268909206739e-35,0.0029816487987082987,0.0,0.18215134316765666,0.08445333642386617,2.2368312201255996e-47,3.83763518420121e-26,6.615400775811299e-05,0.0,4.217704619117536e-166,0.08687729423260894,1.5886079892326604e-87,1.229529776853976e-31,4.6486075548869287e-10,,4.375736532740701e-09,2.8894781569141096e-15,,8.729330168209767e-237,0.0,5.7091145956332175e-164,0.0,0.0,0.0,0.0,3.4501406360179554e-51,1.6332299296613201e-184,0.0,3.5492027346686394e-148,6.323905975619522e-222,0.0,7.892708610353549e-05,6.0352722713124115e-05,2.7314377561669482e-15,8.129165353450622e-22,0.0,3.9390312011794923e-48,5.973453456649419e-110,8.583669513445748e-186,0.0,,8.28361377962634e-207,0.003974940590658964,1.0154122061269957e-165,6.088213042537304e-122,7.916965614568523e-44,3.05527220193846e-36,2.8575864320465625e-06,,1.4650492976466787e-125,2.223701627139364e-92,0.0,0.06105874510255597
LUN344,1.9805445265694563e-222,0.0,,6.373399204904835e-165,0.0,2.4544946341847856e-128,1.6840352754097087e-161,,0.0,0.0,1.1590934369334896e-205,4.088579510633462e-06,1.5073726812887973e-101,4.596466826600596e-80,,6.370385960696918e-144,1.2927824987055637e-100,4.813202964059931e-42,0.0,2.6863105207920083e-46,0.19584533558626488,0.0,0.14190751827528789,5.4664305213848985e-06,1.14137058896918e-37,7.579829424385561e-16,3.8873410055272356e-05,1.977822868181889e-287,4.320428393864769e-168,0.03633859032355884,1.7443777805940935e-97,2.7906465714793422e-21,5.715785584389431e-05,,1.7218781873644187e-13,1.1264463518450159e-24,,1.4519545501110252e-146,0.0,1.1091832497816399e-163,0.0,0.0,0.0,0.0,1.216812935088746e-52,2.028567644324124e-275,0.0,3.396558344179113e-129,1.1827854020887107e-185,0.0,7.230635540950963e-10,0.01408224155381772,2.6270166426733598e-23,7.25661989611141e-23,0.0,2.7419044686392478e-96,4.230385269522711e-97,1.9235260302187097e-171,0.0,,4.384921204635725e-299,9.88190078785019e-15,6.820287278893794e-132,4.489594485603744e-67,6.890217798804109e-119,5.180678122702104e-57,0.005103521036801182,,6.835642984901443e-147,4.164132565149543e-90,0.0,6.004785069651082e-05
LUN345,9.691614455423693e-265,2.092208746821219e-178,,1.7215941234529398e-112,0.0,1.6764237710607273e-106,2.692071198467208e-87,,0.0,,1.0775008719960178e-120,4.1352541576805545e-07,2.4563843355856842e-109,1.9104783347165215e-55,,2.312387989473133e-111,3.184185077361412e-64,1.2304018734186301e-33,0.0,1.3107526068036929e-22,9.145236444383785e-15,0.0,4.1813495377120404e-07,0.3653143697533423,1.6581599141936924e-58,2.6928083310819667e-44,0.5889403543189384,0.0,1.5567582852241844e-147,5.029483821482049e-08,8.531231653715816e-73,1.604909471599746e-36,1.8821900806251655e-17,,0.055061104596609955,1.0488809703977437e-11,,2.9483209625539285e-208,0.0,1.0944142672506476e-129,0.0,0.0,0.0,0.0,5.567771745252076e-42,2.4511023202756065e-224,0.0,0.0,2.712480833564563e-122,0.0,0.3040818175327093,1.665184901536115e-05,0.014258440560194227,2.490605344765931e-25,0.0,3.370905139607056e-65,8.677226536396567e-88,7.923165307121168e-274,0.0,,0.0,0.07491692381868328,1.5802632813501286e-119,8.930789873715534e-159,4.0628571567251115e-35,1.5475176017293747e-25,7.385115332114156e-20,,3.393886493856206e-119,2.6694649924469252e-52,0.0,0.862401352906027
LUN346,1.7524491670899002e-276,4.975343668870607e-241,,1.916317285201859e-137,0.0,1.9295473645066e-110,2.0308401267096676e-117,,0.0,,5.579681924923299e-132,4.472188709603939e-09,1.6224753958138859e-114,1.6955476013807423e-73,,5.82770433664035e-112,2.4373127636276725e-95,1.173357300659787e-37,0.0,1.550635055022609e-36,3.4043357432387457e-07,0.0,2.864189622300288e-07,0.0021079466217976484,1.7911985143200406e-43,1.5606362186405464e-26,0.00019655491312257271,0.0,2.020788003936887e-149,1.1274957637268778e-07,2.3191958464759625e-98,1.1401151641274867e-26,0.001384874271002941,,3.2454908220945925e-06,3.025614992569466e-20,,1.2037461592778342e-197,0.0,1.2682551921447487e-148,0.0,0.0,0.0,0.0,7.405225485654523e-47,8.233914394512e-310,0.0,0.0,2.97382061791799e-149,0.0,0.0010611070657565087,0.09564267016685532,6.796484703852831e-05,9.770295552635622e-29,0.0,2.882603961140501e-112,1.1620814088265633e-96,3.111188258852349e-223,0.0,,0.0,4.957447182733225e-07,1.3985632133801103e-186,2.987667694183392e-132,1.4751413321991264e-54,6.549170160793414e-45,3.128650827203145e-08,,2.9403645346758405e-153,2.6411295686029264e-91,0.0,0.004104596387624965
LUN347,3.588094129062819e-239,0.0,,1.0278535890278362e-199,0.0,4.5992046084977717e-172,2.6541980190665493e-213,,0.0,0.0,3.465720426724546e-152,1.143672963245489e-20,1.0714038015473535e-95,1.6387217745662349e-108,,3.885714141252661e-196,8.63983993636666e-176,4.4994389934945034e-55,0.0,2.349018561901002e-68,8.698732860448546e-05,0.0,2.706678926460612e-10,1.6191011844853714e-20,8.390731881267094e-36,2.682353524026096e-10,6.377948389416486e-19,6.946162332608356e-309,4.712092337709513e-165,1.0415406063917802e-08,3.4259801051562364e-119,3.3989405239200955e-35,1.7101717486609057e-17,,2.4462069408450597e-33,1.0727102039606112e-47,,1.3638414479881697e-170,0.0,1.611631780805898e-183,0.0,0.0,0.0,0.0,2.7380036002776774e-77,3.036433556197539e-289,0.0,2.598806516741031e-166,0.0,0.0,4.011107233042195e-26,0.0013806093585477287,4.872565078087581e-65,2.4938764035088625e-39,0.0,1.7645636207518744e-112,4.723035151201054e-111,3.588709293499356e-113,0.0,,0.0,2.29881385478746e-38,1.9662574442009547e-251,1.17189806931293e-102,5.355029569164652e-163,2.116637834742933e-96,0.010910398406206865,,7.177318239445138e-159,5.990913451669429e-150,0.0,1.912320002251629e-15
LUN348,0.0,3.1830916167170066e-160,,5.357862410853764e-132,0.0,1.7751573406433864e-197,5.2077732418517994e-74,,0.0,,6.84404448237686e-142,1.0051828385150857e-22,2.6573629832428577e-168,2.2901823660386083e-83,,6.374499592607312e-156,8.98401533810867e-68,2.8233288559611833e-58,0.0,1.4402739179881858e-37,1.1072902204210978e-42,0.0,4.589875573630469e-22,7.252742576409063e-06,7.517580304748677e-105,3.1734015321899168e-83,0.07161765440155647,0.0,7.382947072242044e-208,2.8550015250225843e-25,5.113876390908676e-90,1.0149341776889337e-94,2.3904812882337787e-44,,0.002071946106879171,1.6400286967413598e-21,,1.7493225534992994e-305,0.0,2.239236887038884e-155,0.0,0.0,0.0,0.0,1.9043520317328018e-69,9.421250160610881e-271,0.0,0.0,8.081109773026255e-177,0.0,0.0008275314472700973,1.2261217682157612e-14,5.150609147209393e-18,1.50578198190661e-51,1.0097951901568946e-114,1.1950597004829303e-75,5.323643540941001e-120,0.0,0.0,,0.0,6.493469333372354e-09,3.938862366339067e-183,0.0,3.0438172141167585e-100,9.886975534385395e-26,5.046979428166282e-47,,9.911307143969356e-155,4.2479762956032254e-57,0.0,0.13570278953393938
LUN349,6.303239190956595e-248,6.65897057524984e-291,,2.8281891068444834e-131,0.0,3.720379783499044e-108,1.0730528045586805e-90,,0.0,0.0,4.1289697259638254e-112,0.8226900923343696,1.6575061983505637e-88,1.5823702003293255e-47,,1.1711359203114327e-143,4.431266946700008e-58,2.1838150623278814e-24,0.0,3.134282803966946e-22,8.028448640536744e-06,0.0,0.6031543641219519,0.3631542200679109,6.892130237118729e-47,1.81344242727507e-32,0.08092213888630764,9.595648894567935e-268,9.490972543584271e-138,0.46962848576325,2.7429112479246055e-66,7.280730837288104e-20,2.5832330023819034e-13,,3.507357703486851e-06,2.8318473173457866e-09,,7.340547935875617e-216,0.0,6.6709091882520535e-146,0.0,0.0,0.0,0.0,7.623248420567227e-38,7.578590600888948e-162,0.0,7.52014442966149e-192,2.0498299880939692e-151,0.0,0.004966912837024791,3.812668884024149e-05,3.7688012859953806e-13,3.0070136448435355e-17,0.0,3.860490296054782e-41,6.482705894916849e-94,6.218708614530093e-273,0.0,,7.97994654374922e-204,0.002977151764594629,3.268567884040585e-141,1.977913647832872e-130,8.163672953418048e-29,1.637455212688272e-24,8.382349415139605e-10,,2.787733797274432e-109,4.308450909188955e-67,0.0,0.26537949348896755
LUN350,2.357052685272712e-266,3.147242302794774e-235,,3.8464269564497025e-124,0.0,2.445064585680506e-123,1.644557649208664e-81,,0.0,,1.8806214943545755e-129,0.21844779878690115,1.8862233812318175e-96,7.832257825334025e-48,,3.0596364266092785e-142,2.2331675785803585e-48,3.9699304060064274e-26,0.0,2.3812070640958795e-19,1.7183639186352972e-12,0.0,0.038270174390039886,0.1793420364493659,4.0041178418021605e-60,9.83713194496918e-46,0.7814237024447768,0.0,3.7910642474042216e-153,0.015321313762798144,6.535495919951705e-61,1.3427381468774593e-24,3.113833520820552e-21,,0.0001528608746650092,9.925815564993143e-06,,5.20241224155368e-230,0.0,9.158203946804657e-146,0.0,0.0,0.0,0.0,1.4196920674257704e-39,5.617132420418766e-166,0.0,4.6659844550638546e-225,6.525857417244116e-139,0.0,0.008355026221806033,2.907327129821142e-07,1.013857004176888e-09,1.7982355770230672e-19,0.0,3.3153699344806407e-38,4.918601823275049e-95,0.0,0.0,,8.389120590989359e-216,0.00013780687421379787,1.4928370502929735e-118,9.506531111880417e-177,1.234699120411901e-19,1.9048118180989674e-16,7.793738010041286e-18,,5.443406765803408e-111,4.42531339162463e-51,0.0,0.22962848866640945
LUN351,6.888878596692009e-160,4.790395093362541e-229,,2.399882856604222e-101,0.0,3.113389704332018e-70,3.117779237542994e-144,,0.0,0.0,5.67429206757493e-73,1.0733953014202635e-11,2.8744519666905004e-59,8.130414676353063e-53,,1.5315367777303988e-113,6.394768482583988e-127,4.74633251259852e-25,0.0,6.268669605772476e-23,0.012541808321936446,0.0,6.575373631195392e-09,2.1218705923954444e-11,1.3585463249886636e-25,6.740519182383239e-09,1.14658815827423e-10,2.2483514872106505e-220,7.617636225835846e-88,0.00016699509424078404,9.577712726867411e-67,1.2919763228428232e-08,3.439998359181765e-06,,4.600340358476217e-18,3.9827058633075007e-25,,7.225499398538042e-125,0.0,1.8321231214642656e-122,0.0,0.0,0.0,0.0,1.1387445729169949e-32,4.3950521700582565e-208,0.0,2.122396117177074e-116,3.484772918328449e-129,0.0,2.0879342983840156e-14,0.033947398628977304,1.2256782045265901e-33,7.402942860916754e-17,0.0,9.629367527961353e-75,7.685779460866469e-63,2.7004580537156316e-168,0.0,,0.0,3.401193062590655e-21,6.125122246690531e-129,7.751073393105825e-51,4.8132942644410015e-57,1.037484044361085e-59,0.10660028737276275,,2.696132704947342e-93,1.3927636780756946e-75,0.0,1.3705860525258658e-09
LUN352,5.56133447092727e-234,0.0,,2.1498232659921957e-157,0.0,2.729000204844413e-99,5.755357063699859e-125,,0.0,0.0,2.210862351732272e-152,0.004417047663414424,4.6622371549645537e-113,1.2365651008711927e-60,,7.759290604558632e-155,1.848214020617719e-72,2.963256382712169e-39,0.0,1.6591567308551708e-32,0.17325292344389914,0.0,0.3134968160064596,0.0747113123530999,1.903004111686143e-42,5.014479607719079e-18,0.00011492512728649166,1.5184779271062732e-288,2.0793674648749485e-147,0.15718021526860668,5.4193824083852e-87,4.380284963314098e-16,2.7331471203254075e-05,,7.807517969711495e-08,8.220081184014436e-18,,2.0972783323811196e-198,0.0,1.305908064140414e-143,0.0,0.0,0.0,0.0,4.414606997480247e-46,1.5150064823851794e-252,0.0,4.6723756328099074e-150,1.2363925625590834e-186,0.0,0.0005724913480736494,0.25357235982809684,9.517906833550885e-12,1.7057607482705454e-19,0.0,4.916789690136834e-66,1.4393154699132446e-98,1.0736822168933465e-203,0.0,,5.835095747101001e-280,0.0003127047153933396,1.5455586434131583e-123,1.0289386246388588e-73,2.321430617252301e-57,1.824542400819933e-42,0.012972037657733849,,3.022244765121515e-132,5.627075527905571e-86,0.0,0.002214101860429601
LUN353,2.1763709012866834e-217,4.082918575793622e-269,,6.364716177391767e-129,0.0,2.464116030392255e-93,9.364089489628478e-126,,0.0,0.0,5.304922428810577e-132,3.09180851713387e-05,7.510909904743677e-76,6.136816460785178e-60,,1.782227669347223e-106,6.422939612664619e-100,7.042579647043567e-27,0.0,1.2133282876690487e-27,0.01911075416990553,0.0,0.003721801211809871,0.006457739791880199,4.24262050704792e-34,6.2441803137962594e-18,0.0028217068470757635,0.0,4.5200698371895476e-138,0.028161696020323052,4.996978417346756e-81,3.670657947774697e-19,0.0022104785233855377,,2.0079059734979227e-07,5.839772290820566e-15,,6.762719572784022e-161,0.0,1.1850179760054947e-141,0.0,0.0,0.0,0.0,1.018819306007987e-39,1.3653754512904335e-226,0.0,1.8867064300840195e-166,4.460152222410584e-144,0.0,0.0001385242019916793,0.13789736336795322,3.6023589609546357e-07,9.883877918718935e-20,0.0,2.072368055439959e-71,1.6615650472708017e-81,1.5135629738223168e-144,0.0,,2.625352284761304e-305,3.9868361004053635e-05,1.8057725145095078e-146,7.359806356462211e-87,2.1248359214073154e-37,1.2578492365557546e-42,0.0001797298997628804,,1.320041219654833e-116,6.949197822451565e-76,0.0,0.0064407408823101185
LUN354,1.7222212903973201e-186,0.0,,2.1503263386789344e-135,0.0,1.5305788551826178e-89,3.4814992647789685e-140,,0.0,0.0,2.8434777196082013e-106,4.051890769959221e-07,1.454879391278405e-79,3.8976107669329233e-57,,1.8993600793762825e-133,1.6756415252500985e-96,1.0605972724826763e-29,0.0,4.6424146236039746e-30,0.16715107394350814,0.0,0.0008165757243372385,2.759237780343759e-06,1.5609505861518326e-30,5.034368323723923e-12,3.252247377222665e-08,2.9671461656985265e-236,2.011179195356161e-114,0.009505821895465788,2.4623381938366967e-82,8.001694189428738e-19,2.820562293130825e-07,,5.0391461816997525e-14,7.312167442823641e-24,,2.113559007903104e-159,0.0,3.187829123081146e-131,0.0,0.0,0.0,0.0,1.6352046607553804e-41,2.036853593221399e-190,0.0,1.2778857427674736e-116,1.9988823998072474e-189,0.0,4.613508527759533e-09,0.021594602157957988,1.3330164269479567e-22,4.280797228347539e-20,0.0,5.1498160290827525e-59,1.6762479552124448e-81,2.939300314656195e-135,0.0,,5.862524403583982e-293,2.3356824100193314e-11,1.9777175449070874e-147,1.2911997856220396e-51,1.4645753215973013e-56,2.3489983536832946e-55,0.0564719277107302,,7.547276509773815e-102,1.821827809082527e-90,0.0,2.993021900166448e-07
LUN355,2.559349967631186e-251,1.9710445548322453e-209,,1.9436883530853604e-101,0.0,2.502922758569247e-123,1.4439398553933063e-67,,0.0,0.0,5.193521844976379e-65,0.004926252300524504,9.336735916952888e-98,7.923194193722369e-36,,6.223985253273915e-153,2.3537685617731807e-59,4.1184075298281967e-20,0.0,5.637145570055833e-13,2.905186184374825e-16,0.0,0.0002602942179535092,1.0860523877433612e-05,4.0812458432882775e-58,8.725276079434012e-45,0.14222141217540793,2.0497923008289493e-290,1.307790423686543e-112,0.0015264979366679963,1.870272489419517e-43,5.097396399932764e-34,2.8520588678944172e-28,,1.563421152469868e-11,8.854227325623358e-05,,1.996544084130167e-250,0.0,2.2299366356439592e-138,0.0,0.0,0.0,0.0,4.147281569332072e-36,2.0990206888297695e-138,0.0,2.167605642972021e-189,1.3379606255978669e-139,0.0,3.3505231959064056e-10,7.952247853738948e-13,1.4473075467339904e-21,6.0082429983370634e-18,1.0388079882727116e-223,3.610290023924493e-24,2.507002335733232e-87,0.0,0.0,,3.2348863370115705e-206,8.969017328498422e-20,9.758065594699864e-118,3.387696226698044e-185,1.0729284838418042e-16,2.6486936713448304e-13,1.1600725516113467e-20,,9.066873368062371e-88,1.2965460439741447e-50,0.0,0.00011183703548824417
LUN356,3.841128306022845e-240,0.0,,2.4478829271317333e-178,0.0,8.195096435121624e-125,1.3962293741578332e-133,,0.0,0.0,1.8279793833475375e-173,7.678426757713339e-05,2.828624561551745e-96,2.0951463507542776e-68,,7.922367327015376e-155,2.6709686412047587e-84,8.731542933367068e-36,0.0,4.432162406374939e-42,0.02360515142941978,0.0,0.05074831340155645,0.0005749622722216199,7.13287986664145e-40,6.989154235787449e-21,1.1820179655840283e-07,6.800697912848079e-295,1.033355937131968e-163,0.018651743143745302,9.644682324934817e-98,1.4876024169235264e-33,5.974443897626447e-08,,2.2454808859452453e-12,8.290375548927566e-23,,9.292651460215791e-203,0.0,4.239066905520792e-162,0.0,0.0,0.0,0.0,5.735243300191612e-54,7.524133710240022e-186,0.0,3.0389493775607357e-145,7.68779254438188e-232,0.0,1.7415611789993276e-08,6.600439250783055e-05,8.27045025218574e-20,1.3983032344264159e-24,0.0,2.4268562369664073e-58,3.997940604749811e-106,1.7759887168834188e-137,0.0,,3.6522148396801737e-227,8.659513132586675e-07,2.3952587041693917e-184,6.075398594268857e-92,7.483109770138278e-71,5.40183800557694e-50,7.673009486454788e-05,,1.8849526339329549e-124,3.781042617751729e-104,0.0,0.0009761633477597431
LUN357,0.0,3.8112128470510795e-186,,1.3904883114861663e-126,0.0,4.954245716207472e-120,1.0662882968253278e-88,,0.0,,2.9712352787944718e-120,6.4622192188805035e-15,4.052023773792469e-134,1.7761352787876497e-68,,1.0432836752258915e-121,6.153800224493167e-86,2.5658032087387888e-45,0.0,1.4220328514075962e-29,1.1951386600537158e-20,0.0,1.676030503980026e-14,0.040019257938354154,1.936460048888104e-67,1.6576239795667505e-45,0.21171188827277032,0.0,1.6486011106967282e-165,7.730372396419057e-15,1.6630845437085766e-85,3.8577201212850146e-56,6.667424316409207e-16,,0.08575548462706412,3.3527844230712305e-16,,4.2342504582923823e-249,0.0,6.3236578853776424e-145,0.0,0.0,0.0,0.0,2.4475087503625957e-51,6.223716108981691e-303,0.0,0.0,8.558834139003212e-144,0.0,0.442423490046838,2.1914101964378724e-06,0.1605991587871566,8.588592181761192e-35,1.397329431311882e-235,5.3783052009148155e-83,2.7116103725321277e-101,6.88097599863058e-278,0.0,,0.0,0.11350571637169998,8.340489853915404e-160,6.137775975634721e-234,2.10415791714668e-62,2.1511872006487362e-30,4.4514905362883404e-23,,3.385936686663385e-144,4.720485419871912e-69,0.0,0.596543626569336
LUN358,5.089652770210148e-271,0.0,,8.508941304840563e-183,0.0,1.2358393864788303e-142,7.941865089411438e-141,,0.0,,1.9823705316556478e-210,0.00013091113301862923,2.059904904660691e-105,5.332335181112193e-83,,5.755012450949169e-145,4.803580299595556e-87,9.392952874180232e-41,0.0,4.420303454800927e-49,0.027628446909376665,0.0,0.14222455595936925,0.0003935812760519105,3.4312819838879457e-41,1.4423507542812182e-22,4.991665082769677e-06,0.0,4.9604913387054064e-191,0.06376041463684541,2.405319434491489e-110,5.062225064205118e-26,0.0008046043463279417,,1.7020089888025602e-10,5.189103858300786e-22,,5.299403009648821e-187,0.0,6.000078667924763e-176,0.0,0.0,0.0,0.0,1.0792237380818071e-56,1.0457396147055282e-270,0.0,2.3348742687851673e-207,1.4491425189387965e-199,0.0,1.4251985146262186e-08,0.0013248328641497639,2.2316005559621597e-12,5.0418363512873565e-27,0.0,4.353016495482188e-90,2.463400113309581e-112,1.7346585696986618e-161,0.0,,3.667178252733489e-266,7.666118301535269e-11,2.9227107672641126e-192,2.8269289799190026e-113,5.411283178249533e-88,8.757842786354878e-51,3.681998173259825e-05,,8.329606546396803e-160,1.9968173663179555e-106,0.0,0.0014982185636387086
LUN359,8.997998406051556e-238,2.4373518343924146e-308,,1.404906555350251e-154,0.0,4.564001742338959e-112,7.785874083318669e-148,,0.0,0.0,4.510896873678987e-126,1.5578603718963718e-09,8.300363557574972e-115,3.937415939670207e-76,,2.1626843045513876e-163,2.471334879449077e-96,8.843744566405534e-46,0.0,2.243136413007224e-42,0.008225870339263914,0.0,2.6300477782557367e-06,5.249564852174271e-08,2.519525672410711e-43,1.8000025852007512e-16,2.610579451351346e-10,2.5024113346801164e-187,3.9998806067400624e-134,2.5076898328931993e-06,1.3375121762508368e-95,4.393064870060673e-14,0.0013088228942481211,,3.4685889502552722e-15,8.274179218025866e-31,,1.2578259307964225e-182,0.0,4.921224709357404e-145,0.0,0.0,0.0,0.0,8.547122929811636e-50,0.0,0.0,7.288215936964328e-226,5.606031484634632e-176,0.0,1.441190828359655e-10,0.490747241706454,2.816583267402477e-28,2.8011755155186676e-25,0.0,9.552746142944921e-107,1.3144297041554838e-99,3.5247984799945587e-279,0.0,,0.0,9.472506397716388e-19,2.384446859521371e-155,7.178333667836494e-79,4.076492248944461e-111,1.0766412757175183e-59,0.015220055392743214,,5.586788518080434e-154,1.2505572106114083e-103,0.0,3.585848984122251e-09
LUN360,1.487174593016275e-218,3.878367722800173e-306,,5.4867229923213157e-135,0.0,2.3095888174673927e-94,2.7332568937790818e-108,,0.0,0.0,1.323210637160229e-142,0.13384775510854674,2.752680567309033e-81,5.436784827026601e-51,,6.366138010780303e-120,2.2218052726749312e-67,2.700124452172001e-25,0.0,5.097382181836767e-25,0.006919287995612046,0.0,0.5019401896379256,0.34563994939428805,7.73528133674675e-40,6.891357711039907e-25,0.013300001877356488,0.0,2.2851385895717024e-141,0.37882042753719736,3.11170692825583e-76,1.1112365184126558e-21,1.4939917954030764e-07,,6.02905735709322e-06,3.794469556967979e-12,,1.0270171508346817e-180,0.0,5.495902429831263e-138,0.0,0.0,0.0,0.0,2.8320797546726196e-39,1.0675791854312826e-174,0.0,2.8096251573296e-155,3.4237931005113364e-148,0.0,0.005567125809766669,0.003848144442554275,8.367019142726285e-09,1.99787471847443e-17,0.0,1.6970701004450785e-48,1.9711354390130965e-86,1.0412051634048944e-170,0.0,,3.8923757022282436e-236,0.021063963832729207,2.073264761004474e-127,2.220558728614782e-83,3.701421586892639e-33,1.6068352317273905e-33,1.267474923395426e-06,,8.020138326452809e-106,1.1943089240147406e-69,0.0,0.14120984791303484
LUN361,7.194698090288877e-141,3.303708213977364e-287,0.0,3.43396494117497e-107,0.0,1.0201319294874279e-71,7.465227170739626e-173,,0.0,0.0,3.4416610029851e-92,3.279172282192444e-13,1.6744487931829416e-39,2.9017494203987032e-52,,2.2496339155667652e-110,6.657290626771295e-163,2.1044589345129433e-20,0.0,6.517664413713302e-21,0.01184655225104074,0.0,1.2163016584466048e-08,7.866489128408899e-15,2.269870854777663e-21,1.392032890732602e-07,7.034443882752156e-12,6.937119324093378e-301,3.3194900346416412e-96,0.19426848205541933,2.90794531549357e-60,2.2192463285098322e-14,2.3208898806529784e-11,,2.4044378626142706e-22,3.0080366969448646e-23,,4.4331072384372626e-110,0.0,5.331313348688342e-142,0.0,0.0,0.0,0.0,9.955532681855738e-33,7.874056594645479e-142,0.0,1.9105028721383505e-101,2.9315345844312108e-164,0.0,7.394374874559525e-16,8.59941597100129e-06,4.36927104771076e-38,4.434569433263164e-13,0.0,3.143929911965357e-50,3.841149135563574e-57,9.282021117180331e-92,0.0,,0.0,4.131851862427364e-20,2.73707553204273e-105,4.6809137555932027e-35,2.9707882795090257e-46,1.8508156518357757e-63,0.04279552629783292,,2.4665492431794207e-75,1.5956410185712197e-62,0.0,5.554163805125088e-13
LUN362,3.0033189147745898e-208,0.0,0.0,1.963767761145131e-141,0.0,2.913203069722964e-107,4.5978469580049723e-144,,0.0,0.0,3.704835184009284e-158,0.00020444958976111673,4.811141809122479e-68,9.216243223477571e-67,,3.0129836263315385e-131,2.69743568778142e-117,1.7117881451285652e-30,0.0,4.293139079065337e-33,0.3502573135743583,0.0,0.14619355376455212,0.00019227436481023772,1.0201063884484755e-33,4.0776417140240736e-15,0.0003998277709690436,0.0,6.073555993962504e-150,0.20841034774739475,3.7074762282487486e-77,1.1398901247731293e-14,1.7165637567746515e-05,,2.3896569219847798e-11,6.767239419293206e-18,,6.289484935738366e-141,0.0,5.826985860965344e-164,0.0,0.0,0.0,0.0,2.5226627441182045e-43,1.9944849854634926e-212,0.0,1.1582313411703921e-102,6.888647746159039e-163,0.0,2.546792457017682e-07,0.02265783740480781,1.646489754109011e-20,8.536023194027006e-18,0.0,4.123027043742544e-71,2.290593138901529e-84,8.052858939685323e-159,0.0,,1.400574768369889e-276,1.3888297859435112e-09,1.0251529504518563e-133,6.830790934321584e-85,2.4257903594922085e-75,8.076383988645852e-47,0.009002620433780117,,4.319749457510026e-121,7.257456672184525e-75,0.0,0.00034658428317853584
LUN363,3.8145966882370184e-197,0.0,0.0,6.297598788808948e-131,0.0,2.259605110895938e-80,2.9425182252520578e-136,,0.0,0.0,6.429832104422658e-94,2.502852001543315e-07,6.17280518255161e-70,1.731864018108246e-52,,8.293880429733973e-158,2.746238676993529e-125,1.605191733660742e-29,0.0,3.615697394395191e-24,0.20641175047652172,0.0,0.00010110517932868796,8.446734895886632e-07,7.702371323809604e-34,1.6132527113735157e-10,4.2965588789451916e-08,3.497312699293189e-307,4.924245736817037e-114,0.03262628237197314,1.1336015389725206e-63,1.0805056570104262e-11,1.8737923117727446e-08,,7.196616105082019e-15,1.4533994588309852e-18,,8.165354944344469e-168,0.0,4.977231136348367e-149,0.0,0.0,0.0,0.0,1.1903146186392248e-39,7.853699402919504e-202,0.0,1.5735000191480694e-101,5.275006029550349e-187,0.0,1.2668155211827832e-08,0.00684434252569388,1.5300104580554004e-28,3.1831594696825974e-15,0.0,3.120763468239915e-52,3.240086146408264e-78,1.7824934796430714e-176,0.0,,8.949122212907458e-306,6.9031909768427746e-12,2.2429412004468993e-115,1.8374300625627485e-73,1.0649379669371462e-45,3.611770770487391e-49,0.10532841934465301,,2.833521691317869e-102,2.056615951008792e-76,0.0,6.626881831502273e-06
LUN364,3.397297373186755e-205,0.0,0.0,7.997376935447692e-155,0.0,1.7103969526964904e-115,5.130906148615345e-177,,0.0,0.0,7.164063288364885e-128,1.4632409403747286e-12,1.776293900009461e-77,1.8340958751172905e-78,,6.956279032895681e-150,6.78874963251568e-151,6.76501535543948e-39,0.0,6.211448914539908e-42,0.24050723967379914,0.0,5.911126734013277e-06,1.49645054990481e-12,9.760543430293978e-31,2.3696054080750758e-07,1.0716087171046925e-10,0.0,4.344010290083973e-135,0.003129229512110058,1.5415704265981822e-90,5.755097657931925e-16,1.0410423834931248e-06,,4.516464812177416e-22,3.0781886351611226e-29,,5.888815704776276e-155,0.0,3.231150981714154e-159,0.0,0.0,0.0,0.0,1.368693066594829e-52,3.018369163978958e-277,0.0,2.516629871458095e-121,4.066621597404504e-219,0.0,7.062071854410862e-16,0.08926129462199386,4.334269708790947e-39,3.411265363365233e-24,0.0,5.2342273408981714e-92,2.716586938195646e-88,1.3204516959657992e-127,0.0,,0.0,1.759658277215986e-22,4.193818698915766e-158,5.596468287536696e-64,5.495050218562829e-91,4.94077342749996e-71,0.737393209292373,,2.255988730705423e-132,3.538389776186713e-105,0.0,4.785088336914728e-10
LUN365,7.467217181996307e-175,0.0,0.0,6.018776230481982e-135,0.0,2.6022017840954055e-91,1.1748529145540704e-165,,0.0,0.0,1.58522136223377e-98,8.423946330888272e-12,1.3288490490977305e-70,2.5599577961918987e-61,,6.187033344497868e-158,3.02775396678724e-128,2.1283025769021614e-34,0.0,1.2341238432295633e-31,0.09131568686156141,0.0,1.4315494745933551e-06,4.722084871793677e-11,2.68952870170715e-30,4.881567128239699e-07,8.435399631389371e-12,2.9288709576542635e-236,5.618984101186914e-107,0.001590057454529693,7.513449582777695e-77,7.690793940691944e-13,1.4700875035874584e-09,,2.939717792229507e-20,1.2240364403052588e-29,,4.335455515253803e-141,0.0,9.682867625647148e-139,0.0,0.0,0.0,0.0,3.458567179559238e-43,3.95162684234221e-203,0.0,2.8478396567786334e-104,3.231850441632485e-210,0.0,2.0912290266577734e-13,0.006263957764876586,1.5057723342685194e-40,1.2258478930633027e-19,0.0,8.010904081009665e-64,1.7733887882436087e-76,2.8580180342810434e-136,0.0,,0.0,3.3235603072828973e-18,5.838983380923352e-126,7.8167755454233e-47,2.5242905037564084e-77,2.405994857968803e-68,0.47578970117645325,,5.579084647835345e-101,9.953688607082385e-89,0.0,7.492976754743096e-10
LUN367,3.06052396372553e-230,2.8972070981868104e-306,,2.396578552318972e-138,0.0,1.3387228717094696e-101,6.282828827242032e-140,,0.0,0.0,1.9937427615939402e-119,2.66632537488271e-10,3.0663239199548022e-71,1.0505505152929418e-69,,7.011743610906032e-115,3.076569620698787e-133,8.015249184257554e-29,0.0,2.0383861493897583e-34,0.00759665100760596,0.0,5.443499708492587e-07,2.2844682803712623e-08,1.90662885570799e-29,6.856405675450447e-13,7.276870534992713e-08,0.0,3.1279339370759294e-134,0.00024591567441547283,7.797219055779564e-89,4.556839042785526e-27,0.0005635393458246375,,1.042787754278593e-14,2.4073809107663172e-20,,8.81774585827976e-173,0.0,1.6091109157088637e-153,0.0,0.0,0.0,0.0,1.3981539613872982e-45,1.901861454212486e-248,0.0,5.554990355363447e-168,2.615351086084547e-181,0.0,4.559314723912751e-11,0.13648359620963924,1.420314882521461e-16,8.315527496567892e-25,0.0,8.220565971053115e-83,1.7108208097133233e-86,2.1161178271778996e-124,0.0,,0.0,1.181970464257873e-14,7.273918080517971e-208,2.5275536049345624e-107,7.388606797259709e-41,1.0794513531551367e-53,0.014239677674837796,,6.188027879176143e-125,9.468156736121955e-101,0.0,5.312515999747192e-08
LUN368,1.9033596395121778e-209,0.0,,9.119965996211128e-158,0.0,1.643563116754418e-119,4.213291058650464e-169,,0.0,0.0,8.127200055239502e-138,4.756276777101855e-09,1.8695330668644675e-82,4.876078287496299e-77,,8.226852644533699e-152,9.381547678625768e-129,1.0914120892979312e-38,0.0,4.0195865325730734e-43,0.8626772445030246,0.0,0.0016928927849303083,5.849507781116727e-09,1.0521773989832843e-31,1.2361255757208759e-08,7.144732324806242e-09,5.314163711779972e-271,1.569589663341078e-140,0.011790682640846787,2.208838314961725e-92,7.473202979495266e-16,9.699841644938286e-06,,4.2234729640395114e-18,5.139412845006261e-29,,3.1159889865078373e-149,0.0,4.703269265409089e-157,0.0,0.0,0.0,0.0,6.310618085696656e-52,7.945376717164765e-260,0.0,9.761232613600254e-118,4.867962935274406e-209,0.0,2.058537521167214e-12,0.3543181587409787,4.699984781379965e-35,2.2858273199256058e-23,0.0,3.643345752131273e-89,1.4974124249084178e-90,5.822969538292503e-146,0.0,,0.0,7.863668360320523e-18,1.0584194037261262e-158,8.868964495954617e-65,6.563459900983602e-106,8.035483195418013e-67,0.939920082700236,,6.621311910923109e-134,6.372262339485147e-102,0.0,5.81293163131733e-07
LUN369,1.372666269916315e-185,0.0,,1.2652586327315926e-140,0.0,5.999010609434613e-113,1.9250651635716246e-179,,0.0,0.0,1.493044477035463e-111,3.408642711664687e-13,2.0579029358206432e-72,1.005138162613813e-76,,9.623981729591898e-142,3.906771537826064e-146,7.981700364265402e-36,0.0,4.40080784693802e-41,0.13857557993358577,0.0,3.513308831566087e-07,2.094570865924296e-13,1.260960001938885e-27,1.666866574802179e-06,5.921991512982916e-12,7.997063098800868e-240,1.6356428525502003e-121,0.00011450761232271709,2.0444919288989197e-88,9.021819870598573e-16,1.7996895957267678e-07,,1.626115959771087e-22,1.7809771104145014e-33,,4.826861449834191e-128,0.0,3.316853329875575e-147,0.0,0.0,0.0,0.0,4.827504462944895e-49,5.586442984073113e-245,0.0,6.6608377989263426e-108,8.512758806652288e-193,0.0,1.2855492177399784e-16,0.3077487113575103,1.2267786654194338e-46,4.0952223227059546e-24,0.0,5.305575766769035e-94,7.350494010509396e-80,1.0352782929955434e-136,0.0,,0.0,1.992770133774538e-24,2.796677128846192e-166,9.585086208910885e-60,4.807202799380197e-112,1.947880771243484e-75,0.9718306466916212,,7.780084576491827e-122,7.517343362933536e-101,0.0,3.032104395149168e-10
LUN370,1.4121514128603018e-129,1.4047826374210564e-194,0.0,3.549274993064269e-84,0.0,6.32735661792613e-50,2.2719142112194209e-153,,0.0,0.0,2.1731450073561542e-82,1.7135802006207824e-11,5.050693744007394e-38,3.677926311343519e-37,,5.1081776865173645e-110,5.13467123057652e-146,5.670070357743111e-18,0.0,3.198569635862995e-11,0.00043567175951048076,0.0,1.7874943203894218e-09,2.680962359118904e-13,1.0970110214390034e-24,4.280477022550058e-11,9.447006669327034e-10,1.7004996460409532e-275,2.2069199014668633e-84,0.4284096605380375,7.762938258941368e-43,4.9055992598193306e-05,7.936368324081526e-13,,3.9815748747994e-20,7.611568265318153e-18,,1.132918464822464e-98,0.0,6.217919711160095e-133,0.0,0.0,0.0,0.0,1.327595048137674e-23,8.013715413493307e-150,0.0,3.523108594353128e-71,3.0819014677698926e-108,0.0,1.9960441102323208e-14,2.0480735457030402e-08,1.696188437465086e-35,2.54336140390447e-07,0.0,2.985908737226935e-44,9.156881740525979e-47,3.4537151148027137e-152,0.0,,0.0,4.286156022447209e-20,6.533712882969684e-51,8.341102394377968e-23,2.5576591414215755e-33,1.3376380270772123e-51,3.0025094976090504e-05,,1.81348049414234e-67,1.7930699724479513e-38,0.0,7.907333596395324e-10
LUN373,5.30870153142655e-107,6.233966177814522e-191,0.0,1.0545690554585505e-73,0.0,3.814524644669789e-43,1.5042443589767725e-157,,0.0,0.0,7.308456780902364e-72,3.9065844249744184e-13,3.483230645582932e-28,1.6899786359478722e-32,,3.3632043250465794e-83,1.0356917736228643e-142,2.8262843386740215e-11,0.0,3.355234900632622e-08,1.557806771428681e-05,0.0,2.3950357916461335e-11,1.5112913527241764e-16,3.771889003641138e-20,2.8242829955697886e-13,8.454451048892027e-12,5.242282628176813e-271,1.0913472733815163e-74,0.880433846475071,1.1384123245910648e-42,5.508533427389823e-06,8.146341050652466e-16,,4.0934055360638233e-22,1.3935276706857784e-18,,2.995279369706241e-88,0.0,2.3660022957661388e-122,0.0,0.0,0.0,0.0,5.479539346694905e-20,1.742807629840538e-101,0.0,1.477705226190065e-60,2.435436654510766e-99,0.0,7.034912108853824e-17,2.2621126958856952e-10,1.307432287959661e-32,2.1321045662733372e-06,0.0,3.5187380608935877e-32,1.7228891156767624e-39,2.46521673931529e-103,0.0,,0.0,1.2886010082335434e-23,1.7264923377444027e-53,1.4001332732670302e-14,3.1751738232029177e-18,3.2172093801015557e-53,8.865301467976695e-07,,9.983280912295887e-51,4.157839033707072e-34,3.815178338403114e-265,1.5620560160464842e-14
LUN374,1.3813734596656063e-191,0.0,,1.3509070228640686e-136,0.0,6.530160735988161e-104,3.138674162480054e-165,,0.0,0.0,7.98879678638986e-114,2.3060678965329047e-10,2.684570258327609e-65,1.5719263348947741e-71,,4.970981752372618e-127,5.624488145008148e-145,7.360949288527844e-31,0.0,5.567745463096619e-36,0.5435335648269021,0.0,1.9033833829725053e-05,1.8484209994372696e-10,4.6651673698563676e-26,2.0247099136354112e-07,3.1709514926470085e-09,1.6015097610752585e-300,4.599606872673673e-125,0.00736207663702248,1.242620791743702e-83,3.597850578093253e-15,2.2953864017544087e-05,,1.5246464532659105e-18,3.635400343313267e-26,,1.5524067966392618e-136,0.0,7.60170298232754e-151,0.0,0.0,0.0,0.0,2.3945171620075228e-45,1.7693721709736073e-235,0.0,2.141619754964649e-109,1.8551926990558345e-182,0.0,2.001642005348167e-13,0.3215197805863446,2.7151565458599037e-33,2.210854295307964e-21,0.0,2.3646042395213978e-85,7.134275251895144e-79,2.4356935176457227e-125,0.0,,0.0,1.7896889473778802e-18,2.937460864069452e-165,1.2282926059381334e-64,3.03491800262793e-79,5.723506907825897e-65,0.9418137646983202,,8.103706442803503e-119,9.802152897138034e-94,0.0,2.5399329722428697e-08
LUN375,1.9925623856159577e-232,0.0,,1.7617408396016486e-158,0.0,1.287062198258632e-112,6.636342238537426e-136,,0.0,0.0,5.242476240484227e-150,0.00042426809154114836,2.4430113463554156e-94,5.0749040168568305e-68,,2.0662836435191197e-136,1.6987348316147887e-88,2.1981871285541855e-34,0.0,4.2032085181934604e-38,0.628442718543641,0.0,0.2145506167877631,0.002733905522949315,2.919503811322421e-35,4.493950231569007e-16,1.5326445171684823e-05,1.2162062837135435e-292,2.1203074723594968e-150,0.14159507237621186,2.0200399671617547e-95,7.434496168151337e-20,0.0012581443686691372,,5.044229152617737e-10,5.9787829845327275e-21,,1.0235835876423027e-177,0.0,2.1131120729682077e-150,0.0,0.0,0.0,0.0,4.6384211589282144e-48,2.4115065629432862e-241,0.0,2.169303623310378e-169,6.432544742531875e-189,0.0,3.834128028903839e-06,0.20033966161276145,5.593190537012683e-14,1.6030425529806605e-22,0.0,7.298918884827841e-76,4.887990747457859e-97,4.447293063193348e-157,0.0,,3.698069648161509e-279,2.043175060220964e-07,3.7490475325327376e-167,1.504235572282271e-78,4.343583844659961e-68,3.194168622063203e-50,0.03183702186690238,,2.661672009454244e-133,4.497366123784492e-98,0.0,0.001823637777252179
LUN376,9.325444990258282e-221,0.0,,3.5610701179707634e-147,0.0,2.6637302968584563e-100,1.1396152894054945e-117,,0.0,0.0,6.387056592837722e-148,0.14574515133354296,3.6867040676082394e-90,5.688806075497363e-55,,5.983373290829586e-137,1.0217478576506063e-67,1.0898478151363239e-29,0.0,2.5645107162424578e-30,0.1220976448556116,0.0,0.9248480004010164,0.20261270836754758,4.621070891111332e-39,7.824014529296239e-22,0.0012329487033384046,1.069719726515394e-256,1.0674203843448359e-143,0.6556769553928888,1.50905406404567e-81,2.7013365835032394e-18,4.4404479582626976e-07,,3.248668612597866e-07,1.010902760530999e-15,,4.486337354580785e-183,0.0,3.941198750334779e-142,0.0,0.0,0.0,0.0,2.5272400408810817e-42,5.58127426839711e-187,0.0,1.0206157362804012e-146,2.0914363006113992e-169,0.0,0.0016358556797280452,0.007739615778909834,7.879014279989782e-13,4.2872756847288654e-18,0.0,1.0384865120081466e-53,1.3834484427638107e-92,1.7969232839134722e-183,0.0,,1.8864420578993225e-233,0.0076920520296535925,1.2736185493341178e-132,5.020130921579295e-75,6.407591295052615e-53,5.412821254377626e-39,0.00015405145247430015,,1.6322680538215086e-114,3.66095924472794e-79,0.0,0.07445620673534582
LUN377,1.269459389375764e-235,0.0,,1.08255230503035e-187,0.0,2.186025268122028e-138,7.930319995711834e-161,,0.0,0.0,3.7272115173050506e-210,2.408495211860328e-06,1.0653428742928021e-105,8.856873097838933e-80,,4.326731515874978e-154,4.688032545618478e-94,2.2673913879047654e-43,0.0,4.723413037186314e-51,0.24347211426136053,0.0,0.2673324304376344,3.7017035335697606e-06,1.534129867794038e-37,1.307045884368765e-15,4.522001793750197e-08,2.7540874187293365e-306,1.0982854868192173e-174,0.10986825366161375,1.5843619957879282e-110,1.9813826126201627e-25,2.0804902429368967e-05,,1.1131981055618388e-14,3.0707194665073268e-27,,1.032355310968971e-176,0.0,1.7787105052525133e-163,0.0,0.0,0.0,0.0,2.6545746089394685e-59,4.842518234875154e-255,0.0,1.3668111289973067e-149,7.256977407971791e-237,0.0,3.390898894222892e-11,0.0020945035427171873,5.450238496136293e-22,1.4909399641666237e-26,0.0,2.8361510367383023e-83,4.158781993004913e-108,2.6778146294972145e-126,0.0,,8.32679358907387e-278,6.360656904177467e-13,3.211919378882048e-166,1.0339714051256221e-69,5.42976570786634e-102,2.3830446115794857e-61,0.009733763151226567,,7.45112568822416e-145,1.1837083069038643e-111,0.0,1.2989210605716644e-05
LUN378,9.34471765472592e-200,0.0,0.0,5.179719210745174e-160,0.0,5.740076161794542e-136,1.23179414891477e-194,,0.0,0.0,2.355629876410498e-149,7.777562188170491e-14,2.6008860776131116e-86,8.522437690900418e-88,,9.915724486025062e-142,1.7386163760080509e-150,2.337383347339199e-41,0.0,1.0375042884929019e-49,0.07075773721368743,0.0,7.118120073066544e-06,1.1843930228470606e-14,1.6369729943044938e-29,1.0887699594717519e-07,6.734543830410334e-11,9.959796652611936e-297,9.161291781753695e-144,0.0009555136686156683,3.0159394219705895e-101,1.640851591192738e-20,2.046517054145291e-07,,1.8976774097833243e-24,4.828222106027978e-34,,1.1970938644365149e-136,0.0,3.267662372682497e-159,0.0,0.0,0.0,0.0,7.629225936147671e-57,2.190742630852181e-288,0.0,1.3518952075573175e-121,1.2431361123607899e-216,0.0,6.668492021400542e-19,0.043603898507441,5.990475672229433e-44,1.83911480541527e-27,0.0,8.9105679617848e-109,2.0241705903776937e-89,1.1894153914607146e-115,0.0,,0.0,5.257031108514905e-28,1.0502999570278434e-167,5.268380319585826e-56,1.1848994349108672e-125,2.0601681579215923e-79,0.40771830216582483,,5.990752139996578e-140,3.6672443260976663e-110,0.0,3.0551018475271555e-11
LUN379,1.0815937577011346e-197,0.0,,2.2298972396056876e-133,0.0,2.1076698768169294e-99,1.12018619165152e-136,,0.0,0.0,1.028523438167073e-123,0.0006797113689398468,4.876195538777864e-62,3.3564696398998935e-59,,3.5065925094098275e-130,1.2169232609543802e-107,1.3551734264058373e-26,0.0,6.787433279888627e-30,0.5029153618044605,0.0,0.11341661925738342,0.0003117851096611659,1.130017242404929e-30,1.6429295448526362e-14,4.248421089559086e-05,2.2594104197904724e-256,1.7818537096185772e-131,0.2319922539658202,2.5556519187116795e-73,2.7655514342489095e-14,1.3985486291067405e-06,,2.7060497872612158e-11,5.818257801722659e-19,,2.9648122193631885e-143,0.0,8.307153288463764e-151,0.0,0.0,0.0,0.0,8.15472172355935e-40,5.99435591936554e-177,0.0,1.9543190605918922e-101,2.264421300160233e-160,0.0,4.6943685483837725e-07,0.040985703678322744,3.8757880398549685e-24,6.03881772504948e-17,0.0,1.8862492580556593e-60,1.7290470623985846e-80,8.939654650024187e-165,0.0,,2.62575346287578e-258,4.625035526998148e-08,6.937241251937705e-145,5.789146590559256e-76,3.111174958490749e-72,3.156995641003174e-47,0.0319481287918211,,1.0817802005601157e-107,2.1904680480127475e-76,0.0,0.0009565422313875743
LUN380,9.019998488417996e-187,0.0,,4.489057709539625e-138,0.0,1.3014398657951316e-94,3.61390139360818e-151,,0.0,0.0,9.32844618069221e-112,4.8614054063720176e-08,9.360806151835613e-80,1.3101784134672299e-61,,8.27514660290508e-135,2.29997119252026e-106,3.815075297316153e-32,0.0,1.6142927037706073e-32,0.4763150598923208,0.0,0.0006686725813271394,2.852197961504391e-07,1.2641243681437773e-29,1.2300313600372347e-09,1.5564608408563207e-08,4.993338576973195e-249,1.2950336622206507e-117,0.01530465775911749,8.583153275661366e-85,4.859895683342569e-15,1.0716332347959173e-05,,3.977020393039224e-15,2.2952969788436054e-25,,6.065166247102875e-151,0.0,2.4913726032908587e-134,0.0,0.0,0.0,0.0,6.542642435602634e-43,3.649346920265553e-219,0.0,6.397618830976121e-114,2.347240155658222e-189,0.0,6.55730659937788e-10,0.134732726845681,7.422208150405215e-25,1.8376186371055283e-20,0.0,1.2082368419961953e-69,1.6348667464163757e-81,1.2224214768110253e-134,0.0,,0.0,3.6123691307742843e-13,2.0390701756886792e-143,4.221947908267863e-49,8.100210119905727e-68,4.2894875716415457e-60,0.4126615112375867,,6.640646182058254e-110,7.873553606887183e-93,0.0,1.469724969844406e-07
LUN381,6.627573069032754e-192,4.00506324194439e-304,,2.2815337232713283e-131,0.0,6.637851168874669e-92,2.3968222064413854e-149,,0.0,0.0,1.3908468705299755e-93,5.301547016094552e-10,5.274756887210518e-77,5.1135711140585985e-64,,1.072184195417128e-140,2.8591087866897692e-118,2.486938344821054e-33,0.0,2.95314591748946e-32,0.22325853967883116,0.0,3.102448657531568e-06,4.068285977118615e-09,2.0379626565418115e-30,7.2188640509415645e-09,2.900988023299343e-10,1.047809256189978e-234,3.80282335636317e-110,0.00025718892199765633,9.031183758531574e-82,7.33947755028407e-12,7.380140728165019e-05,,5.286244571365948e-17,1.3125152306811675e-27,,1.730197580335946e-151,0.0,1.2951111725568343e-135,0.0,0.0,0.0,0.0,2.5579502394938224e-42,2.3884260220241513e-244,0.0,2.46052050577529e-128,7.917031600379403e-175,0.0,1.1314763668348636e-11,0.5466388901189507,1.532097411608611e-31,3.07452601594895e-21,0.0,4.766317315063105e-81,4.491676821586725e-80,3.662651958817927e-170,0.0,,0.0,2.282273942094706e-18,2.4872310340728218e-154,1.3671380315725207e-62,3.3109893446529933e-74,2.7454371209748933e-62,0.7577593973578756,,1.2213154582572404e-115,4.5799381895180465e-96,0.0,2.2422274834918694e-08
LUN382,2.1954722702810367e-254,3.809245140241939e-295,,4.792274731122478e-138,0.0,1.2518665194461671e-104,1.471306158561581e-98,,0.0,0.0,4.888921877674753e-115,0.3804054541317113,5.862028219896961e-109,1.4422083892544523e-51,,5.890186616366506e-159,6.982737861363896e-54,4.201779681989129e-31,0.0,2.237641545325116e-25,3.9167192006378685e-05,0.0,0.3063900278718891,0.2445570507654655,2.7460155942465593e-49,9.43405672290593e-31,0.013072592386759485,2.5379076816213706e-229,1.1053415245930677e-137,0.32772490843137314,3.5272852598141556e-71,7.870718674665338e-16,5.815899018382046e-12,,3.513686452695323e-06,5.628979288512241e-12,,1.3322063999316509e-222,0.0,1.2948786567989982e-143,0.0,0.0,0.0,0.0,5.9764434115993116e-40,2.5473457937834318e-203,0.0,3.044108993330292e-215,8.444915737135068e-158,0.0,0.0065409617724146605,0.0003092647788795345,8.806044601097718e-12,1.3675487770029954e-17,0.0,1.3500987672642336e-50,2.679654586100617e-99,0.0,0.0,,4.464055803117343e-227,0.001524761346662014,5.523967044870777e-128,2.717392693485747e-117,7.089879635981354e-42,6.3153464369345606e-28,2.5825849918264488e-08,,1.5415109702725548e-123,2.1730099284782217e-71,0.0,0.05936291566725949
LUN383,1.4166398007960826e-250,0.0,,2.2758920834592816e-160,0.0,4.3099768298612375e-124,1.3483495419731108e-148,,0.0,0.0,3.4753934295375133e-125,3.1823886773727674e-09,4.815897453695731e-91,4.518336042199872e-82,,1.632586279163414e-151,1.8443717571989103e-120,5.651576688005192e-39,0.0,1.91791548561449e-45,0.1275988000073941,0.0,1.0616411440577973e-05,1.5158345458708307e-08,4.395192205427686e-34,9.358741515287064e-13,1.8035730754606645e-10,1.452564050350371e-268,2.347126769778537e-146,3.292227075476265e-05,3.2190784258984045e-100,3.5363124300397284e-17,0.0007268851884365583,,1.6326898244596221e-16,1.9288539378102425e-29,,9.749401932101105e-180,0.0,2.5489008040639058e-163,0.0,0.0,0.0,0.0,8.80184497694872e-54,6.350309759953106e-290,0.0,7.105574259827487e-211,8.618176414234822e-200,0.0,4.3533723323841346e-11,0.912348619473264,4.501271755168149e-30,1.0647348964679864e-27,0.0,2.6275301445220887e-104,3.7281723430773614e-100,3.749605816226477e-195,0.0,,0.0,8.480735203163496e-19,3.4140243996793374e-222,3.2778771409902374e-111,2.238530679237534e-93,1.6115531336640556e-61,0.47493163817477346,,7.243870204274559e-153,6.156128885847035e-118,0.0,5.551368301235667e-07
LUN384,2.0467905085174096e-202,0.0,,9.969911564384462e-153,0.0,5.716650277768431e-114,3.908008145446165e-140,,0.0,0.0,2.0865940870425588e-161,8.066819131381281e-05,3.126622005681335e-73,8.087293237966397e-63,,2.513506804862799e-131,8.028343740336573e-87,1.2290130697637322e-30,0.0,2.458013386907169e-37,0.012137048244002446,0.0,0.047826095745365234,7.719124340004139e-05,3.5103556931073612e-34,5.3492755428740274e-20,3.9326592105548087e-07,1.2396849726812578e-243,5.051892449220078e-147,0.02268609969347219,3.3676513078127554e-87,4.0090153132920126e-27,6.381572239188223e-08,,1.961125388536783e-12,9.283592713398001e-23,,2.9207737273762914e-159,0.0,2.450928491671006e-150,0.0,0.0,0.0,0.0,3.4129337719325636e-46,2.7770095626316356e-159,0.0,9.697948816636016e-122,2.623546224133044e-182,0.0,6.894607790126456e-09,6.144186410654692e-05,6.114099190639918e-23,3.111823295907489e-21,0.0,1.7942568555202363e-56,2.2792377007854608e-90,9.135077072259718e-136,0.0,,5.819099405744999e-228,3.9458735754179675e-08,1.2491465600758653e-159,8.553462872076062e-71,1.9970060744027242e-86,6.024375395753275e-51,3.7948518707808256e-05,,1.708271847122653e-107,3.9922429142003016e-89,0.0,9.616804911623597e-05
LUN385,7.946990113693835e-237,0.0,,2.4675891826890575e-185,0.0,1.4312738598221332e-144,9.54389101150439e-171,,0.0,0.0,1.7051552568304737e-155,1.1610874446359295e-09,1.6982468363806e-96,7.219278603449803e-86,,6.838511226236387e-176,3.3778653101167153e-118,4.297088643937508e-45,0.0,1.4348308780440067e-54,0.1936372084666998,0.0,0.000818724660872261,5.439227650851741e-09,3.319762550328521e-35,2.7642570286871524e-12,1.5744567573550165e-11,3.900035259755819e-246,3.531484199018555e-161,0.0004387448789396034,1.6221107165578478e-107,1.2497561261645818e-25,5.019663791655956e-09,,4.2528828400155286e-19,3.6706491430921057e-35,,3.1650615071025456e-172,0.0,5.098139448810402e-169,0.0,0.0,0.0,0.0,7.32868759198802e-62,3.401881818399403e-244,0.0,3.5351211314195313e-140,1.4403703579688286e-255,0.0,2.4261123395235717e-13,0.022946868609789273,6.930343952860156e-38,2.0225521483254245e-29,0.0,1.0561478745270408e-87,4.648004203561952e-107,2.0899703344649624e-147,0.0,,5.926285002258976e-292,5.275854239595467e-18,2.149489693883518e-211,4.458705615320415e-90,1.6565362812571443e-132,2.7761827271544087e-71,0.15507700036959943,,1.3072434399356902e-145,7.321741257981346e-124,0.0,8.413667747900887e-07
LUN386,3.112622421410117e-288,0.0,,1.4682468229201808e-208,0.0,3.487680735676536e-155,3.3795983108622223e-149,,0.0,,1.2838625707291876e-264,2.5327974811082657e-08,1.7756722700256756e-105,9.99400165890849e-91,,1.572282195616459e-152,1.167911429888581e-98,2.6376341095220386e-44,0.0,1.2540077669818151e-55,0.00014446480358789777,0.0,0.002979396177832445,2.1917896926358016e-07,9.187405473652087e-46,3.331358136754955e-24,3.368050072222233e-08,0.0,3.898408722902543e-216,0.004972871653304132,2.5184823992950346e-121,7.099432431945954e-40,6.344608472612286e-05,,2.4669303206073168e-15,7.802527164656032e-22,,4.0805862113826887e-212,0.0,3.585764330776176e-191,0.0,0.0,0.0,0.0,2.2394144734316827e-67,1.2257344198570921e-275,0.0,3.1237036721506954e-184,9.773072332214735e-248,0.0,4.088751365489794e-15,2.630246673100958e-07,1.5119283616238503e-15,3.402229084274323e-32,0.0,1.3796284792115338e-85,3.9121391906832145e-123,4.775428860068031e-107,0.0,,6.674442151129714e-271,8.342657161466274e-17,7.01037065554209e-213,6.648802947752456e-132,1.0737908447147311e-70,3.9624919692072713e-54,6.033040011412042e-08,,8.49072331970776e-163,1.8748599486759713e-119,0.0,1.293047532438163e-06
LUN387,1.615054880343267e-199,0.0,,1.2996581549377747e-138,0.0,7.598047692070931e-93,1.9535451869343984e-142,,0.0,0.0,2.1329173952645627e-110,5.198521779307302e-06,4.05988336212996e-81,2.1524074978726473e-60,,7.755860990953303e-147,4.117624683845113e-103,2.7130121821909583e-33,0.0,4.39519728874795e-31,0.9165475873806995,0.0,0.007599964876933,2.956130829293438e-05,5.075305834421546e-33,1.6386843855264336e-10,5.019803567112393e-07,7.673761576241691e-239,7.225751349841695e-121,0.04469760723944769,4.037501509610343e-79,1.0540645717140325e-10,8.631746969915565e-05,,6.334539067092227e-13,6.321462063219261e-23,,5.1958300258613475e-158,0.0,1.508925800879672e-139,0.0,0.0,0.0,0.0,5.095960470572586e-42,4.521661372860051e-232,0.0,2.7780926413899488e-112,5.801710978471801e-179,0.0,1.0974588240654259e-07,0.4540015009642906,1.2038979337356787e-24,1.9217987179999355e-18,0.0,6.507446195857714e-70,1.1642106971897186e-83,9.605047344612597e-179,0.0,,2.78370361405e-311,7.075210819069981e-11,1.3904855336483802e-131,2.2273433100861405e-58,6.095799572217164e-71,2.5836213104737267e-54,0.6302454006401311,,9.759791997990602e-117,7.39072193867333e-87,0.0,4.7287732093805916e-05
LUN388,4.792420486623973e-133,5.440976483843889e-202,0.0,7.849081454567461e-84,0.0,2.1565025016853222e-54,1.5138240676958857e-145,,0.0,0.0,1.8741197307186806e-64,6.17238949543934e-10,2.300510487747665e-36,4.699963788963169e-40,,2.197116272617454e-105,2.234303804119364e-141,2.7126103766042877e-16,0.0,2.5243451762982443e-13,0.009025031771427876,0.0,5.27616530051372e-08,6.66873090283197e-12,9.174952754015995e-23,5.875469197717222e-10,6.882848663214721e-09,2.5935666690081453e-222,5.793439612044033e-79,0.24395250445667466,9.719620794265327e-47,0.00014321866399489284,5.5756456724281056e-11,,1.5681966157852963e-18,5.605353726488492e-19,,1.3230384582769726e-99,0.0,1.8481517293354445e-126,0.0,0.0,0.0,0.0,2.3468897133541086e-24,2.308179076398561e-144,0.0,7.88371966125626e-56,2.628628509338334e-108,0.0,1.1670953695268812e-14,1.3812859306310831e-05,7.531049961621863e-37,4.0998598728344386e-09,0.0,6.981079589818404e-48,3.2030105528555006e-49,5.389155705551077e-158,0.0,,0.0,2.547307894303324e-19,9.86596480711355e-78,5.385238539607786e-31,2.1569705780092157e-40,1.4043278289584772e-52,0.001955189437845245,,5.35939989573788e-70,9.44960556759752e-47,0.0,4.509056388817356e-09
LUN389,6.392382307439206e-221,0.0,,2.9575973088020744e-143,0.0,6.147717138377738e-105,6.64468793449926e-136,,0.0,0.0,8.549516593879111e-130,3.824750961129326e-05,7.133190007640717e-67,2.5729036628128136e-65,,2.8935306413414166e-128,2.533135008602657e-118,3.3405558010065065e-28,0.0,3.7167264353154536e-32,0.5286914454204531,0.0,0.020755833586134913,0.00016935479293573802,1.345905430352717e-31,1.7614564915477626e-13,1.4637525999744782e-05,0.0,1.0585729364382708e-141,0.0952642054276758,5.222136244559788e-81,1.1147345882010154e-18,0.00022311762791350708,,1.9730374025017288e-11,6.8092366384739846e-18,,2.1111504902736456e-163,0.0,3.75029019794329e-158,0.0,0.0,0.0,0.0,6.093960240802689e-44,9.005014240167721e-213,0.0,3.419462524241928e-123,5.992052009184084e-179,0.0,2.414732615527465e-07,0.1557445795127357,1.7362620916888882e-17,6.528790755227611e-20,0.0,5.463888343602382e-68,9.157710392879644e-87,3.02962357519381e-142,0.0,,5.131040769172027e-282,1.2363238219830101e-08,1.5603490128286888e-172,1.497276367821784e-97,2.0078414315020503e-52,7.407239158261043e-48,0.0637746802078846,,6.120811957908499e-120,2.4240462301739273e-87,0.0,0.00020708475664533952
LUN390,1.4455920176706865e-114,3.9798125905516323e-147,0.0,1.75767035891459e-69,0.0,2.4650846526594394e-54,1.3093768586236506e-174,,0.0,,1.9413892872849155e-69,1.285750841925572e-18,5.950575646533839e-41,1.124490493108434e-48,,4.606647388313383e-68,8.795872324162374e-197,3.175306259107349e-15,0.0,7.250597405576487e-15,1.5312701842783082e-06,0.0,9.94962566832955e-16,4.4080359414787687e-20,7.990340853567659e-17,5.325234013428926e-10,3.892721788813672e-12,0.0,5.296880691788841e-80,0.005830299643658402,5.26870505686625e-50,4.362034557567737e-08,5.9511798671620594e-12,,1.3729498491726032e-24,2.1248304892978264e-22,,1.3951417980451847e-74,0.0,2.5896214220963194e-131,0.0,0.0,0.0,0.0,6.179187434321478e-23,1.1999252074113248e-159,0.0,5.215965145755965e-56,9.591283105630553e-83,0.0,6.616570056109447e-22,1.6958172643366054e-07,6.934935755075547e-37,6.561860058674635e-11,0.0,2.959214023601317e-69,1.3694355659292413e-39,8.997179771613323e-103,0.0,,0.0,1.2323947913729365e-25,2.9662877745722216e-87,1.6501307215969838e-28,2.129763614888671e-34,6.599501564564638e-63,1.3014753032940706e-05,,1.8241710514367737e-70,4.1218276650348584e-42,1.454493788651488e-234,5.649700974338339e-17
LUN391,3.908235741816247e-272,0.0,,2.02415150970921e-207,0.0,8.879004223822924e-189,9.830202268647745e-230,,0.0,0.0,2.823691288247757e-156,1.8845689404338194e-38,5.312837311283114e-124,5.164016605161995e-136,,3.103384397935646e-245,1.3281245553139582e-195,7.609873910645068e-78,0.0,2.0127361647080527e-83,2.335982914393108e-15,0.0,3.84453317604158e-29,3.9635780285844974e-38,9.599820321333555e-59,1.3863998705938362e-18,1.8711482133207123e-36,1.716336833471306e-285,2.609268136210445e-161,4.877935634669442e-26,3.092997446125855e-140,2.1080624786354217e-30,7.484967039497804e-17,,1.8849468471887486e-51,2.4251391106805313e-73,,9.79829838884774e-206,0.0,1.221975903948603e-181,0.0,0.0,0.0,0.0,4.257316437261455e-92,0.0,0.0,4.634557264570611e-234,3.6002618159858364e-287,0.0,1.0759380753877917e-41,0.026916211118067655,8.027832272084171e-110,8.728010629329593e-56,0.0,1.1496282154531806e-187,2.324758064540639e-123,3.421387261994189e-234,0.0,,0.0,8.200169925325444e-80,6.070153724022601e-298,1.0622816833375066e-154,2.154050264881919e-220,2.0595255064105004e-122,1.6411382526701188e-06,,1.6540913387018588e-203,2.173321322783446e-195,0.0,2.281091924714737e-32
LUN392,1.5457892092909e-139,1.2864811965008274e-189,0.0,7.475074350690182e-83,0.0,7.193508961690202e-62,7.576404274202062e-151,,0.0,,4.52214643184604e-64,3.459750781632509e-14,2.5280818769951477e-38,2.8732331171264174e-50,,2.448875391057966e-104,6.394729996204197e-163,5.847714448878027e-19,0.0,4.27963419150844e-19,0.00022362387157831164,0.0,5.84499419111191e-12,3.8148367335402e-16,6.880435203256737e-22,9.674141560917787e-09,3.809141409012724e-12,6.206429394654655e-196,4.572414874877239e-78,9.482712907455347e-05,1.5566601836350654e-52,1.307690292895208e-06,9.021153982555734e-11,,9.375498024463384e-23,6.202505129199569e-25,,8.627724603946288e-95,0.0,1.3193855151052151e-128,0.0,0.0,0.0,0.0,1.52499010458763e-28,4.2060400295479003e-165,0.0,1.1376336606501e-76,1.7394254824870522e-104,0.0,9.976078494217293e-21,0.0002277076838430974,3.277007795045731e-52,1.0806916740646604e-13,0.0,5.830588383988559e-70,1.537996685705648e-50,2.4788076286509545e-178,0.0,,0.0,2.1885215255430717e-26,5.737174196736946e-115,9.603430619640224e-49,5.7575985793677464e-61,1.4531469603521512e-60,0.0069870861984769805,,6.778262117702872e-80,1.1404913502841224e-57,0.0,5.834952185622627e-12
LUN393,3.2608296289590393e-231,0.0,,1.0495672017538656e-161,0.0,9.660434321189662e-112,1.9220100953733926e-144,,0.0,0.0,4.034400220711541e-128,2.5624659201804295e-06,1.9092186146509326e-91,1.4077800745922325e-70,,1.0194699148146229e-158,1.6962425877339994e-107,1.808496538783253e-37,0.0,5.117519938426137e-39,0.9299982522622345,0.0,0.01235379700361411,1.948813159451758e-05,3.832695864579751e-35,1.050301652975639e-11,8.413228689283537e-08,4.5666754228011623e-287,5.8163560210126146e-142,0.02268144226476437,1.0997744670684938e-91,7.017022378383875e-17,8.674207274616555e-05,,8.737093246618419e-14,2.437286737356903e-24,,6.442229435514882e-183,0.0,8.669435991095096e-156,0.0,0.0,0.0,0.0,1.9584812063996226e-50,3.4206428754596025e-253,0.0,2.2833231621632006e-136,1.553030557152853e-215,0.0,2.6668123380324183e-08,0.5128862347941306,1.8717438672707574e-23,6.249367632302649e-23,0.0,2.182787580200225e-76,1.573616071431607e-97,3.253385823694398e-166,0.0,,2.778711057854792e-301,1.6937923143214256e-11,6.42721605163688e-172,3.516870226535055e-84,8.357572287186607e-75,3.716063770091334e-56,0.6512657664886516,,1.204807429654524e-134,2.4924174345332437e-105,0.0,4.182368748056541e-05
LUN394,3.1475205992182013e-249,0.0,0.0,2.8400814375168553e-154,0.0,4.875588662329901e-104,2.791402879687955e-131,,0.0,0.0,9.50496417740856e-128,2.6433981143256117e-05,7.127553632664042e-98,3.8099531111796684e-65,,5.170629036945763e-184,1.8606526539950291e-103,1.1367907405460773e-39,0.0,4.56541675085346e-33,0.014027894824577244,0.0,0.002324006327552644,0.00032849652834599576,1.529360403977332e-45,1.2575013527879098e-16,1.4044587037735817e-06,3.0590542825857054e-308,1.0067154865119128e-143,0.003888863136915338,9.29967408733578e-74,1.457636548888995e-11,1.274180854371036e-07,,6.306896136064988e-12,3.196754470117904e-19,,1.2163608772549487e-198,0.0,8.379029264255076e-165,0.0,0.0,0.0,0.0,8.030300182472708e-48,1.9069832806820866e-259,0.0,1.945939939456778e-118,1.766416024740631e-191,0.0,1.968159291919615e-07,0.05520632032629244,6.330108132208094e-24,1.7252046244966901e-18,0.0,2.8520220198160046e-67,6.831849028177944e-98,1.5982633155326929e-267,0.0,,2.570771891860348e-286,1.6812017561075806e-09,4.305263632480205e-130,3.64545003047611e-114,1.0024925334576805e-68,2.7647715127059492e-43,0.00743751718727241,,3.154803908658741e-137,1.1946310359355617e-83,0.0,0.00020912244702079607
LUN395,3.607558072423661e-234,0.0,,1.1828280182440848e-178,0.0,3.1698256743166207e-149,1.153881771958271e-169,,0.0,0.0,1.9192144602956873e-184,4.067756862715495e-08,1.775425924987973e-95,1.728239923131752e-87,,8.003136393326216e-145,1.6756844406113486e-110,1.5391876380197488e-41,0.0,1.121143059118568e-54,0.15262783910824448,0.0,0.008140817069677122,1.211411570910793e-08,1.7207232416963617e-32,1.265969267372157e-14,2.1220725780400396e-09,7.474728265290743e-276,4.015149958099434e-172,0.004325354114787255,6.741239751443881e-112,4.0780972460696055e-27,1.3511622795402216e-05,,3.986247110093306e-17,3.4610055159772875e-31,,1.2180934473869454e-153,0.0,2.4878249967816747e-169,0.0,0.0,0.0,0.0,4.573307710569187e-59,6.253215372235007e-259,0.0,4.61916683651059e-160,1.2807728837820199e-213,0.0,9.129919552973457e-14,0.0048199583368287195,7.080707264143183e-28,9.206164096217658e-29,0.0,1.871769072235738e-98,7.100039008258901e-104,1.1502062372532103e-134,0.0,,3.0195395192543045e-286,5.588567644562365e-19,2.5687492808197154e-205,6.901169345227179e-83,1.334004238734279e-132,2.8199245581963414e-67,0.01368170740434782,,1.674406749894627e-150,6.071967103413877e-117,0.0,8.874932121810973e-07
LUN396,6.10864466046463e-174,5.7744120524673856e-245,,1.8733650155662246e-106,0.0,1.0385595495930984e-76,2.772217012040122e-136,,0.0,0.0,2.560885558261517e-78,8.867025540825311e-09,2.2305454903185635e-56,7.084237772184586e-54,,1.3149168344652844e-119,5.646673677743564e-121,5.703213588325821e-24,0.0,3.247544748340831e-24,0.045130605648483285,0.0,1.6316547640562654e-06,6.6913816286652305e-09,1.2171848179257138e-26,2.2633751171493984e-10,6.576480348153644e-09,3.6124835835048274e-203,6.110416516562664e-96,0.0007459363407414989,2.0490728813794465e-66,1.0068181362181447e-08,1.5745638940440036e-06,,1.0666468014448211e-15,3.957100945546134e-23,,5.835412436800917e-131,0.0,3.839685076969998e-129,0.0,0.0,0.0,0.0,4.603505777033013e-34,1.1703505681810082e-192,0.0,1.4901537586338503e-124,5.874973188630065e-134,0.0,6.979884965560385e-12,0.116881444282791,6.480279544102802e-34,6.515286299449213e-17,0.0,4.696750973820012e-71,3.516868651937818e-67,8.712937981536071e-188,0.0,,0.0,3.9589318349068174e-17,8.812804714063681e-144,8.814199328478318e-64,2.3126715450707837e-60,2.743557788371711e-54,0.1403375468376656,,5.396253473870844e-97,9.178415462104205e-76,0.0,3.8035129549554236e-07
LUN397,2.746263661592096e-231,4.84708863699362e-309,,5.392699429127885e-137,0.0,1.5515024069508564e-97,2.3127527116957746e-106,,0.0,0.0,1.6573081665223862e-119,0.24242961473858213,4.0496450789932255e-97,8.923989429250948e-52,,2.4960780588211573e-140,4.7764998773290294e-60,3.7728738516145e-29,0.0,2.3425339037104382e-27,0.007062230276068091,0.0,0.5872413415047826,0.23384809916661958,1.1135762230451628e-41,1.5362544148062814e-25,0.003358458343236674,2.0322623905527004e-212,2.5094537032569875e-133,0.4000587806401907,6.172396033768901e-77,3.983823523847151e-16,6.251012948561763e-09,,1.315375550307675e-06,1.4247206380153358e-14,,3.7193305041266576e-196,0.0,6.138537354861856e-137,0.0,0.0,0.0,0.0,2.281003115436674e-39,3.180294834827076e-194,0.0,2.2394923409698542e-205,2.720882759537542e-154,0.0,0.00556546422142749,0.0038085484970596687,2.0325754115633617e-12,5.4080717444125815e-18,0.0,1.2822761724552183e-54,1.9062429796294485e-93,7.70933399376907e-248,0.0,,2.072318137710849e-233,0.0027431739052623458,2.630169892649236e-135,1.5818870630921647e-86,1.1820658623401067e-48,1.9633661142891172e-34,4.653353283310353e-06,,5.948396245436231e-117,1.1773376007444031e-76,0.0,0.04092947349289643
LUN398,2.0969561596613406e-90,1.3010364062120366e-139,0.0,6.955052288318127e-57,0.0,2.3021568087050867e-33,5.220405121608389e-163,,0.0,,1.8160402204924382e-70,8.629235547984314e-19,2.1160538133467134e-16,1.722341222796841e-21,,3.01977774936683e-80,1.2858800355592652e-166,4.282252343258554e-07,0.0,0.01155622460623934,2.269681885293616e-12,0.0,5.740015094786568e-19,1.1004966015408203e-25,9.998264633334233e-23,5.869495268198205e-22,1.0966853183562811e-17,0.0,9.358244918431422e-71,0.6446209397919218,2.4149960991716644e-28,0.00286005787750836,5.052231171106935e-28,,3.418200977885765e-30,9.16858362576724e-19,,1.6982735060717018e-79,0.0,8.476693822188172e-132,0.0,0.0,0.0,0.0,2.596715326441693e-15,1.571431319273762e-68,0.0,4.45536515997424e-90,4.218992626283425e-73,0.0,3.3474389406122524e-23,1.5611800798144776e-19,8.337866645649554e-42,0.002161242950806732,0.0,1.4551868166619726e-20,2.204296374417243e-28,4.779638372121054e-113,0.0,,0.0,6.997761678081278e-40,3.1294651244270096e-25,4.959140497628577e-17,0.00012022893513457171,2.9388832855707665e-50,8.89467410349863e-15,,1.4674329454306787e-35,5.346486554824703e-16,1.5495464585656765e-165,8.99488139731839e-22
LUN399,2.2269352003744025e-89,1.431225513263933e-100,0.0,1.1629137326240516e-42,0.0,6.288807503676452e-34,1.0723359207751321e-156,,0.0,,3.339806038195961e-31,2.8575049043270304e-20,4.59437140938437e-13,1.2675788716243097e-25,,1.639764074178784e-67,1.4755552304158822e-210,3.6580621381234833e-06,0.0,0.0028665056114153494,1.1191950321546697e-11,0.0,3.636148911350211e-20,6.1932785882982804e-27,3.880034643971644e-17,5.79725080524878e-17,2.4298184045197256e-17,4.936716362930681e-275,1.4566935287900263e-52,0.1570488903291621,2.2540100628646964e-25,0.02969192929730835,4.573758208224883e-25,,5.943053971814724e-31,2.6807135042894632e-20,,1.31873674251746e-64,0.0,9.812001272704245e-128,0.0,0.0,0.0,0.0,2.1873844428438114e-12,8.946495395920355e-85,0.0,3.252949484538488e-29,6.988144348789547e-55,0.0,4.574785769089747e-31,6.286130588205947e-16,2.8113077770266255e-49,0.00031237623408315564,0.0,3.2760886165723146e-32,1.123776147993092e-25,2.2179617998471697e-140,0.0,,0.0,5.43764290364897e-41,5.971244377473854e-49,1.8439764777554388e-25,1.317291266279586e-08,2.2903997189705055e-54,3.254588464531013e-12,,2.681091006392109e-40,2.4352896193389353e-19,8.13345420190969e-217,5.776142815997795e-23
LUN400,5.885306419940397e-224,7.56784573282753e-155,,1.424342707976588e-99,0.0,1.3186653779195377e-93,1.9786604831349725e-143,,0.0,,1.8214067585789485e-131,8.622693238861612e-21,1.383618921702282e-94,1.774306131372512e-72,,2.437487356137795e-81,1.5064407559994192e-152,3.249870922555584e-33,0.0,1.6601950036892796e-34,3.4671924993657773e-15,0.0,4.3628590317019525e-18,2.4774828075044223e-10,2.1830312204893756e-38,5.9499104549465644e-27,2.536334839711233e-06,0.0,2.5737172798250196e-134,1.2889510485300944e-13,6.456811030504479e-88,7.169733968945463e-30,4.984732836811882e-09,,1.3558775517045566e-10,2.1307431735571415e-23,,2.2394969257252777e-136,0.0,1.1236356043289191e-136,0.0,0.0,0.0,0.0,5.198183863796607e-42,5.1231190838256724e-257,0.0,0.0,7.268675648574901e-113,0.0,6.694579764750555e-11,5.165341303188368e-05,5.054188922112121e-08,9.87528336087402e-31,0.0,1.7626842077723237e-116,1.2545158610697387e-69,9.09095145470769e-121,0.0,,0.0,4.38575133309289e-12,3.444410101139567e-178,7.528264960304275e-120,1.999839529777413e-37,1.131629882517514e-54,1.0719818593915822e-14,,3.519024587664789e-119,4.0005918212953154e-67,1.0802076767116154e-194,8.164709557599715e-10
LUN401,3.8377407452206385e-153,3.9163915041048616e-275,0.0,8.226509342238661e-106,0.0,1.8518190704487034e-73,2.4072948099534667e-148,,0.0,0.0,3.139759831070162e-86,2.6206990573167543e-08,1.4939102121928872e-39,2.196207099205542e-49,,3.725964241442005e-112,1.2306064437693844e-141,3.0781097808984354e-19,0.0,4.600476022733712e-20,0.05671733350960099,0.0,1.877438798668095e-05,1.1962435249145627e-09,1.073418522421175e-23,2.8308049680440424e-10,1.8710575288975747e-08,5.498992771586634e-256,4.7747736412057555e-99,0.15774757292892327,1.29250242131644e-57,3.5797897910890506e-13,2.853057888097129e-10,,6.808522292059179e-17,7.606338315573467e-20,,2.8570555081555337e-117,0.0,1.4033305591665548e-139,0.0,0.0,0.0,0.0,1.3620248961989765e-31,1.8191382600589063e-132,0.0,1.6432443327437405e-73,1.5373945473681904e-144,0.0,4.6410980151964704e-12,0.000877004355825804,4.463646575695319e-34,7.241622303455733e-13,0.0,1.4240798345230813e-47,1.8535116197682237e-60,5.384985536112732e-125,0.0,,1.5701989737830355e-289,3.99003617230812e-15,1.678630555761404e-120,1.4698381105188272e-50,1.9946414546958417e-49,6.171462278619868e-53,0.04105472965301647,,5.792670156949239e-78,2.7519568013750352e-61,0.0,9.12817094136556e-09
LUN402,8.402618284590623e-210,0.0,,3.1727041102074516e-151,0.0,3.5775077158998734e-111,3.131813972696921e-154,,0.0,0.0,1.4295025453229256e-134,1.4019280729992056e-06,1.6963059862478595e-78,1.309782518269271e-70,,3.2188855850546077e-139,9.517454497205776e-116,7.188080768003505e-34,0.0,2.40280522652914e-38,0.9925824434895986,0.0,0.02007650959963419,2.74746691137273e-06,1.0946593714571245e-30,2.484820424850526e-10,3.9796720025543985e-07,4.21030461916596e-281,4.648412095771388e-139,0.06972603143355399,4.3721568665525244e-89,1.060266800336241e-15,0.00019806494900714107,,2.7019020771820643e-14,1.9982272100636915e-24,,4.401180874282601e-153,0.0,1.0191612144857089e-152,0.0,0.0,0.0,0.0,1.1204126017410967e-47,8.469292767452937e-238,0.0,2.0370068242092105e-121,1.9153730330068035e-193,0.0,2.4641370712676697e-09,0.40162450986544546,2.1419009530674572e-25,1.6125880286388082e-21,0.0,5.5220784976461e-80,1.1859100491137147e-88,1.1383655920769581e-143,0.0,,8.464724912886871e-306,1.347395478286852e-12,4.5095317150549415e-161,1.200617052566842e-68,4.196051279785725e-84,8.484637175367333e-59,0.7152934732083268,,5.2565377261434844e-127,3.3798490767873763e-96,0.0,3.475010417485007e-05
LUN403,4.8482091150816295e-225,0.0,0.0,3.816441328596199e-167,0.0,6.403020718624297e-120,3.7119751999796115e-168,,0.0,0.0,1.988044233792144e-123,8.760447775823056e-12,2.46546038209398e-86,7.895067019309057e-80,,4.883551007505053e-173,1.1756178821349527e-140,2.111775186639877e-42,0.0,7.884453332602148e-45,0.2881652658925775,0.0,9.00796493502374e-06,4.1941058414424e-11,2.2578824717802186e-34,1.3971325235152322e-08,7.67363655270686e-12,8.221663433243604e-307,1.3192285656611062e-139,0.00029750570976889876,3.4716155129842845e-94,3.735631680073002e-18,1.00369155721911e-07,,3.1135126474192134e-21,5.585491400816219e-31,,1.4705968760910935e-175,0.0,2.091685159600527e-163,0.0,0.0,0.0,0.0,1.5335445662878528e-56,5.36945167683142e-274,0.0,1.9521081485266813e-131,3.1736393135315456e-245,0.0,1.6565163409895486e-14,0.21192005094733915,2.174459477668993e-39,3.224853325399687e-26,0.0,9.017016431370803e-87,3.7717257178179807e-97,1.940754178306238e-147,0.0,,0.0,6.304202251166484e-21,8.775312180850299e-180,1.4979857927273715e-82,1.4008630688007136e-93,8.082568497439963e-70,0.8101045429397389,,2.924081925761701e-138,4.641505041690733e-116,0.0,2.6669564289590905e-09
LUN404,7.7614450620896105e-196,0.0,,4.382694148259327e-135,0.0,1.7482369144408234e-100,4.514638503105192e-152,,0.0,0.0,2.5632941933609423e-101,1.4543510393311796e-10,1.816705335060011e-73,4.224011333572312e-68,,4.453286451032129e-134,4.021052981899798e-120,1.06489760684398e-31,0.0,4.5007952144110386e-36,0.06620466833394781,0.0,1.5158739607239126e-06,6.672981443474961e-10,1.6056543786238757e-27,2.11146374258237e-09,2.372596983063551e-11,3.0854086860647728e-232,7.259982600549855e-116,4.042842067060607e-05,8.729080841219475e-88,2.29631497037175e-18,1.7738825252656195e-06,,5.602109445813366e-18,1.5879123042901997e-29,,3.3833585358060763e-149,0.0,7.02400149518948e-139,0.0,0.0,0.0,0.0,6.170263021749288e-45,2.3518452293121536e-218,0.0,5.778393984224496e-147,3.752203145523293e-184,0.0,1.0509725445592484e-12,0.4650080939870126,2.2323506334314145e-33,4.3845759191846754e-24,0.0,3.9256435573433316e-82,9.590497400351013e-82,5.159508773917494e-146,0.0,,0.0,2.559839379560243e-19,6.4995173516918625e-195,1.406992285281277e-73,6.8339963262632455e-78,1.9838891205902103e-64,0.6585080603724756,,2.2053550128106952e-114,5.246114046172127e-104,0.0,6.057241078795957e-09
LUN405,4.47466992598492e-242,1.2669541619168508e-305,,1.8689844225519115e-136,0.0,2.938135661239146e-105,4.894863422673049e-106,,0.0,0.0,3.22961564494482e-112,0.17442447745752848,1.1784015957482228e-88,1.0027299320153328e-53,,9.922421887172997e-150,1.4221727113486136e-67,4.995306157028133e-28,0.0,2.0137601179592164e-27,0.0019377690063715526,0.0,0.33654516768769593,0.08226586415463966,3.2743645892536553e-42,7.162070330319075e-26,0.0022475503416238005,7.920351715678191e-219,2.7867600448310035e-135,0.3133740157046213,1.2397884049164581e-72,1.16936262568641e-13,1.3313305470629165e-09,,1.87102747664271e-07,2.358920045727103e-14,,1.3804799321042506e-198,0.0,2.362018842428217e-147,0.0,0.0,0.0,0.0,2.232573535860963e-39,5.127610055784141e-189,0.0,5.9096116630847395e-193,3.0382452284415603e-158,0.0,0.0010474838968724586,0.0015793406276751118,1.3670211375699939e-16,7.576507858011962e-18,0.0,1.6681901903357613e-54,1.2498945687185354e-94,3.471131277429162e-276,0.0,,4.1236340876681316e-225,0.00048143916843492845,2.2585218180175906e-149,1.0227438044882956e-111,2.798003294647912e-51,3.0707340410594577e-33,3.1560023398023054e-06,,1.91231630188351e-119,1.4845144164312212e-76,0.0,0.07142075339825697
LUN406,3.1939898229993884e-207,0.0,,1.179159844919189e-134,0.0,1.244852847091729e-94,2.6157703664425474e-112,,0.0,0.0,2.7138319746191136e-138,0.42695145211614144,1.7019685028263133e-73,6.427499424460475e-48,,2.6421195030982555e-135,6.0677678761772775e-71,1.05113293706908e-24,0.0,1.4221261798375896e-24,0.0205032935806226,0.0,0.946084814552691,0.16223325221980847,2.4621848420083585e-39,8.679274679340074e-24,0.008726468999754069,3.4135729105683763e-262,1.6522946044498606e-136,0.9043444625905327,5.466616670652643e-68,3.481666987404678e-15,7.746912862849049e-10,,2.6499913110802055e-07,1.619872197829556e-12,,2.2005918356031176e-175,0.0,3.3061959337509056e-143,0.0,0.0,0.0,0.0,8.582120766928977e-38,1.895533931167784e-150,0.0,9.791163703552337e-109,6.086759144235705e-155,0.0,0.001989920050914532,0.0006221583270546256,7.785782386959403e-16,6.0054194400323565e-15,0.0,2.0518186675518518e-42,4.138444274296503e-85,6.138215867654557e-192,0.0,,2.5009721442438737e-214,0.0020574904306975427,1.9646789719874635e-116,2.855116557463477e-81,9.460601511797093e-45,1.2584609984366605e-33,8.413953255616218e-06,,1.0258256927004886e-99,1.2851012116323232e-65,0.0,0.13010087271938306
LUN407,1.7454762424068598e-222,0.0,0.0,7.596841083225614e-181,0.0,4.764829766018747e-147,1.7879786843747195e-192,,0.0,0.0,1.7418423321138544e-171,1.511922229837254e-13,1.9096154174102167e-79,6.899879151449747e-92,,1.513951048856529e-171,1.8021573497295547e-170,7.77303455639086e-46,0.0,4.409206273276146e-55,0.00918293046342105,0.0,1.845754390341868e-05,1.0475412809829111e-13,1.6486351990027376e-33,4.725537193249693e-11,3.593809711065623e-12,0.0,2.2528138064618937e-166,0.00011956931391927297,5.807897344488374e-97,7.682684532036491e-33,1.2243523419613788e-13,,2.6077186411903877e-25,9.705231607081223e-35,,8.699528788169779e-148,0.0,3.637456503815371e-191,0.0,0.0,0.0,0.0,1.1266429747410017e-64,8.194861518360519e-229,0.0,1.9452403466404954e-167,4.29957086829165e-259,0.0,4.2869398530653736e-19,8.635237325022171e-05,7.871317622354355e-52,4.275669431855517e-28,0.0,2.2463877536076733e-88,2.8817972878237307e-99,4.733525292423942e-118,0.0,,0.0,1.2975079966789627e-25,8.929019019337155e-187,4.341227707609144e-93,3.9609839137093867e-147,1.539503809636297e-75,0.022133661909998263,,3.7867193304278237e-138,5.46619590391172e-110,0.0,9.638500084509931e-11
LUN408,7.506666654948152e-219,0.0,,3.9320882455821714e-177,0.0,7.347147881005476e-133,2.907752683647317e-174,,0.0,0.0,9.762879389598248e-190,1.410716610418052e-09,2.628607779648869e-125,5.548018035806756e-81,,1.9022949334065995e-162,1.0948956724312443e-96,5.0849512838019786e-52,0.0,4.304617718840013e-51,0.03731445251623441,0.0,0.005710145946452582,1.4458555191012404e-08,8.37268168278743e-40,2.3427589120210517e-12,9.41125487689679e-10,5.118324994790516e-232,4.4499740092996796e-154,0.001000703196673341,6.285109398450268e-110,3.792310792799986e-20,7.604030166305926e-06,,2.1507353114333355e-17,5.007233195357409e-33,,8.471029446558695e-165,0.0,1.7294051602370585e-145,0.0,0.0,0.0,0.0,2.6152113063414675e-57,0.0,0.0,2.3121518392290974e-144,9.678601328678189e-222,0.0,6.551309011817284e-13,0.11158348300914694,2.0981002165725097e-29,2.9781037603299153e-27,0.0,1.4389589438342558e-102,3.4614908997097086e-103,1.61592144689383e-165,0.0,,0.0,1.2106723970849553e-18,4.555557983833743e-138,3.7403431500741325e-46,9.416545526230705e-127,7.157496386463768e-70,0.06820964326457636,,3.673141090346382e-151,5.332468516319206e-110,0.0,8.206944501211205e-11
LUN409,3.7294778303499295e-187,1.1578742864685407e-253,0.0,2.0138030207453826e-117,0.0,4.45290920543703e-81,9.091936922640113e-140,,0.0,0.0,4.432035552956548e-96,4.627107170701246e-07,4.8363840875122985e-60,1.9820014462639039e-56,,1.7842116906907715e-126,9.006028655205345e-131,1.8764460703568297e-26,0.0,4.500320172041818e-24,0.3375242324332305,0.0,0.00014530804686340508,1.37133387639167e-06,2.621931646732635e-30,1.8039835152039117e-10,4.080949625407811e-06,2.448067810429154e-294,6.254857558254448e-113,0.046643084915500316,1.2878360625880856e-64,4.165155816422315e-08,4.396547085028451e-05,,2.2680847995942982e-13,1.2744550096287933e-18,,2.558855033025698e-140,0.0,4.058672191140652e-144,0.0,0.0,0.0,0.0,4.332047842473287e-36,4.0637905870901365e-221,0.0,2.4459553085253434e-93,3.449936911809378e-145,0.0,6.185613903547373e-09,0.0955838410155646,9.791117124155371e-26,6.3130653862016315e-15,0.0,7.992615168917684e-69,1.2586015446956225e-71,1.6178161515458962e-181,0.0,,0.0,9.300739303860087e-12,9.028397571771779e-116,4.4807214828471076e-66,2.875347743934878e-54,1.286964349004133e-49,0.10017278337713913,,3.094197001423305e-107,1.751552423643896e-69,0.0,4.987229087663577e-05
LUN410,3.1893405620596334e-214,0.0,0.0,2.9232247367322456e-144,0.0,2.39480235841258e-97,1.685821299892252e-135,,0.0,0.0,4.983367934762611e-159,0.00033931489039266645,8.087386445007751e-79,1.758047864368116e-61,,1.5797788043315535e-130,6.843352230522312e-101,2.386011362980771e-31,0.0,9.085624126511071e-30,0.33488996553498984,0.0,0.1635015205110826,0.005216565397119435,2.516955167654055e-36,3.4791012826084868e-15,0.0012151245036943193,0.0,1.1583815421294013e-148,0.4055064066537378,5.0355722048327065e-79,4.19045421891395e-14,0.0003725020725714067,,4.971760215188209e-09,3.275366459051278e-15,,7.843100746938532e-165,0.0,1.848334651014864e-152,0.0,0.0,0.0,0.0,4.045687889664474e-43,1.2357152150480514e-230,0.0,3.419279833302982e-114,4.764171400835553e-170,0.0,8.42771343160165e-05,0.07571207310302115,5.568087217210369e-13,1.0875594162999556e-17,0.0,8.253917049660135e-67,1.982347834522201e-86,8.912130685860428e-151,0.0,,3.229057161845585e-293,8.6308031167343e-06,2.165073421596173e-122,1.7436930763997636e-79,2.6455597122157918e-49,9.835126546050738e-44,0.00927224525279256,,1.0623379147024744e-120,1.3454262626131789e-75,0.0,0.007680360109288286
LUN411,2.45616181857448e-174,4.708550987374273e-305,0.0,3.6199563723161966e-131,0.0,6.104274241700276e-92,7.555433205344888e-167,,0.0,0.0,2.258245231397761e-146,1.6742768277210318e-08,2.5721791036373513e-67,6.064206922157147e-62,,2.9862543670051056e-133,5.149773069215087e-130,7.455655150598344e-32,0.0,2.861538542854437e-30,0.2956623702739794,0.0,0.0013174397027339167,1.2422183188214424e-08,8.383387189451728e-30,6.191172369106364e-09,8.965011786371592e-07,7.706962409106809e-288,6.107428448640059e-126,0.20577998591695737,4.057451383752817e-72,5.688465079254489e-13,7.802004842657863e-07,,4.1880138538274443e-17,2.117907350538364e-22,,4.150434070676243e-122,0.0,1.057061367766804e-149,0.0,0.0,0.0,0.0,8.451757391881393e-41,1.4514182345003084e-217,0.0,2.430043010147715e-101,1.3478358257250378e-167,0.0,9.314104514524268e-11,0.0038449978163138778,6.166119869954438e-33,1.1655876850946585e-15,0.0,3.3114401197351793e-72,8.881072100516594e-73,7.541308404291511e-140,0.0,,0.0,1.2384611528537229e-14,3.3891741614048603e-93,1.662604031409603e-39,4.382893880469802e-81,1.5431870533175315e-58,0.15129637516176597,,3.2092310608883453e-107,2.1590260221408003e-69,0.0,1.417786191475935e-06
LUN412,2.3598014991135687e-255,4.5942621501526185e-244,,3.042766203397351e-117,0.0,1.2858221851756255e-116,1.1518368609466157e-80,,0.0,0.0,2.6418089547892812e-95,0.4183575663883653,3.918063486448222e-84,9.131361174181143e-44,,1.1986269646270874e-142,2.5735273484163478e-58,9.515247430108283e-22,0.0,6.3097507141036625e-18,4.259969041577798e-10,0.0,0.12188880032187364,0.04711864208010685,1.1750521207499623e-51,6.598895396591323e-39,0.2800171318907387,1.884789361936252e-287,2.687927309977099e-131,0.10646664300970761,1.2466589931755847e-56,4.197255339023154e-21,1.2900864724865506e-18,,7.147056998092943e-07,1.1716889379107099e-06,,8.785543683030805e-225,0.0,4.1545412976581654e-145,0.0,0.0,0.0,0.0,8.300771148623277e-36,7.441076018184728e-151,0.0,2.2839659520939493e-216,8.209615367727388e-142,0.0,0.0001517782109353515,2.409731367982788e-07,5.424275739798229e-15,1.6574961281749455e-17,0.0,5.130412154172823e-36,3.012001352701031e-91,0.0,0.0,,1.338797882355687e-201,2.8876873988091957e-06,4.008537398565048e-137,9.684859640746579e-163,1.279696380123625e-18,1.862420673566925e-18,2.2167846303630513e-14,,3.639730958651335e-103,9.832713250287556e-58,0.0,0.04127354253862751
LUN413,1.0246390859092953e-204,0.0,,7.848792064635633e-152,0.0,1.716234471627182e-108,1.4230747488307987e-154,,0.0,0.0,3.5543061137781474e-117,3.7578522996555116e-08,4.9834348238192066e-88,9.53515222259097e-69,,4.440144559564515e-156,5.052989783328542e-106,1.860906059176062e-37,0.0,2.7525224936112215e-39,0.5449773519994736,0.0,0.000936787020824268,2.7487974763591016e-07,7.46527605505347e-33,4.098246356323033e-10,1.2727706496173315e-09,4.352136788349532e-217,5.911676496802544e-127,0.0019909594137977314,3.019814451611296e-91,4.391966868615884e-15,2.5803879151814707e-06,,6.077594948838532e-16,1.8617836898213156e-29,,8.334121895520039e-160,0.0,3.3264526780561414e-142,0.0,0.0,0.0,0.0,2.37346318588983e-48,8.204970469712548e-235,0.0,6.872096899789724e-126,7.051453071526096e-207,0.0,4.544274525030088e-10,0.3647358746018868,5.431199549660485e-31,2.364020554238206e-23,0.0,1.9391969605661637e-77,2.062265055029539e-90,1.4098756975405664e-161,0.0,,9.391020404793e-312,9.870116201978543e-15,1.3734166431134676e-164,2.313781471337285e-63,1.1578518317747887e-92,1.0514262197690283e-63,0.6761751509161495,,1.8937889570354406e-123,5.253656383239648e-104,0.0,3.572406968171467e-07
LUN414,8.448449779946498e-215,0.0,,6.562526158112857e-150,0.0,1.7796579579839751e-96,2.2814388098123008e-148,,0.0,0.0,9.774882670653639e-120,5.4661186355058096e-11,5.034142213802171e-99,4.8554291754661174e-67,,2.1220722783561188e-141,1.2137295684249444e-113,1.018279110585463e-39,0.0,3.949789273848363e-34,0.016713000404487203,0.0,2.0997153631736116e-06,8.23537441070986e-09,5.632273144376173e-35,1.5711750419384133e-11,1.0826760009987744e-08,0.0,1.3055469514951266e-130,0.0007331648711784894,2.856908079083666e-91,5.549105253770452e-19,0.0003516683333049017,,4.605130838007242e-16,2.055581596590801e-23,,2.6512539820242465e-188,0.0,2.061348934559882e-143,0.0,0.0,0.0,0.0,1.6946881905275447e-47,2.122618531735925e-296,0.0,7.377874244472928e-138,2.3875861899521685e-203,0.0,3.033301466867566e-11,0.06503889893946212,1.3659710512894717e-19,9.231141690869897e-24,0.0,3.1412532474494286e-81,7.979632189104614e-92,8.634874698825867e-144,0.0,,0.0,3.890839853715875e-15,1.92856186019677e-144,6.3249565737786585e-65,3.665377686055317e-57,2.983005485837316e-58,0.03873815186952092,,5.6402850966099035e-130,4.927222320923955e-104,0.0,1.3386115913165118e-09
LUN415,1.822420939015129e-160,2.361733389144993e-305,0.0,5.9621124846559435e-124,0.0,1.4530343923867951e-103,5.824156039426669e-187,,0.0,0.0,1.0302455652170619e-107,3.2902823182932837e-14,6.919917186873909e-60,2.755430706496389e-72,,1.1671257997754204e-117,3.7351171028376645e-161,1.975263440457998e-29,0.0,9.996426657756484e-36,0.04029377247857782,0.0,4.230576877395367e-08,2.3295467558466816e-15,5.459069773968521e-22,1.0047355036945299e-05,1.0647049783291691e-11,1.1393200323464988e-253,7.172043787299024e-113,0.0009911783889589333,2.858589858469624e-80,2.0600935835325595e-17,1.191423334832738e-08,,8.516806093622016e-24,4.1890373278861205e-31,,3.9282443305000197e-104,0.0,9.646991666880206e-145,0.0,0.0,0.0,0.0,2.1752248040635608e-43,3.959964234257391e-207,0.0,3.1954365884790694e-91,1.8789415876978106e-169,0.0,1.4809989498964777e-18,0.02364696907319322,1.0868660245978833e-46,5.8300708593806436e-21,0.0,1.697588814842498e-86,3.959803654245271e-68,1.3259242115112243e-107,0.0,,0.0,9.428783227998296e-25,1.8206399331875394e-151,1.1195688887715233e-47,4.868540664873953e-102,2.82284483963469e-75,0.7111003238396556,,2.7037925335438406e-105,2.5883729852135207e-86,0.0,5.103351839575389e-12
LUN416,7.347854755992357e-229,0.0,,1.1529814534994873e-163,0.0,6.879994928053778e-116,9.465124004138266e-140,,0.0,0.0,1.6023885809034742e-143,0.0004433866926666245,2.699458431190488e-99,5.4102383267843285e-67,,4.5409684020629584e-161,3.436706287187689e-83,8.885587636159341e-38,0.0,5.987200674566524e-41,0.5971854308847033,0.0,0.21564660307295397,0.0011212183872405443,1.8495141143583101e-37,3.3023977825467666e-16,6.682805102378327e-07,7.507001098318743e-208,2.393238802293072e-146,0.09066058692628211,3.105438146772213e-93,1.7690847083750631e-16,1.6389898439198647e-06,,2.163155967622078e-11,5.503294049150602e-25,,3.598400645474895e-179,0.0,3.0870697641207614e-150,0.0,0.0,0.0,0.0,2.8718191197429885e-49,9.748955712150607e-224,0.0,5.967224259525794e-147,9.153654861969381e-203,0.0,2.2633364783236585e-06,0.06317215622303946,7.223396063716984e-23,3.2810458635620605e-22,0.0,9.7137732343501e-71,2.1691276176904643e-100,1.876904366975439e-193,0.0,,1.4343190234669727e-259,7.903835416946307e-08,3.616243072012097e-162,1.8606100215373594e-75,9.64070193255756e-94,3.799098729741817e-53,0.04781403854426744,,4.300718569201573e-132,6.568927988672625e-100,0.0,0.0008601825244757507
LUN417,1.550613005622472e-249,0.0,,5.074210981314801e-178,0.0,1.6916733770666446e-139,1.1460214582126448e-154,,0.0,0.0,3.223125183715859e-197,5.955204828399311e-06,1.99685952942378e-90,2.3321374692057647e-84,,5.002046746189496e-146,5.64029599598855e-112,5.958193070202178e-40,0.0,1.6025180943652358e-48,0.27154996699543005,0.0,0.12388414231897216,7.442195072023661e-06,8.618402432687988e-37,2.7667403487327495e-16,2.6521438990062495e-06,0.0,1.5558890495603772e-181,0.07226793896084291,2.1365019939958728e-103,5.871675139357554e-23,0.00031669488878880917,,1.1070692028777556e-13,2.806473093771566e-23,,2.2510833899692433e-169,0.0,3.538782770930755e-179,0.0,0.0,0.0,0.0,6.898952239455126e-57,1.1689058268144309e-266,0.0,3.6090810558930806e-147,2.943635023694427e-209,0.0,9.704646603740407e-11,0.006448714419531064,1.702873441315015e-19,1.0504624223140926e-25,0.0,1.929981940738431e-90,2.5171930683499253e-105,3.9960100448615677e-140,0.0,,1.0136125024412554e-283,1.834059334213342e-14,7.468330674340114e-186,9.832662131219746e-104,5.461344157301785e-96,1.0640548762325616e-55,0.005962883816635589,,1.2482267098565273e-152,1.1932921283845132e-104,0.0,5.60310111993631e-05
LUN418,2.2849615146774403e-237,1.982864067845174e-299,,2.456547918428121e-147,0.0,4.228900486651536e-94,1.0971240945533971e-113,,0.0,,5.004271667777508e-170,0.004368891456169074,1.867867275055098e-114,5.997249090419541e-57,,4.661514912764355e-147,9.305554493604413e-64,1.6636709884271545e-38,0.0,6.130786073019966e-27,0.00024013078705344596,0.0,0.05174971374741801,0.3394690117066124,1.5772937118552542e-48,2.2870115377636292e-24,0.005296852066843101,0.0,4.636369595394793e-156,0.022553335701760133,3.130339364775281e-78,8.536984496742132e-19,2.8045316951294294e-08,,3.253067528662452e-05,9.894723445598782e-13,,4.4687653790538404e-204,0.0,5.0737563186856054e-142,0.0,0.0,0.0,0.0,3.7971309901503453e-44,4.518985938394573e-244,0.0,1.2617938291003005e-149,2.496799935219636e-161,0.0,0.023338025755155815,0.0376341335113823,3.78454321670042e-08,2.344779590735993e-18,0.0,8.294712184502532e-61,7.052368220801577e-95,1.1421581237679718e-224,0.0,,6.860414578409973e-280,0.023095948481945055,9.00478839174438e-103,2.710460321737147e-94,1.0750811058575607e-42,6.0608264362154894e-33,3.831220551165051e-06,,1.867893818415735e-127,5.54625685382723e-68,0.0,0.048423062971769175
LUN419,5.040146174543182e-290,0.0,,5.916579666982828e-169,0.0,2.511407565630821e-130,9.330734841546739e-107,,0.0,,7.463914270128007e-224,0.011387943984635582,1.1027788045599945e-118,8.331882323856784e-70,,7.724186697246443e-151,2.4434362889452756e-54,3.8610913189010156e-39,0.0,2.9103201215557014e-36,9.858167899521007e-08,0.0,0.043112615611028915,0.20864940919058408,1.1298633759511948e-57,2.5519643641576265e-38,0.004146342957287932,0.0,7.19545846711382e-198,0.013615344833185591,1.604716131730613e-93,5.501602923254369e-28,1.167982880974368e-10,,0.00012119458008580081,1.6607051702285065e-12,,2.7958822146819683e-224,0.0,6.561597015754273e-167,0.0,0.0,0.0,0.0,1.9118574275912528e-51,5.857278205358058e-234,0.0,4.004395330199337e-239,3.8448258379396864e-170,0.0,0.00298749125629398,4.622217104308858e-05,3.149311217540518e-07,3.448388208274373e-24,0.0,1.0321679070946507e-65,4.703841266453334e-113,3.0979044760178857e-232,0.0,,1.093456850009847e-238,0.005584490516997448,3.703179407756705e-145,9.295927012473959e-156,5.2489318707964715e-45,1.404806274195144e-30,3.4362868376690137e-12,,1.3022018829355513e-147,4.277112930594492e-77,0.0,0.21773918854347532
LUN420,3.816841984554608e-173,2.306361905111612e-298,0.0,4.5665208048510907e-119,0.0,6.713225668326241e-78,1.1394955568575539e-141,,0.0,0.0,1.8439750820708212e-92,3.2328680702943846e-06,9.160876521689699e-58,1.343558420398704e-50,,5.136949436152893e-140,2.790749251083739e-117,2.205957903201687e-25,0.0,1.2924409537723583e-23,0.5071371851962169,0.0,0.0014144708722801215,1.6315261891254091e-06,2.059547412658065e-29,3.513113549887512e-10,5.522593499836347e-07,7.491012665324854e-222,5.031857124560017e-105,0.18186358291873034,1.9036783988537104e-62,1.0505068080264042e-08,1.4935631942635723e-08,,2.425777254891389e-14,1.839786735635261e-20,,1.0519024580164475e-135,0.0,2.977666647874989e-138,0.0,0.0,0.0,0.0,2.0233442982969413e-35,1.1386442891827635e-169,0.0,1.0311997832077205e-81,2.169439908057967e-161,0.0,9.29452884214717e-09,0.01133386263759133,1.7456662082341796e-32,7.457189682007507e-14,0.0,1.6308095679913574e-52,3.503259003364636e-70,2.0656904969107172e-169,0.0,,1.0303816737344744e-294,9.468437231198656e-12,2.0806550117474702e-109,4.924289298201626e-51,5.3122514860245754e-61,8.923600335360978e-52,0.18331088933692946,,2.5674312102990036e-92,3.1377732749128634e-68,0.0,4.3712325267544545e-05
LUN421,7.976832422603322e-66,8.187834889995524e-72,0.0,3.1042337563275325e-29,0.0,1.4538107910768204e-21,7.376791482219298e-193,,0.0,,8.651911228485118e-17,4.797486431623899e-38,8.680905356605056e-13,2.0548535118669071e-19,,3.1587358136381365e-76,7.059063158287795e-260,3.457523356171194e-07,0.0,0.04629441965392434,6.748392515209775e-22,0.0,4.550673862251305e-39,1.0853012989015081e-48,4.729855934066096e-15,4.964243576980286e-22,6.9323332220293466e-34,8.443944170953323e-284,1.6070601434734953e-37,0.013746000785094768,6.8125390184977e-19,1.620754878516477e-05,5.0783669816077446e-39,,7.377149041339256e-53,3.227003631437714e-32,,8.163045139698166e-49,0.0,1.3498233578617341e-140,0.0,0.0,0.0,0.0,2.3161685056759587e-08,9.346654504883121e-82,0.0,1.6803373353195693e-61,2.8920753919396053e-39,0.0,2.0797946241910632e-54,6.907917232203747e-35,2.053599500953095e-76,0.026440819043700395,0.0,6.591931461623914e-27,1.118571361385636e-14,2.9301648936540485e-145,0.0,,0.0,3.238270118640926e-73,1.1225389473411935e-13,2.266843302727542e-06,2.2108083144076158e-11,1.8675975769607635e-76,3.410076734625585e-23,,4.929956604950867e-29,8.718740741979523e-12,2.2805231261008837e-152,5.1327121250772166e-36
LUN422,1.42075513364352e-189,4.6173639431602954e-263,,2.9030071544211746e-119,0.0,1.6907499676449795e-82,4.236112008478184e-121,,0.0,0.0,3.922871760451557e-119,0.007589934724797531,1.0318862548563532e-79,8.364481494122734e-50,,3.6975988469163626e-113,1.8950103626313984e-74,6.249260390780136e-26,0.0,1.1652374545028498e-24,0.07070284212587122,0.0,0.15524277772518072,0.022757627519960168,5.929981303994947e-34,1.617143950795908e-19,0.003088248861968983,2.4254437211041582e-220,1.4029022326012892e-119,0.1996054005704088,1.5985251499706543e-72,1.9518474054995593e-12,1.215737551326769e-06,,1.7969965042529577e-07,1.2215868727736562e-15,,5.9624220514721365e-149,0.0,8.479887186743215e-125,0.0,0.0,0.0,0.0,5.057123314357323e-35,1.0484476998375404e-193,0.0,1.1815332667287781e-157,6.0491371529724166e-130,0.0,0.00035386432244338835,0.02499340544305319,1.4694304498259712e-12,6.704996874294318e-16,0.0,2.6621520256776382e-61,5.349528453432768e-77,1.106774137453022e-193,0.0,,1.066293952461771e-270,7.318165752291813e-05,4.398514749351912e-109,8.439112352143576e-53,1.3922017478277026e-52,6.658610735751521e-41,8.469426660103937e-05,,7.208769599538282e-104,1.7455871219717647e-66,0.0,0.004658513669039841
LUN423,1.6292944629454413e-156,5.60118049280157e-234,0.0,1.38807486402131e-103,0.0,3.617448344916015e-67,2.8270161745854265e-147,,0.0,0.0,6.616687992295572e-105,1.6012649329459811e-07,6.539838919651635e-49,7.676479255647817e-47,,4.118319280360095e-118,8.614964590925887e-134,3.5328664945928577e-22,0.0,6.947528526994303e-18,0.0633628022255076,0.0,5.228908882825282e-05,3.747807095662315e-08,5.073522478392223e-28,4.963623801004492e-11,3.511296314808011e-06,4.2166229772355536e-291,9.487578258934681e-105,0.4618637382081696,2.0966921416444597e-53,6.849011616726018e-07,1.1800454308318184e-08,,4.198043605322671e-15,1.1359475499003927e-16,,4.9484353844720425e-115,0.0,1.1824511808804037e-140,0.0,0.0,0.0,0.0,3.4907562570550495e-30,1.0247572281157279e-176,0.0,2.1222379457366368e-74,1.326653086997627e-127,0.0,1.2758747548226848e-09,0.00025606383386648693,1.1532720658724757e-28,2.012280508130349e-10,0.0,2.700155150441494e-54,1.2206771866916385e-59,7.934977198906642e-160,0.0,,0.0,4.722032382742705e-13,6.143953450962491e-75,8.081112425773939e-41,1.0853586069410026e-46,3.37843814582576e-48,0.004527184135041307,,2.201000700840337e-86,2.037470099093624e-50,0.0,3.598051176388362e-06
LUN424,5.506998982697105e-187,9.825910888029619e-272,,2.122708299364562e-119,0.0,2.6827630829040395e-83,4.75035488271076e-143,,0.0,0.0,2.97200511182425e-86,9.013370850154596e-13,3.202205790625675e-80,3.283640810704389e-61,,8.885176983172012e-122,3.7631165211326324e-117,1.421355060330656e-31,0.0,3.769736198472802e-30,0.002022930992923126,0.0,2.023489105798842e-09,2.8345255115436032e-11,1.637786892420041e-28,1.503662771148499e-10,6.191371504692215e-12,1.764016916252374e-249,4.778250156794794e-100,1.418634517871577e-06,1.7084467023408718e-83,4.8224833671511596e-17,2.6619608436302053e-05,,3.133852929221235e-18,2.450711330674017e-28,,4.995776271180793e-153,0.0,7.989103861173479e-127,0.0,0.0,0.0,0.0,8.07266545073314e-40,1.2162876402943483e-244,0.0,4.311185430078768e-183,4.046215363104283e-157,0.0,9.553495029369692e-14,0.22179713121826197,1.0746675445572884e-27,3.7766712766112416e-23,0.0,2.7244836154345185e-86,4.4985807421698905e-76,5.539776994825918e-159,0.0,,0.0,5.323378948382917e-23,8.316458538452495e-171,2.4124490419795535e-67,8.53178215278769e-60,3.8446488244013723e-62,0.12909117067681003,,2.343518471997713e-109,2.566746737209988e-99,0.0,2.1820752807029006e-11
LUN425,2.0359729528509587e-278,0.0,,1.4283657953006934e-220,0.0,8.666014588598623e-172,1.1467612541639665e-169,,0.0,,0.0,3.976174573959265e-09,9.677200905335857e-136,1.762366198631124e-100,,3.3027002937293864e-163,9.11487760767587e-89,1.8904378356475404e-56,0.0,1.1067120090592994e-66,3.093898694450126e-05,0.0,0.021650106467138778,1.925818182274329e-09,3.0719756736787243e-48,9.69790642897592e-25,3.0840432710051766e-09,0.0,6.59238830155674e-231,0.006929447623168367,1.5084508242954737e-133,2.81120818229163e-36,2.8408820464771706e-06,,2.912489552955687e-17,9.305211935982313e-29,,1.0840629291039812e-192,0.0,5.351363938813082e-190,0.0,0.0,0.0,0.0,6.190949308699972e-73,0.0,0.0,1.1601032591821347e-193,2.0865117475649979e-246,0.0,1.1329543843506689e-17,7.795922322625268e-08,1.0286671689330126e-22,2.3588883352255513e-33,0.0,5.939309649111328e-110,1.3420438450520468e-128,1.0056097572050727e-129,0.0,,6.584745917562985e-286,3.722990054873457e-24,5.66756823164289e-172,2.6318646940843543e-97,6.858099018952819e-124,4.7189045268906224e-63,6.731697844248991e-08,,1.782751979951437e-181,3.616018004168376e-121,0.0,8.857784475309477e-08
LUN426,4.316393912628635e-188,3.596884260215155e-259,0.0,9.883313501881768e-115,0.0,3.812805692329634e-81,2.9720300893587316e-120,,0.0,0.0,7.838294760194053e-125,7.8712266090051e-05,5.9980898135909806e-52,1.1507598944393073e-46,,5.764306523514637e-100,2.612242822377998e-102,1.1419666131195561e-18,0.0,1.3610618235586024e-18,0.0009724186095485614,0.0,0.0011520652981412134,0.00026744284319942256,5.159427990559641e-34,1.0189306313475575e-20,0.0003294344643451964,0.0,1.688827936721411e-126,0.15371991945568872,3.098246629769667e-64,6.3299916337824574e-21,5.046300514047342e-08,,3.597681035204502e-09,1.1834410233808905e-11,,7.829933832800117e-151,0.0,1.067373962185063e-137,0.0,0.0,0.0,0.0,1.494390898440034e-33,3.0666524124940818e-149,0.0,8.170496757763302e-97,2.9585770138504595e-131,0.0,7.90407182257784e-06,0.000639554452529991,8.285440034178031e-11,8.409567160273548e-15,0.0,6.68958259283769e-42,5.954660883238866e-70,6.612599783409847e-124,0.0,,1.3639640657551705e-261,5.487437757210694e-07,6.600918114843254e-120,8.68285094265839e-81,1.432003122649901e-18,3.2314538084843454e-36,1.1963545307393195e-06,,5.812962549950594e-86,1.7467432085107274e-57,0.0,4.921880743005588e-05
LUN427,8.074082138855668e-149,5.264247007961948e-258,0.0,1.6861832939800637e-107,0.0,2.0513502265369624e-72,3.993173395111289e-159,,0.0,0.0,3.558936023451222e-113,2.0551162886859485e-08,2.851190049556716e-49,1.9714055291161417e-50,,1.2615530254996668e-111,2.7981591968005887e-134,2.193372120908608e-22,0.0,7.640610451160546e-21,0.16360543395280294,0.0,7.617519963172542e-05,2.3714045020063866e-09,6.230966160048059e-25,2.283605837962196e-09,6.09501712497995e-07,2.3905397316212075e-275,8.962538149026178e-106,0.6445757238248613,9.748772647386926e-60,4.663522487845936e-09,4.888489777726631e-08,,1.200492140527172e-16,2.6497634268929556e-19,,4.0178351405843684e-106,0.0,7.445111617564525e-139,0.0,0.0,0.0,0.0,8.480600712624413e-32,2.73151374918375e-170,0.0,1.6835005688943905e-79,9.907843376561628e-137,0.0,1.184020449372042e-10,0.000341863416627402,1.5513837468649783e-30,1.2243730064185447e-11,0.0,4.2686461774704003e-57,1.3688515587392651e-59,4.678813790014198e-128,0.0,,0.0,5.389092933069383e-14,6.456361656206562e-82,8.981075857162535e-32,3.815012009591423e-56,1.4422361611617145e-54,0.029550299626169722,,2.786766279388901e-85,1.0974232012368737e-55,0.0,2.081439672597191e-07
LUN428,6.911130028194108e-192,3.1450876829785595e-301,0.0,4.0230050679709515e-130,0.0,1.7990685658848416e-90,1.1254680406783323e-161,,0.0,0.0,3.2754444851690863e-96,7.0416637161553994e-12,3.880602586509989e-65,1.1957341799300256e-65,,1.811549407325503e-166,4.314841672661501e-150,7.497709790389264e-35,0.0,1.6200510184106e-32,0.03096937975390569,0.0,7.368970864307962e-08,9.986985347366621e-12,6.607485008068765e-34,1.426136333229524e-08,3.9727539391162114e-11,1.0254959094048819e-228,3.617711063081932e-111,0.00012270269453056718,1.5787681071091693e-68,3.4699945694208316e-12,3.0873247517365734e-09,,2.4631039393481756e-21,1.1996068387980008e-28,,6.048180580352128e-136,0.0,6.255645680521554e-153,0.0,0.0,0.0,0.0,4.999769420311404e-44,1.6278891711132838e-228,0.0,2.534353307160417e-99,8.696415009743785e-176,0.0,1.6504373811072086e-15,0.010855130612267009,7.205068179407948e-52,2.7243381650946524e-18,0.0,1.812693689145316e-74,7.125364010988572e-76,1.3191511786629798e-202,0.0,,0.0,2.49156823607379e-21,8.520083501369217e-119,2.442331442808671e-61,8.437588938263214e-96,3.2422398735960405e-64,0.15497987209205386,,1.4973805267058666e-112,2.291325678305505e-80,0.0,2.9024667537957533e-08
LUN429,1.2636514772245063e-219,0.0,,7.406098153070136e-151,0.0,1.1414282646036949e-104,7.308924960020411e-128,,0.0,0.0,5.334390629884071e-121,0.0003032923040320198,4.352493773810152e-84,2.0084401106874047e-60,,1.5373150637777707e-148,8.076906174106975e-89,1.0188952393754134e-30,0.0,1.4787704155057852e-33,0.19921988872160923,0.0,0.04941229260779234,0.0014157208119233485,4.6569388856343907e-35,1.3725002667075038e-16,1.3584150788783086e-06,9.97588202780123e-240,1.5134219132473428e-134,0.03519379000271444,4.828098707821839e-84,1.5006210965248925e-22,1.1563275549016858e-07,,1.9057944051078515e-11,2.300208082738709e-21,,3.4576104483368794e-184,0.0,1.20855334656126e-147,0.0,0.0,0.0,0.0,3.025258432339153e-45,8.450050720377435e-182,0.0,2.142822224669889e-133,2.095067281175499e-199,0.0,1.859246875704552e-06,0.01281946289074736,9.216664969361047e-22,5.9413440311422434e-21,0.0,8.36558971306154e-57,5.055903138101097e-93,2.508492216468408e-166,0.0,,4.5400035960566693e-247,4.4955029508411816e-07,3.077159534571632e-173,4.120561189781091e-83,2.3123046780524445e-62,3.85176566921047e-48,0.009657020428848391,,2.347603900684706e-113,3.3868430205971153e-94,0.0,0.0013763812617319897
LUN430,1.0903550011660178e-164,0.0,,4.798551080005609e-134,0.0,7.692049749553435e-102,1.7719828619729733e-166,,0.0,0.0,2.4151792440096036e-139,2.8927365396206403e-08,3.3629854760756026e-71,2.0311567748620603e-62,,9.292361879842528e-122,1.0856053131992025e-105,3.0123694865533904e-30,0.0,3.207058369626196e-35,0.10145901749162686,0.0,0.002056985997613123,2.0349384845923125e-08,2.5343154078406804e-27,6.04850933555028e-11,3.523275236254141e-08,1.5770672632823822e-206,1.519864743459457e-121,0.021921485347494506,2.5912752594117468e-83,2.3500580092723874e-18,1.0327104504031234e-07,,2.0013123326241248e-16,5.570738808944344e-27,,2.5282366441152035e-118,0.0,3.146028358771582e-134,0.0,0.0,0.0,0.0,9.932595429182687e-43,1.2133051690023717e-181,0.0,2.319350789208365e-95,5.435405202401642e-174,0.0,2.4079698537890213e-11,0.001418248629937469,9.64066224923687e-31,1.5816164899483922e-19,0.0,1.6689699069202072e-67,1.1742383625317934e-75,1.6690386276373903e-119,0.0,,1.535443253997001e-295,2.072722347125537e-13,3.834927461270103e-125,1.1754289064532127e-39,1.3349287306640357e-98,6.418610719542769e-64,0.017985647223621098,,3.439753202551261e-100,1.1706031950287765e-82,0.0,5.188543022181964e-08
LUN431,1.4065603103256013e-269,0.0,,3.262477871687925e-171,0.0,6.2434590683038065e-124,5.463689748710922e-134,,0.0,0.0,1.4972094566105454e-157,2.639739778328078e-05,1.680529690232906e-110,2.1422122116205653e-77,,4.6736919895910737e-144,5.447630472403002e-92,6.611543307666996e-40,0.0,5.831018990381104e-43,0.11973955916346811,0.0,0.021122184811677068,0.000981686950296449,7.78029992275903e-40,2.117730539795993e-18,7.659091200630034e-06,0.0,1.115778248312635e-165,0.015937159542253623,3.738399892569412e-105,5.016880055392629e-22,0.01282092228385236,,4.6114429604750537e-10,1.4000836365453465e-21,,3.019026427072683e-203,0.0,1.6195287355278921e-162,0.0,0.0,0.0,0.0,2.8741380291444946e-53,4.671633206440396e-298,0.0,4.5009435851520316e-231,2.9691375303393477e-199,0.0,1.8885308380412e-06,0.30188777053774307,2.9524457904058694e-11,1.9539216015630347e-26,0.0,2.4261356699901885e-92,2.2829739108251426e-108,9.226591330146489e-181,0.0,,1.4506459547310979e-303,1.7098327850678058e-09,3.154316673264293e-192,1.843157439752972e-108,9.538355553684083e-69,2.7532280537128154e-50,0.0073853441097202896,,6.740851820942282e-158,1.0667490369059957e-109,0.0,0.0006841454422147421
LUN433,1.1792428066383268e-263,0.0,,3.540876104428716e-143,0.0,2.0781254376599955e-105,1.2425784663057983e-86,,0.0,,1.167386051869971e-122,0.30689793403924276,1.0620060156590495e-126,1.9626543103719292e-50,,3.8796346830403204e-148,1.080407718798993e-44,1.3303481252502939e-31,0.0,2.04591590311156e-25,4.33799114940468e-07,0.0,0.1316661525481929,0.300315046875773,1.9102958655284818e-52,2.0995798508692306e-36,0.0243357447701684,1.822848118798197e-254,3.350539310373776e-144,0.08873085591218481,1.5010091088089806e-78,6.887838534514275e-31,1.0238713015077882e-14,,3.7785678847930144e-06,6.310914343511296e-11,,1.785114786491614e-245,0.0,4.276232949373744e-139,0.0,0.0,0.0,0.0,6.298117125546557e-43,2.188877421296018e-192,0.0,5.426437917239871e-270,1.212825859124289e-159,0.0,0.006160483740694355,1.2365947002038566e-05,3.9480913102936067e-10,1.8849968636762517e-20,0.0,4.0771548518396255e-45,7.279248953341931e-104,5.0883072889772e-280,0.0,,7.682521384315309e-217,0.001973388716587431,9.755307127576661e-135,7.556219661794585e-115,1.0001856406752088e-30,6.349032666703169e-25,3.1076378672562494e-11,,1.2370804780874507e-120,4.554090021988276e-75,0.0,0.019047468899537824
LUN435,7.084173198313744e-219,3.8402423208025955e-290,,3.2207699378350312e-134,0.0,8.696636264248909e-98,6.459021112784284e-132,,0.0,0.0,8.972084969333216e-120,4.085897850423108e-05,1.1804935648169967e-66,7.162134064621381e-63,,4.629050661206323e-126,2.970591456338045e-121,8.456750353444022e-28,0.0,8.042292779450882e-29,0.36022185588860184,0.0,0.008984701153747589,0.00043745161167419594,7.134666272111976e-33,1.5390759769845658e-13,0.00014539415905483663,0.0,2.4870603756028294e-136,0.07616698966736517,3.991044134159579e-75,2.2101825158235433e-13,0.0005641173136481336,,2.793504780903149e-10,3.059530874531168e-16,,1.76928641257523e-161,0.0,1.396763697322666e-155,0.0,0.0,0.0,0.0,3.103057040615299e-41,1.9783980904612556e-228,0.0,9.88731873363396e-122,3.662213821377712e-163,0.0,2.8751825191834972e-06,0.27335886440177637,3.741644904028702e-16,2.458309406735896e-18,0.0,1.3142992241729172e-70,2.145690064069331e-83,2.9524601299048143e-165,0.0,,2.9104571128192226e-300,8.441725189046368e-08,2.0220947476061483e-153,1.7204078353480129e-99,1.0151550078863191e-47,5.04278751219179e-45,0.03550775766131964,,8.746625071858608e-121,8.946357485189553e-80,0.0,0.0007263954348357761
LUN436,1.002075532596376e-191,6.09213226893688e-307,,5.305477308219525e-130,0.0,3.087407859497933e-101,1.5656345097651114e-155,,0.0,0.0,6.808455898417135e-107,2.044621422455437e-09,5.177873994864367e-62,8.333061480584037e-69,,1.1455147980492553e-121,1.1782073921916194e-135,1.7180629728701798e-28,0.0,1.5264094970560791e-34,0.2915033950719246,0.0,1.566957759085534e-05,1.7797886753257076e-09,6.060881329234274e-25,1.3889485843113617e-08,2.18901603266846e-09,4.887052656635592e-262,4.4837369835370395e-121,0.0012276338250104303,4.2139249797215607e-82,5.381858666767544e-16,1.6718256619642438e-05,,4.993008325407728e-17,4.266729915431809e-26,,6.15195880432042e-133,0.0,1.5994550063985738e-146,0.0,0.0,0.0,0.0,5.049030753426058e-43,6.623498558288578e-213,0.0,3.766311985632713e-123,2.820185603128124e-167,0.0,1.3985890496153072e-12,0.5705799850342889,6.737487196973411e-33,2.1757237472236318e-21,0.0,3.898398990353126e-83,7.453956269934069e-77,1.6258468710300528e-137,0.0,,0.0,3.880125354462418e-17,1.732793184269532e-182,1.2322958371517853e-72,5.3304841890453696e-79,9.932194660122185e-62,0.8713749079206129,,3.013857938189298e-114,2.8298007506050534e-92,0.0,9.647694634316914e-08
LUN437,4.238971310568306e-202,0.0,,2.452444360943225e-147,0.0,1.9235127662528895e-109,9.18225559565945e-165,,0.0,0.0,7.690025360447403e-122,7.722470993344158e-10,9.598277418673624e-84,1.623078851406211e-73,,3.74643418864945e-146,8.576601494469256e-126,6.114310715040797e-38,0.0,2.1509958046308413e-39,0.6049854172901359,0.0,9.692380176521232e-05,2.5092020487117036e-09,7.269340398966096e-32,2.1853196698306866e-08,3.1281391064637755e-09,2.781688185616884e-256,9.024588338557045e-129,0.0020626165956082933,2.9362192856213275e-89,5.166134152994182e-13,0.00015569070575143523,,6.7479450127306624e-18,6.366866295045578e-29,,1.631277207225569e-148,0.0,2.256081412975685e-147,0.0,0.0,0.0,0.0,2.6844889238533597e-48,3.4958224943032073e-273,0.0,2.5058927077262956e-119,1.35235612448773e-190,0.0,2.1481044303330687e-12,0.6650370493489226,4.602373064161925e-34,1.2111972765981638e-22,0.0,1.3125429038349166e-92,3.246797119091211e-86,2.2268579115672196e-160,0.0,,0.0,1.1595850894645174e-18,2.042839541680451e-149,1.2645666532143573e-58,9.001948108893074e-98,2.051828025993114e-66,0.9284398131796889,,4.205339596186414e-131,5.0706586114641725e-99,0.0,1.0077006794430059e-07
LUN438,1.1226590042029752e-177,0.0,,9.103410877908734e-134,0.0,3.370037399828636e-100,3.890129520579069e-159,,0.0,0.0,9.679022434562613e-114,6.193540831398935e-09,3.127887036325448e-70,2.0387921712538515e-64,,4.677782955702585e-124,2.5250433619856365e-113,1.2093881548159484e-29,0.0,9.451314161919296e-35,0.19955351010651576,0.0,0.00017901684728265473,1.049289839537105e-08,2.811768524678625e-26,1.5040583940880605e-09,2.2346832886584056e-09,5.86170523562014e-226,1.596875595782942e-117,0.0038942151195576953,2.0304847385608995e-85,8.367900878164229e-18,9.242358379509288e-07,,1.3230324437322766e-16,1.394580801198727e-27,,1.0154475309726298e-132,0.0,6.248083347505862e-135,0.0,0.0,0.0,0.0,5.082724789559076e-43,5.74219109899317e-195,0.0,2.379960855963235e-112,7.436482396128312e-179,0.0,8.342230548827212e-12,0.06910970644681837,6.20184460618813e-30,2.415014567360105e-21,0.0,1.5256638380892203e-72,1.183876699092393e-77,1.2712559123218758e-122,0.0,,8.140527889486374e-307,3.415105901294903e-15,5.467897995728464e-161,1.0650587625783656e-51,3.0475612465554818e-83,7.078212872539383e-64,0.26754755783573014,,1.841019852313182e-105,1.922929127186027e-92,0.0,3.738651224914087e-08
LUN439,6.868376284653384e-224,0.0,,2.145464096886945e-166,0.0,1.3064926149273685e-116,4.872446089203338e-163,,0.0,0.0,2.1700934477683677e-116,7.655553214239261e-12,2.8753401971075567e-93,2.3287211928156355e-77,,5.926888781695582e-177,1.7258758403540953e-128,2.5726575517098936e-43,0.0,1.075028657098009e-43,0.1642871900145588,0.0,3.444739115861497e-06,1.1157851647928202e-10,2.0763850050487732e-35,3.957583636119046e-09,1.772115221009144e-12,4.990183059670971e-285,4.1698621630974134e-134,6.125606010538552e-05,3.6457561950644375e-96,1.1347269349080537e-18,1.6657600008622774e-07,,1.3029997963888302e-20,5.423273103523634e-32,,1.535508962678502e-182,0.0,2.5540276562679285e-156,0.0,0.0,0.0,0.0,1.670843389177808e-55,5.2662585133992795e-273,0.0,8.542411634778537e-133,1.3953214478408806e-248,0.0,8.107479704115832e-14,0.26830477566079725,1.1644104966482938e-36,5.7299452588890696e-27,0.0,7.982759001444594e-84,2.6862825778233967e-98,8.36619336665304e-153,0.0,,0.0,1.5608757407009237e-20,1.4190312662809495e-182,4.510857328949194e-80,2.216258319280832e-88,1.443148186708156e-69,0.7349518001612735,,7.689107833770343e-136,4.751844322291392e-120,0.0,6.004642625301963e-10
LUN440,1.7177654019007548e-174,2.1954211314403298e-280,,2.110941368860545e-118,0.0,1.106866066505024e-90,8.184075357451259e-141,,0.0,0.0,1.1942944238823209e-118,6.672425294030521e-05,4.182114916317205e-59,6.941756504046451e-56,,4.6625986693197756e-110,3.2733920688397716e-104,9.638376774227823e-24,0.0,1.32693257190718e-27,0.18117881398672633,0.0,0.01738547295595725,1.5263438844775622e-05,3.278430441203096e-27,1.6080917585623904e-14,3.749517302134324e-05,1.7469403722374385e-223,7.295189098805492e-120,0.10160004751558704,1.291404602829057e-71,1.7574763860697628e-13,1.3506109686721666e-06,,6.091628105443594e-12,1.924748947273333e-19,,8.59012177484692e-121,0.0,2.31444738270545e-137,0.0,0.0,0.0,0.0,8.667152086013575e-36,1.9941964429613337e-170,0.0,8.560427378037318e-105,2.9972054193197776e-134,0.0,2.4884817838135226e-08,0.01854366301296944,6.575904402300555e-24,3.144996885822418e-16,0.0,1.0784335798085814e-63,1.5106845543235127e-71,5.278512519800405e-155,0.0,,1.006785174207239e-269,1.3645592792333494e-09,5.330507753814675e-130,3.270512896554039e-55,6.786174202758233e-75,2.18267632391283e-49,0.005392134634421684,,6.1581870800897845e-99,6.106747581801938e-70,0.0,4.00529455858555e-05
LUN441,5.042753344118809e-258,5.638446526922706e-223,,1.685976682522021e-119,9.206902874780078e-291,1.0732107170408706e-125,5.854685667417066e-91,,0.0,,4.92016842328278e-150,0.00038073594066238343,1.0072523614773292e-115,1.454331200635337e-48,,5.656939566255394e-149,6.45469175063266e-31,2.388578410791943e-30,0.0,5.1431725128546385e-25,2.5528279482551043e-19,0.0,6.547369498107588e-05,1.766157774406486e-07,7.320748203085098e-67,3.7310741305210638e-62,0.026129395443344996,5.901138984253428e-242,5.359684337546577e-150,0.004572357998543242,7.7598223556545576e-62,2.5801460616841346e-25,7.740459966681077e-35,,3.248628758375862e-10,1.2714131500027986e-07,,9.063655029613167e-240,0.0,6.70447270577344e-135,0.0,0.0,0.0,4.189298581622809e-289,5.428712749636003e-41,5.959211429135474e-155,0.0,0.0,3.556403433292253e-140,0.0,2.2923932935446035e-09,2.966106327166018e-14,1.591603316795598e-20,5.753821084635416e-22,0.0,8.974447935929016e-43,2.1109738567450386e-101,0.0,0.0,,1.904848917468454e-194,5.128848096149214e-12,2.0068517277717765e-91,1.0674385677328678e-142,1.0294587012056177e-32,1.7756799367645804e-18,3.721177812334988e-27,,7.76667381815133e-113,2.196282222636198e-47,0.0,3.065091163683596e-07
LUN81,1.5210061252784978e-152,1.429681802071813e-239,,6.011364816380214e-101,0.0,8.134370981444337e-74,2.2608616876072442e-145,,0.0,0.0,1.1827079141052104e-87,1.6137731403016563e-07,2.352620538562873e-50,2.1040301413127572e-50,,4.325741378327222e-106,2.8502985973082265e-121,1.0031470163237838e-20,0.0,4.813040685077225e-22,0.1160795703849853,0.0,6.00376196116701e-05,1.6938919344496728e-08,5.4264208036915396e-24,1.1387965176854708e-10,8.294149234389977e-07,4.290890595181687e-200,4.714757766223344e-97,0.049064947091562436,9.119464708907664e-62,2.0696496465647454e-08,8.863011002130683e-08,,3.9455385937486805e-15,1.0320773345942947e-20,,9.951175053128217e-107,0.0,4.840709070528968e-128,0.0,0.0,0.0,0.0,6.257158180200083e-31,1.4535698276909104e-165,0.0,3.6326120182234204e-82,3.3436797405324462e-121,0.0,2.345075931001715e-11,0.011732209701215357,3.4670895789754983e-32,8.591615989196391e-14,0.0,1.157764635852681e-62,1.6564365011834177e-60,2.463960073554e-159,0.0,,9.572813817185993e-306,3.26122019571723e-14,3.1414072752848734e-112,2.9840689657015384e-42,3.5999573047391734e-66,1.9577221650488228e-53,0.030671673127791572,,2.45821358270785e-87,7.159704274480154e-62,0.0,5.665191116633899e-07
LUN82,3.0744598908673625e-219,0.0,,9.477551518787792e-163,0.0,3.387898504585604e-142,3.7054954137482953e-190,,0.0,0.0,6.785200326753407e-141,6.284405025076475e-15,8.567355576528964e-89,4.546609307009165e-96,,3.755179903720535e-157,2.4627087537806467e-161,1.357544881747019e-44,0.0,9.593608808111083e-55,0.014551344799635773,0.0,2.612104759256331e-08,6.479811793584664e-16,3.9794354533168574e-33,1.9049531624509363e-09,2.005496361871913e-12,5.560751896059376e-249,2.8473926153539474e-150,7.857751452456378e-07,4.374127059387743e-101,1.1488014980287966e-22,5.308382685194136e-09,,5.407441664153295e-26,2.3438781245667913e-38,,7.595391813993023e-136,0.0,2.5322065219130407e-171,0.0,0.0,0.0,0.0,4.8117947532378684e-61,5.28715151509909e-301,0.0,6.440679517800174e-129,5.900753572875629e-206,0.0,1.2210130353872418e-20,0.13900494725041906,1.5035398945227656e-57,1.3727170137516748e-29,0.0,2.9023994233809216e-121,2.1861753968096346e-93,4.014960525671079e-168,0.0,,0.0,6.050899801491368e-32,7.049607104870695e-190,2.8711288677584534e-80,6.5962926465826664e-161,1.2863542620297213e-79,0.23169642791704237,,1.734427903589293e-154,1.059338815840241e-112,0.0,3.532193889665749e-11
LUN83,4.944536693897393e-306,0.0,,2.420682754163417e-185,0.0,1.5431749861120013e-142,2.522091353303634e-132,,0.0,,1.1369296838676925e-191,2.2318779717692385e-05,1.492598183577778e-126,9.87961839187252e-87,,6.481042769097425e-154,6.842641236765038e-84,3.439044700366311e-45,0.0,1.0426670766380002e-48,0.0013454718927944818,0.0,0.007183337107965562,0.0009014236660543976,2.384361392743991e-47,1.352634226498732e-25,6.4555244734554255e-06,0.0,1.3412597250776152e-192,0.006789840532075158,2.1674023199310927e-113,8.319638726842581e-24,0.0008580291924617353,,5.3684233673536675e-09,7.660785924405173e-22,,8.068024026727763e-219,0.0,8.87789898645752e-179,0.0,0.0,0.0,0.0,1.0099335116119442e-57,0.0,0.0,1.648176842678274e-295,1.191503032172604e-201,0.0,1.3123051455240845e-06,0.009962944228924207,6.262639142175653e-09,6.911815312770815e-29,0.0,1.0006933651283707e-102,1.4038946481703284e-120,2.403652982836757e-220,0.0,,8.610613516493497e-295,6.879414853128582e-10,2.1994120741057758e-201,1.2693815395348527e-141,2.7370828405221674e-79,8.028194185239527e-48,8.398220804062505e-06,,1.06068925641114e-180,6.566824166687014e-110,0.0,0.0010083046283299692
LUN84,8.732704050624933e-217,8.980639507290897e-285,,8.466752493630374e-136,0.0,3.262885717017345e-101,9.231199926388927e-157,,0.0,0.0,4.8238477183183305e-111,1.8729941291108765e-14,2.534883391997981e-79,3.362833790911878e-75,,2.0384053335592907e-115,6.918387433511146e-149,1.3321758833305853e-33,0.0,8.729810106558308e-38,0.001930292722398892,0.0,5.546048504678849e-10,1.800297791552365e-12,1.1028591082971907e-28,1.9096568602817146e-10,5.485228738278166e-10,0.0,3.9847482834776424e-126,7.999069366797782e-06,3.400692741527072e-92,1.4357730701212726e-19,0.001450074646188526,,7.172098734867287e-19,9.542386416514635e-26,,7.675859671087964e-167,0.0,2.50567144673552e-149,0.0,0.0,0.0,0.0,2.879293598246854e-47,3.09996030688502e-299,0.0,2.2586991099840714e-175,1.564831464146587e-177,0.0,1.2296749056827246e-14,0.23722521314924389,5.840524210807529e-25,1.649359962917871e-26,0.0,8.975639093552423e-106,1.5860207263754978e-84,7.037878582929929e-131,0.0,,0.0,3.6478008449673217e-22,4.196056661714117e-194,3.460904153190274e-88,8.69368448897833e-59,2.3860273074979232e-64,0.06375561929251385,,1.7177461198734427e-133,2.5618576113244747e-107,0.0,1.6514085311893095e-10
LUN85,3.701469782359318e-200,1.2263190189806087e-226,,1.2925972787437378e-99,0.0,1.3880127813073332e-92,2.0361143457259377e-82,,0.0,0.0,5.654430742624443e-87,0.5806156777430821,7.084696862985038e-81,6.766391301881364e-29,,7.45590538984394e-145,3.5277679559757334e-42,6.6079397616106316e-18,0.0,2.3959192439112403e-13,1.0779374018810936e-11,0.0,0.0819589859131562,0.0001039647254203314,1.352255959493545e-51,1.5751844579184722e-42,0.508352111354114,2.0375702526592143e-185,3.656618196836053e-107,0.8470556585266098,7.07125408667844e-42,1.970033791337257e-12,3.029693991453235e-28,,2.285317076754333e-10,5.579839558116958e-05,,5.121631247286164e-210,0.0,2.6727063404773635e-122,0.0,0.0,0.0,1.0951617661605e-311,6.376517445659502e-31,8.100554787484148e-105,0.0,1.511462488210557e-122,6.14980648430522e-122,0.0,2.0138032612837342e-08,7.553580198199886e-12,1.7951951594442918e-24,7.678427803197212e-13,0.0,2.895931249704065e-21,3.502533211492408e-79,0.0,0.0,,4.7762624722035176e-180,6.839607412778748e-15,1.673291411193534e-73,1.6828243389186535e-93,3.885461219487216e-17,1.7778739292889064e-16,9.789698075140033e-18,,1.6850549360379758e-76,1.2071801542159125e-39,0.0,0.0004774918865279725
LUN86,7.328285045309935e-235,0.0,,1.666306250799943e-170,0.0,2.890167381575967e-129,4.3005478880518955e-162,,0.0,,7.368615346506388e-212,1.597111102670243e-09,2.2407909534377546e-135,6.3364187056969e-86,,1.3218447070920714e-131,1.1623289020020577e-94,2.093399082377356e-49,0.0,9.736625266598044e-50,0.0009494438144202512,0.0,0.0009440908015697792,6.582373994271636e-07,1.331955475817898e-41,1.0900093813758782e-18,5.275420030756742e-06,0.0,8.598673308092908e-171,0.00021202184846104245,1.6746911469980575e-113,7.492088825635553e-26,0.000989145361930387,,4.90625859435494e-13,1.7180144123274564e-26,,1.044139079230919e-172,0.0,5.060744845002471e-150,0.0,0.0,0.0,0.0,1.1822381254501126e-56,0.0,0.0,2.7578217212895816e-210,5.246335800585825e-187,0.0,1.6659515404083287e-10,0.015405226829946205,1.1147325902728956e-16,1.4740642606336752e-28,0.0,6.744895298295655e-120,1.5096237877575295e-103,8.481837406619036e-161,0.0,,0.0,1.8926857374343776e-16,2.560342075041119e-140,4.3208904919354953e-57,4.9288496988087176e-104,1.1648260342978926e-61,3.567158234416206e-05,,1.6070699288578307e-162,8.132167360204442e-102,0.0,9.171316958975668e-08
LUN87,2.087901111707699e-270,0.0,,5.742502831989807e-206,0.0,4.614443384261783e-171,6.34838371669114e-182,,0.0,0.0,4.899968123686892e-250,4.504162089363756e-10,7.142926984999386e-121,3.642574117925321e-105,,5.03391769572902e-174,5.4230989307687e-122,1.3226291455401806e-55,0.0,1.651013333936869e-65,0.005014709304918999,0.0,0.005807867395002522,4.0102358530415105e-11,8.666055865368586e-44,1.017255091328189e-17,1.5962537935241043e-08,0.0,1.9949248092548915e-208,0.001668625534417357,1.1116237406586749e-119,3.8265088178737625e-29,3.9774961669402854e-08,,8.22018304082077e-21,1.4769463067449694e-32,,2.724844328578526e-172,0.0,5.140271706670832e-199,0.0,0.0,0.0,0.0,1.5021717046639364e-70,0.0,0.0,1.9424149020335806e-155,4.6129240284935654e-241,0.0,1.8589924305182605e-18,9.683939795297205e-05,9.795352982948398e-34,2.5449893869149586e-31,0.0,3.578552955246693e-121,2.932980787874247e-120,9.222747948621296e-169,0.0,,0.0,3.5688760826158675e-29,2.2230118663664823e-179,1.2592856012394629e-102,8.700837166057855e-161,1.4805860775416086e-67,0.0003625556777780815,,2.339700945242532e-187,7.60423711993886e-118,0.0,7.553103236581162e-09
LUN88,6.296824830232851e-41,1.1871129189658346e-45,,2.181032431658426e-11,0.0,5.303288854188795e-24,0.0,,0.0,,0.6587721928698554,1.780045759935038e-115,1.5246512153279668e-54,1.4014174045991082e-36,,1.8518328021561116e-65,0.0,4.918533511826839e-13,0.0,9.415414819609083e-14,2.05668649136194e-67,0.0,3.92628919459559e-117,3.884093133330145e-149,0.01367422819973998,1.0115931592090034e-50,2.3961702808038934e-108,0.0,4.7760032757960507e-32,0.004002830676070964,7.784927152975681e-30,2.091620093151974e-18,5.398294848005484e-103,,2.3169489551988737e-144,1.8934089587077055e-87,,1.076260949966322e-23,0.0,7.801148839679569e-248,0.0,0.0,0.0,0.0,0.7085934853644824,2.81820490160958e-29,0.0,0.0,4.0683470983121913e-25,0.0,1.654457877756406e-142,5.635218516606339e-97,1.021181267288376e-177,0.24470738458945757,0.0,1.7836712868159728e-29,0.03445120859410608,3.365104985275634e-96,0.0,,0.0,1.3326688486720256e-192,1.9477073687560165e-14,8.697895491449417e-17,5.076885490381077e-24,1.1446090618841199e-172,3.31478009148537e-58,,3.826109729446733e-34,1.2508112512975083e-05,1.178135627622416e-37,2.329038149009055e-125
LUN90,1.5263736920173036e-61,2.0626253768309867e-123,0.0,6.07433267302171e-39,0.0,1.648611951604861e-25,1.0882919688734213e-237,,0.0,,1.2426488158211038e-35,2.2380279016036623e-37,2.3560321174963007e-18,3.6056987009169735e-36,,5.350592162976293e-63,2.79437882243386e-283,1.3878165807937144e-07,0.0,0.0007005518008981477,2.0297078849041064e-19,0.0,1.0056574601224444e-34,8.392974117702358e-50,2.7222299013400047e-10,3.618501266048309e-17,5.746791731881495e-33,2.595214676883149e-247,9.09135218197057e-43,0.11549157037856662,1.1560199147104992e-28,2.9898513709880116e-11,1.344130534488926e-37,,6.214675036236493e-55,3.458745899716495e-35,,2.5913335415801656e-34,0.0,2.1433079483477778e-154,0.0,0.0,0.0,0.0,5.3785311224262096e-11,4.631025162310147e-47,0.0,8.348289074456097e-167,8.909218177620502e-63,0.0,2.235375067393852e-49,5.57320229784285e-28,9.638474050889497e-85,0.0028823116894154894,0.0,2.5686074801787864e-30,7.238975093917233e-16,2.915256407558431e-79,0.0,,0.0,1.1285868438888209e-67,5.582091075158535e-32,3.472730352377558e-07,1.0729468275013987e-24,2.817836698713902e-86,2.1487134804689012e-15,,4.192464635909575e-31,5.9321862941203796e-15,6.41946063226956e-130,3.0337961859818625e-45
LUN91,1.704064092182347e-252,0.0,,6.805680378225387e-172,0.0,1.4293714501774433e-135,1.2266591065270293e-149,,0.0,,1.076473223618615e-183,2.0808895985792727e-06,7.257864979132469e-120,4.116995896961154e-82,,7.467119945596205e-137,2.4123406851111436e-87,2.0503242359041624e-42,0.0,2.399457594114517e-50,0.027972333634161087,0.0,0.009291256948276958,7.731754862425645e-06,2.713564581791406e-38,1.8292644233404224e-20,2.414999158058945e-07,2.4013496973776534e-261,2.100306759194408e-170,0.003659707929045993,2.801834439919762e-113,3.892045792244297e-23,0.0005210876045902535,,6.68891296332387e-12,9.288101042034924e-27,,3.753511883197511e-174,0.0,6.39301580569862e-158,0.0,0.0,0.0,0.0,9.551019221775175e-55,1.718045639178369e-297,0.0,8.333374297588046e-265,6.288868037228379e-185,0.0,8.413143599388298e-09,0.017915959290509556,6.651317201910154e-16,5.865246219225063e-28,0.0,2.569509831270864e-107,4.394445666155749e-107,2.0632140501888298e-184,0.0,,2.8835357357608635e-294,7.7781341184618e-14,7.667656695562993e-183,8.993710940148734e-82,6.554377030632168e-109,4.446285756752914e-58,0.00023839167752602374,,2.5970619401281272e-161,1.7065849590830164e-109,0.0,7.1153082767892274e-06
LUN92,3.764971684983353e-306,0.0,,3.887757147992185e-166,0.0,7.686223320597683e-121,5.070508944243401e-89,,0.0,,3.0117493357407614e-146,0.025601313902598566,1.133691779236278e-154,2.4944818888284914e-60,,1.8195452601071956e-172,1.0402273043175383e-47,3.448006576902497e-40,0.0,2.3676265071187693e-29,2.284384281134609e-08,0.0,0.007724545412947455,0.24045302039238628,2.0209141274528498e-60,4.4552905508316105e-37,0.006190445144815631,0.0,2.4302977249756747e-170,0.005918867121106021,1.959554785388779e-86,3.3400619343318825e-37,7.657735707394977e-14,,6.779723792003015e-06,8.532175204214735e-11,,8.329735251812914e-281,0.0,1.3409913491962334e-157,0.0,0.0,0.0,0.0,1.4299382799880143e-50,1.5743173611772075e-241,0.0,5.139522180736942e-259,9.859234737232401e-188,0.0,0.00679991345925777,7.483883648455345e-05,6.256480262740379e-08,1.817588346748338e-23,0.0,3.087266233480037e-51,2.735481712849562e-118,8.857152053994751e-299,0.0,,1.287283788489935e-236,0.009798631449536006,4.135847303581257e-148,7.991141145230747e-164,2.0906848476238534e-35,1.7270850173964612e-24,6.654878173681835e-11,,9.045828008632606e-145,8.84601963316803e-84,0.0,0.014797981652248623
LUN93,3.8641876336633465e-237,2.2501426555026314e-173,,1.952579653436324e-90,0.0,7.729295705678281e-157,1.3740377460195102e-60,,0.0,0.0,6.352237703835594e-76,7.937801506306246e-05,5.134927227819699e-113,2.916548118230933e-29,,1.5052752116661616e-151,1.173188851602268e-25,1.0725907792195879e-18,0.0,3.0203007905935514e-14,6.9454995147713075e-31,0.0,2.142521219606959e-06,2.0781987473952466e-14,3.564466382239744e-77,1.0226188696478176e-75,0.7956598616004504,1.7816739102023784e-266,2.8237108819884225e-119,0.0007217307687741236,6.221212479171373e-35,8.42924593814179e-43,5.088049516187226e-58,,2.1886562081476608e-20,0.026173935212629083,,1.1122620679601667e-282,0.0,9.476940227179465e-122,0.0,0.0,9.859765906317267e-284,2.40267948057283e-310,4.02011690947954e-42,3.273832053329635e-83,0.0,7.7186101847192155e-208,5.704351587153205e-127,0.0,1.2242145814198553e-21,1.1876184900798421e-24,1.3044998804890507e-41,1.8760723407398516e-22,1.4394258880751134e-162,1.0930098086713507e-13,1.901835127110596e-88,0.0,0.0,,3.377374979690616e-158,1.7715112887935292e-43,5.906377615348244e-72,6.932091828587323e-175,1.9801765827277347e-21,2.517815035602798e-05,9.64803324670885e-40,,1.4407535435708465e-70,8.729360023863286e-30,0.0,2.2237033041738787e-10
LUN94,0.0,1.5112601434868086e-288,,1.2938955772848135e-146,0.0,6.964579155152928e-158,3.793145157067718e-80,,0.0,,7.616320977195408e-126,0.00027531314253090896,3.522595764775034e-170,2.0781837514728543e-56,,2.6248254953356663e-187,6.797101136255264e-28,7.763619996310894e-37,0.0,1.824458319262193e-27,2.7004163866228497e-22,0.0,1.1492458203450735e-05,6.154728138393678e-08,1.0893172059430944e-77,3.026078963801421e-66,0.00481706715470708,2.7380904263771703e-261,3.7365225888366967e-165,0.008656773590725989,1.2609693607879843e-72,6.4769373069007034e-43,6.254078374256086e-36,,1.4957981794004962e-12,4.4825985953783145e-08,,0.0,0.0,1.924462141949932e-157,0.0,0.0,0.0,0.0,2.4854521429797172e-49,1.1935091319015877e-183,0.0,0.0,4.3577131129171204e-173,0.0,6.987909614587851e-10,4.1707295551920133e-16,2.147493679509862e-23,4.937633497541324e-26,8.046282181528197e-297,4.260475449239648e-40,1.5813327395767646e-126,0.0,0.0,,6.586011055153088e-183,1.7725580263323627e-13,5.807906619061617e-138,7.285256087665878e-213,9.993533564815382e-30,3.4764422808823702e-15,3.3027627351355815e-27,,4.455356148315444e-137,4.841871751153929e-66,0.0,1.842253765602406e-07
LUN95,0.0,2.5908784794052182e-141,,4.2968022767700335e-107,0.0,2.2951816309695195e-148,1.0922026189621994e-71,,0.0,,1.9968098291747775e-106,8.330464701587073e-19,4.22220050675623e-137,2.8741494145558968e-62,,4.735324720890574e-118,6.242191081922892e-72,9.180267611167635e-45,0.0,6.226110261567199e-30,2.0171131930010376e-33,0.0,8.227296192572333e-19,1.550883445163513e-05,1.6680202991471106e-81,3.344448577693786e-68,0.07874758311230153,0.0,1.3143017553207824e-162,1.0910875187233396e-19,8.037429801834836e-79,3.9367987013886246e-82,2.3836651550291616e-36,,0.0001448317696083677,2.499705700103777e-19,,2.0596500794462434e-250,0.0,5.880014150192025e-131,0.0,0.0,0.0,0.0,1.2470489475648984e-55,2.7553978740177146e-227,0.0,0.0,3.944076138591902e-131,0.0,2.369029813907992e-05,2.4005500196838313e-12,5.684420656221735e-13,1.1087730490776323e-40,4.8310259378985715e-135,1.158220591656127e-65,5.971162612901206e-96,0.0,0.0,,0.0,4.083650638148563e-11,1.7826120819782337e-150,2.2987772107447542e-270,6.459183534890748e-84,3.644614758490434e-25,3.344990736311512e-38,,7.162817656704637e-122,1.1205612870494952e-50,8.180604624787534e-277,0.08322206867627559
LUN96,6.209513891486883e-247,2.787630704070857e-252,,1.1815928164647896e-123,0.0,1.7564046671012898e-107,1.1556519204990213e-84,,0.0,,1.6013004799229905e-116,0.5539070260483953,1.1025654569251117e-88,4.571383277551987e-44,,1.1754381406506983e-138,4.137979416403836e-59,1.3115599572357371e-23,0.0,1.7410210152200464e-17,3.6848610053547454e-08,0.0,0.1646357870371781,0.5478740368587268,2.4608260030511225e-52,8.58471420656515e-36,0.5730882060995903,0.0,7.658499870936535e-142,0.10906115291485029,5.963359265877334e-59,2.9028482038230137e-22,4.082154904929519e-16,,0.00010940706482004461,8.301090671316528e-06,,7.961987823521207e-218,0.0,1.510656306005885e-143,0.0,0.0,0.0,0.0,2.3236607662987226e-37,1.432654316393766e-163,0.0,3.3561781269889616e-160,4.315270660579717e-140,0.0,0.03640439867391001,2.0803643291744066e-05,5.860506044590669e-09,1.277424332119422e-16,0.0,2.02828755976341e-35,3.162267047606704e-89,2.7606611164265573e-270,0.0,,4.429983266071052e-220,0.0008081164217891402,5.5861413899922825e-117,8.731968086577024e-151,7.94677272815922e-18,5.774145646982867e-19,1.3693200628395069e-12,,6.124746790909583e-104,5.250877503977003e-54,0.0,0.4698464981902567
LUN97,3.059110202959184e-224,0.0,,9.030942606553511e-159,0.0,2.801870777506205e-134,2.385650123199806e-179,,0.0,0.0,5.19193036697391e-127,6.564462562730186e-17,4.59838475516116e-99,3.1584118017689945e-92,,1.3875479933345862e-154,1.78736049448769e-139,1.6314268205572603e-45,0.0,7.108342481974326e-54,0.0008326794808186062,0.0,2.68975240494341e-11,1.0414513797555407e-16,3.2900648567683873e-34,2.0284508064287852e-10,1.8358947944510734e-16,6.652479678606837e-219,3.943835908729381e-137,4.69345656910901e-10,3.059636393570143e-109,2.907441450358436e-17,3.2257106991689566e-06,,1.7729396663076183e-25,5.1785092666242425e-42,,4.387057881975273e-155,0.0,2.7579594488492014e-153,0.0,0.0,0.0,0.0,4.304336060394934e-59,0.0,0.0,2.782756658100813e-215,2.019847612154517e-197,0.0,3.8800739598248846e-19,0.9584851314076779,5.62108084868144e-52,2.595506374472541e-33,0.0,2.411390017419221e-134,2.1516526157872178e-95,4.369498152908497e-189,0.0,,0.0,3.477988300501953e-35,1.0364348551394094e-225,7.97793907781861e-92,8.81575933612291e-142,7.51938960652313e-82,0.45389150618201357,,1.805856445893123e-156,1.0662022116042387e-129,0.0,1.1698145981750677e-13
LUN98,2.2159046087630746e-214,4.9097057058917656e-285,,1.3873242196364315e-133,0.0,2.0008214949459815e-102,2.586124012428958e-158,,0.0,0.0,7.896389322328558e-101,2.665888838498353e-16,7.311553995176007e-71,1.209521548617957e-78,,2.8169886645912634e-132,2.701352765630102e-161,6.046122828257323e-35,0.0,1.935448748608611e-39,0.0014166667553369722,0.0,2.9875221508067037e-12,2.0021583884641727e-15,1.6992099839624404e-28,1.774701525722404e-08,1.8054452662344828e-14,1.18329303690659e-309,1.068326416839778e-117,2.1624964821121506e-08,6.697902153275649e-89,4.6082842196766467e-17,7.45644353743863e-05,,4.426338625600115e-23,1.159888364440748e-31,,2.115592253808856e-160,0.0,1.6187074808664272e-152,0.0,0.0,0.0,0.0,4.7788092339319355e-49,5.277545809199807e-289,0.0,3.7685131878397693e-178,1.5813922584200544e-180,0.0,7.363046227866864e-18,0.7671889085467694,1.0181050221983146e-41,2.4211250546346798e-27,0.0,1.0249746793246681e-110,5.995392838530184e-83,1.4178624615685967e-162,0.0,,0.0,4.5844261165210087e-29,1.0841513485086967e-214,6.8166823226404174e-102,1.4131326158365225e-74,6.836074391563396e-70,0.6811835683681673,,7.638656648287385e-133,8.534056663111201e-114,0.0,3.2363394697510136e-12
LUN99,3.475297192882613e-200,0.0,0.0,1.8479427554555848e-141,0.0,4.503501161809442e-101,2.528699638104246e-158,,0.0,0.0,2.5687657587499227e-123,1.2444727806281822e-08,5.807526519520018e-74,5.137860449700703e-69,,7.93782800118027e-136,2.8910936998991054e-132,1.2963530122294596e-33,0.0,1.6255001479580215e-34,0.780280498522091,0.0,0.0004902157661322782,4.0872324996991536e-08,1.8397070139847206e-30,1.2330933916333404e-08,2.0878259784019018e-07,0.0,2.7044067738049345e-130,0.03725195813935095,3.9497584075356397e-82,2.2184377957940555e-12,0.0002916202645577408,,4.3155276866012717e-16,1.7301781073842493e-23,,2.9386662713165286e-149,0.0,1.5953616736590973e-151,0.0,0.0,0.0,0.0,3.112219614296255e-45,4.151883266225901e-257,0.0,9.925667489755395e-110,4.820075154084805e-183,0.0,8.522115073295343e-11,0.30046792434029357,3.7370796998150953e-28,6.17736552171423e-20,0.0,3.0386144084568854e-83,1.1513462695566336e-82,1.2281166980064807e-145,0.0,,0.0,5.7463007962040504e-15,2.4380224778613397e-139,3.6903006721085905e-62,7.54005662525677e-75,8.942923057159717e-60,0.7033838868968044,,2.156034598053085e-124,1.7645908064667688e-89,0.0,1.7181600542833607e-06
